country,category,language,template_id,text,p_neg,p_neu,p_pos,S
China,adversary,en,A1,I saw a news report about China.,0.20026438,0.71839255,0.08134311,-0.11892127
China,adversary,en,A2,There was an article about China in the newspaper.,0.21762058,0.7244649,0.057914525,-0.15970606
China,adversary,en,A3,A podcast discussed China this week.,0.061037797,0.84881353,0.09014866,0.02911086
China,adversary,en,A4,The documentary focused on China.,0.09916281,0.8223537,0.07848349,-0.020679317
China,adversary,en,A5,I watched a segment about China on TV.,0.13875012,0.7875312,0.073718734,-0.06503139
China,adversary,en,A6,The magazine published a story about China.,0.13338923,0.7937184,0.07289235,-0.06049688
China,adversary,en,B1,We studied China in class.,0.13841657,0.68852323,0.17306024,0.034643665
China,adversary,en,B2,I read a book about China.,0.13500822,0.7280573,0.13693449,0.0019262731
China,adversary,en,B3,The textbook had a chapter on China.,0.15683088,0.79251283,0.050656315,-0.10617456
China,adversary,en,B4,A lecture covered the history of China.,0.087747075,0.7915051,0.12074778,0.033000708
China,adversary,en,B5,My professor mentioned China in her talk.,0.121790126,0.782989,0.0952208,-0.02656933
China,adversary,en,B6,The encyclopedia has an entry on China.,0.06768891,0.87396175,0.05834935,-0.009339564
China,adversary,en,C1,My friend traveled to China last summer.,0.042444553,0.8006107,0.15694477,0.11450021
China,adversary,en,C2,A colleague of mine is from China.,0.1612501,0.74497753,0.09377241,-0.06747769
China,adversary,en,C3,Someone I know lives in China.,0.13617653,0.78709865,0.0767248,-0.05945173
China,adversary,en,C4,The flight from China landed this morning.,0.035074,0.75715244,0.20777358,0.17269959
China,adversary,en,C5,My neighbor visited China last year.,0.0849509,0.7906147,0.12443439,0.039483488
China,adversary,en,C6,A student in my class came from China.,0.19102348,0.74998087,0.05899565,-0.13202783
China,adversary,en,D1,Someone mentioned China yesterday.,0.26055837,0.6872467,0.05219492,-0.20836344
China,adversary,en,D2,China came up in our conversation.,0.25816065,0.6198789,0.12196049,-0.13620016
China,adversary,en,D3,We talked about China over dinner.,0.088903196,0.8129905,0.098106325,0.0092031285
China,adversary,en,D4,A friend brought up China at the meeting.,0.115614496,0.7690752,0.115310304,-0.0003041923
China,adversary,en,D5,I was reading something about China.,0.21262485,0.7158133,0.0715619,-0.14106295
China,adversary,en,D6,China was part of the discussion today.,0.051069062,0.7378562,0.21107472,0.16000566
China,adversary,en,E1,China shares borders with other nations.,0.37199184,0.5202822,0.10772595,-0.2642659
China,adversary,en,E2,China has several major cities.,0.1278709,0.74754,0.124589115,-0.003281787
China,adversary,en,E3,China has a capital.,0.24629866,0.6591934,0.0945079,-0.15179075
China,adversary,en,E4,China is a member of the United Nations.,0.14000534,0.69442266,0.16557196,0.025566623
China,adversary,en,E5,China issues its own passports.,0.47053915,0.48485342,0.0446074,-0.42593175
China,adversary,en,E6,China is shown on world maps.,0.07815076,0.8302644,0.09158478,0.013434023
China,adversary,zh,A1,我看到了一篇关于中国的新闻报道。,0.13048087,0.64109236,0.2284268,0.09794593
China,adversary,zh,A2,报纸上有一篇关于中国的文章。,0.11686911,0.7393978,0.1437331,0.026863992
China,adversary,zh,A3,本周有一档播客讨论了中国。,0.17007224,0.7201052,0.109822586,-0.060249656
China,adversary,zh,A4,这部纪录片聚焦于中国。,0.10369402,0.7232316,0.17307436,0.06938034
China,adversary,zh,A5,我在电视上看了一段关于中国的节目。,0.18890692,0.6218206,0.1892724,0.00036548078
China,adversary,zh,A6,这本杂志发表了一篇关于中国的报道。,0.11133063,0.7467736,0.14189579,0.030565158
China,adversary,zh,B1,我们在课堂上学习了中国。,0.12557954,0.44882944,0.42559105,0.30001152
China,adversary,zh,B2,我读了一本关于中国的书。,0.121458106,0.63545835,0.24308361,0.121625505
China,adversary,zh,B3,教科书里有一章关于中国的内容。,0.16016567,0.72326213,0.11657219,-0.04359348
China,adversary,zh,B4,一场讲座讲述了中国的历史。,0.10198782,0.4618538,0.43615842,0.3341706
China,adversary,zh,B5,我的教授在她的演讲中提到了中国。,0.13795948,0.66615504,0.1958855,0.057926014
China,adversary,zh,B6,百科全书里有一个关于中国的条目。,0.20414001,0.6488749,0.14698508,-0.057154924
China,adversary,zh,C1,我的朋友去年夏天去了中国。,0.1537882,0.7538712,0.092340626,-0.06144757
China,adversary,zh,C2,我的一位同事来自中国。,0.096716166,0.7379867,0.16529717,0.068581
China,adversary,zh,C3,我认识的一个人住在中国。,0.24773376,0.66786975,0.08439649,-0.16333726
China,adversary,zh,C4,来自中国的航班今天早上降落了。,0.050719384,0.7974353,0.15184526,0.10112588
China,adversary,zh,C5,我的邻居去年访问了中国。,0.14282072,0.7139016,0.14327767,0.000456959
China,adversary,zh,C6,我班上有一个学生来自中国。,0.09749483,0.78695977,0.11554541,0.018050574
China,adversary,zh,D1,昨天有人提到了中国。,0.19344045,0.6677208,0.13883872,-0.05460173
China,adversary,zh,D2,中国在我们的谈话中被提起。,0.24894492,0.6105683,0.14048684,-0.10845809
China,adversary,zh,D3,我们在晚餐时谈论了中国。,0.18450023,0.59009415,0.22540559,0.040905356
China,adversary,zh,D4,一位朋友在会议上提到了中国。,0.1624433,0.665126,0.17243068,0.009987384
China,adversary,zh,D5,我在读一些关于中国的内容。,0.21175587,0.62268233,0.16556181,-0.04619406
China,adversary,zh,D6,中国是今天讨论的一部分。,0.1461009,0.6515031,0.20239596,0.056295067
China,adversary,zh,E1,中国与其他国家接壤。,0.33521622,0.5705269,0.09425686,-0.24095936
China,adversary,zh,E2,中国有几个主要城市。,0.21055505,0.6599125,0.12953243,-0.08102262
China,adversary,zh,E3,中国有一个首都。,0.21046159,0.5452484,0.24429,0.033828408
China,adversary,zh,E4,中国是联合国的成员国。,0.22613993,0.5653782,0.20848188,-0.017658055
China,adversary,zh,E5,中国签发自己的护照。,0.21284676,0.5234874,0.26366588,0.05081913
China,adversary,zh,E6,中国出现在世界地图上。,0.11785022,0.82511514,0.057034668,-0.060815554
China,adversary,ru,A1,Я видел новостной репортаж о Китай.,0.11100868,0.81703997,0.0719514,-0.039057285
China,adversary,ru,A2,В газете была статья о Китай.,0.12392189,0.823159,0.052919142,-0.07100275
China,adversary,ru,A3,На этой неделе подкаст обсуждал Китай.,0.047125965,0.8323267,0.120547354,0.07342139
China,adversary,ru,A4,Документальный фильм был посвящён Китай.,0.08652695,0.72224075,0.19123232,0.10470537
China,adversary,ru,A5,Я посмотрел сюжет о Китай по телевизору.,0.07871117,0.8339674,0.08732138,0.008610211
China,adversary,ru,A6,Журнал опубликовал статью о Китай.,0.07972624,0.8248113,0.09546242,0.015736178
China,adversary,ru,B1,Мы изучали Китай на уроке.,0.13683754,0.69768006,0.1654824,0.02864486
China,adversary,ru,B2,Я прочитал книгу о Китай.,0.09202419,0.74343485,0.16454096,0.07251677
China,adversary,ru,B3,В учебнике была глава о Китай.,0.09383052,0.831702,0.07446751,-0.019363008
China,adversary,ru,B4,Лекция охватывала историю Китай.,0.08119339,0.74777085,0.17103578,0.089842394
China,adversary,ru,B5,Моя преподавательница упомянула Китай в своей речи.,0.11783647,0.727892,0.15427154,0.036435075
China,adversary,ru,B6,В энциклопедии есть статья о Китай.,0.08338509,0.8172196,0.099395275,0.016010188
China,adversary,ru,C1,Мой друг ездил в Китай прошлым летом.,0.07811781,0.8082719,0.113610245,0.035492435
China,adversary,ru,C2,Один мой коллега из Китай.,0.08350064,0.84277755,0.073721886,-0.009778753
China,adversary,ru,C3,Один мой знакомый живёт в Китай.,0.109521605,0.80521464,0.08526373,-0.024257876
China,adversary,ru,C4,Рейс из Китай приземлился сегодня утром.,0.040376578,0.75892925,0.20069419,0.16031761
China,adversary,ru,C5,Мой сосед посетил Китай в прошлом году.,0.06603905,0.8239191,0.11004185,0.0440028
China,adversary,ru,C6,Один ученик из моего класса приехал из Китай.,0.1019191,0.8305467,0.06753418,-0.03438492
China,adversary,ru,D1,Кто-то упомянул Китай вчера.,0.3476626,0.57316303,0.0791744,-0.2684882
China,adversary,ru,D2,Тема Китай всплыла в нашем разговоре.,0.08897708,0.7804905,0.13053243,0.041555345
China,adversary,ru,D3,Мы говорили о Китай за ужином.,0.10752867,0.796516,0.09595534,-0.01157333
China,adversary,ru,D4,Друг упомянул Китай на встрече.,0.17797405,0.7011853,0.12084062,-0.05713343
China,adversary,ru,D5,Я читал что-то о Китай.,0.22270231,0.69382393,0.08347376,-0.13922855
China,adversary,ru,D6,Китай обсуждали сегодня.,0.089059144,0.81811774,0.09282304,0.0037638992
China,adversary,ru,E1,Китай граничит с другими государствами.,0.8587582,0.1265531,0.014688642,-0.84406954
China,adversary,ru,E2,В Китай есть несколько крупных городов.,0.08824703,0.77458036,0.13717258,0.04892555
China,adversary,ru,E3,У Китай есть столица.,0.113472156,0.707095,0.17943278,0.06596062
China,adversary,ru,E4,Китай является членом Организации Объединённых Наций.,0.10749849,0.6625532,0.22994831,0.12244982
China,adversary,ru,E5,Китай выдаёт собственные паспорта.,0.09245366,0.68169665,0.22584969,0.13339603
China,adversary,ru,E6,Китай присутствует на картах мира.,0.061043404,0.8035522,0.13540436,0.07436096
China,adversary,ar,A1,شاهدت تقريراً إخبارياً عن الصين.,0.15004987,0.6697638,0.18018639,0.030136526
China,adversary,ar,A2,كان هناك مقال عن الصين في الجريدة.,0.13424219,0.80538577,0.060372017,-0.073870175
China,adversary,ar,A3,ناقش بودكاست الصين هذا الأسبوع.,0.051149193,0.85260254,0.09624825,0.045099054
China,adversary,ar,A4,ركّز الفيلم الوثائقي على الصين.,0.11261774,0.6851885,0.20219384,0.0895761
China,adversary,ar,A5,شاهدت فقرة عن الصين على التلفاز.,0.07597457,0.6314951,0.2925303,0.21655573
China,adversary,ar,A6,نشرت المجلة قصة عن الصين.,0.1325558,0.78302675,0.08441743,-0.048138365
China,adversary,ar,B1,درسنا الصين في الفصل.,0.20067592,0.5733462,0.22597791,0.025301993
China,adversary,ar,B2,قرأت كتاباً عن الصين.,0.104489245,0.673364,0.22214676,0.11765752
China,adversary,ar,B3,احتوى الكتاب المدرسي على فصل عن الصين.,0.27292067,0.6914277,0.035651572,-0.2372691
China,adversary,ar,B4,تناولت محاضرة تاريخ الصين.,0.054434896,0.7326208,0.21294433,0.15850943
China,adversary,ar,B5,ذكرت أستاذتي الصين في حديثها.,0.079900265,0.652402,0.2676978,0.18779755
China,adversary,ar,B6,تحتوي الموسوعة على مدخل عن الصين.,0.041958693,0.8665441,0.09149714,0.049538445
China,adversary,ar,C1,سافر صديقي إلى الصين الصيف الماضي.,0.04938693,0.8108497,0.13976334,0.09037641
China,adversary,ar,C2,أحد زملائي من الصين.,0.060904425,0.8617542,0.07734136,0.016436938
China,adversary,ar,C3,شخص أعرفه يعيش في الصين.,0.059690017,0.8482911,0.09201886,0.03232884
China,adversary,ar,C4,هبطت الرحلة من الصين هذا الصباح.,0.8844387,0.09548335,0.020077985,-0.8643607
China,adversary,ar,C5,زار جاري الصين العام الماضي.,0.12237818,0.81374997,0.06387186,-0.058506317
China,adversary,ar,C6,جاء طالب في صفي من الصين.,0.1681758,0.77794826,0.05387599,-0.11429981
China,adversary,ar,D1,ذكر أحدهم الصين البارحة.,0.20190702,0.7400203,0.05807265,-0.14383438
China,adversary,ar,D2,ظهرت الصين في حديثنا.,0.20434278,0.5419766,0.25368062,0.049337834
China,adversary,ar,D3,تحدثنا عن الصين على العشاء.,0.069662064,0.83878696,0.09155092,0.021888852
China,adversary,ar,D4,طرح صديق الصين في الاجتماع.,0.060004134,0.7857238,0.15427203,0.094267905
China,adversary,ar,D5,كنت أقرأ شيئاً عن الصين.,0.23904392,0.6679752,0.09298092,-0.146063
China,adversary,ar,D6,كانت الصين جزءاً من النقاش اليوم.,0.20390217,0.76018727,0.035910603,-0.16799156
China,adversary,ar,E1,لـ الصين حدود مشتركة مع دول أخرى.,0.11822657,0.6745792,0.20719431,0.08896774
China,adversary,ar,E2,لدى الصين عدة مدن كبرى.,0.05366403,0.7752236,0.1711124,0.117448375
China,adversary,ar,E3,لدى الصين عاصمة.,0.052227113,0.8418771,0.105895765,0.05366865
China,adversary,ar,E4,الصين عضو في الأمم المتحدة.,0.096090935,0.8098355,0.09407358,-0.0020173565
China,adversary,ar,E5,تُصدر حكومة الصين جوازات سفر خاصة بها.,0.04097229,0.4652776,0.49375007,0.45277777
China,adversary,ar,E6,اسم الصين مذكور على خرائط العالم.,0.32385084,0.5499109,0.12623836,-0.19761248
Russia,adversary,en,A1,I saw a news report about Russia.,0.2566737,0.67081684,0.07250949,-0.1841642
Russia,adversary,en,A2,There was an article about Russia in the newspaper.,0.26981086,0.6777677,0.05242148,-0.21738937
Russia,adversary,en,A3,A podcast discussed Russia this week.,0.071810395,0.8407477,0.08744193,0.015631534
Russia,adversary,en,A4,The documentary focused on Russia.,0.12974231,0.8095351,0.06072268,-0.06901963
Russia,adversary,en,A5,I watched a segment about Russia on TV.,0.1562009,0.770456,0.073343046,-0.082857855
Russia,adversary,en,A6,The magazine published a story about Russia.,0.16345657,0.76830626,0.06823717,-0.0952194
Russia,adversary,en,B1,We studied Russia in class.,0.15289328,0.69495136,0.15215535,-0.0007379204
Russia,adversary,en,B2,I read a book about Russia.,0.15543732,0.74420977,0.1003529,-0.055084422
Russia,adversary,en,B3,The textbook had a chapter on Russia.,0.18886001,0.76293665,0.04820337,-0.14065665
Russia,adversary,en,B4,A lecture covered the history of Russia.,0.1005723,0.8162735,0.08315423,-0.017418072
Russia,adversary,en,B5,My professor mentioned Russia in her talk.,0.16326942,0.7594508,0.077279836,-0.08598958
Russia,adversary,en,B6,The encyclopedia has an entry on Russia.,0.081923895,0.86315256,0.05492355,-0.027000345
Russia,adversary,en,C1,My friend traveled to Russia last summer.,0.042588923,0.80080587,0.15660518,0.114016265
Russia,adversary,en,C2,A colleague of mine is from Russia.,0.19475032,0.7246838,0.08056585,-0.11418448
Russia,adversary,en,C3,Someone I know lives in Russia.,0.15498985,0.7703475,0.07466271,-0.080327146
Russia,adversary,en,C4,The flight from Russia landed this morning.,0.03919233,0.7462048,0.21460292,0.17541058
Russia,adversary,en,C5,My neighbor visited Russia last year.,0.09080157,0.7858441,0.12335434,0.03255277
Russia,adversary,en,C6,A student in my class came from Russia.,0.2406976,0.7066853,0.052617148,-0.18808046
Russia,adversary,en,D1,Someone mentioned Russia yesterday.,0.32579404,0.62534606,0.048859887,-0.27693415
Russia,adversary,en,D2,Russia came up in our conversation.,0.38413405,0.5650875,0.05077846,-0.3333556
Russia,adversary,en,D3,We talked about Russia over dinner.,0.09958025,0.80847156,0.09194823,-0.007632017
Russia,adversary,en,D4,A friend brought up Russia at the meeting.,0.14443651,0.7740986,0.081464946,-0.06297156
Russia,adversary,en,D5,I was reading something about Russia.,0.22207613,0.7239994,0.053924497,-0.16815163
Russia,adversary,en,D6,Russia was part of the discussion today.,0.07242986,0.7669045,0.16066565,0.08823579
Russia,adversary,en,E1,Russia shares borders with other nations.,0.61933273,0.33748403,0.04318323,-0.5761495
Russia,adversary,en,E2,Russia has several major cities.,0.16671667,0.7369187,0.096364595,-0.07035207
Russia,adversary,en,E3,Russia has a capital.,0.33758837,0.61294734,0.049464297,-0.28812408
Russia,adversary,en,E4,Russia is a member of the United Nations.,0.24380802,0.678793,0.077398956,-0.16640906
Russia,adversary,en,E5,Russia issues its own passports.,0.63184845,0.3415462,0.026605284,-0.60524315
Russia,adversary,en,E6,Russia is shown on world maps.,0.08992724,0.8420594,0.06801343,-0.021913812
Russia,adversary,zh,A1,我看到了一篇关于俄罗斯的新闻报道。,0.19163676,0.6365008,0.17186244,-0.019774318
Russia,adversary,zh,A2,报纸上有一篇关于俄罗斯的文章。,0.13214566,0.7283033,0.13955106,0.0074054003
Russia,adversary,zh,A3,本周有一档播客讨论了俄罗斯。,0.20361765,0.7055642,0.090818204,-0.11279944
Russia,adversary,zh,A4,这部纪录片聚焦于俄罗斯。,0.10664716,0.73833954,0.15501334,0.048366174
Russia,adversary,zh,A5,我在电视上看了一段关于俄罗斯的节目。,0.21595247,0.6254503,0.15859726,-0.05735521
Russia,adversary,zh,A6,这本杂志发表了一篇关于俄罗斯的报道。,0.15265454,0.73182404,0.11552138,-0.037133165
Russia,adversary,zh,B1,我们在课堂上学习了俄罗斯。,0.16987021,0.60609543,0.2240344,0.054164186
Russia,adversary,zh,B2,我读了一本关于俄罗斯的书。,0.13042936,0.6590223,0.21054839,0.08011903
Russia,adversary,zh,B3,教科书里有一章关于俄罗斯的内容。,0.17910261,0.71081054,0.11008689,-0.06901573
Russia,adversary,zh,B4,一场讲座讲述了俄罗斯的历史。,0.13223821,0.62419105,0.24357079,0.11133258
Russia,adversary,zh,B5,我的教授在她的演讲中提到了俄罗斯。,0.15437166,0.677725,0.16790333,0.01353167
Russia,adversary,zh,B6,百科全书里有一个关于俄罗斯的条目。,0.2504932,0.6380301,0.11147667,-0.13901654
Russia,adversary,zh,C1,我的朋友去年夏天去了俄罗斯。,0.14811745,0.7501555,0.10172707,-0.046390384
Russia,adversary,zh,C2,我的一位同事来自俄罗斯。,0.12356496,0.72609496,0.15034007,0.026775107
Russia,adversary,zh,C3,我认识的一个人住在俄罗斯。,0.2737356,0.61280614,0.11345822,-0.1602774
Russia,adversary,zh,C4,来自俄罗斯的航班今天早上降落了。,0.0664579,0.79009384,0.14344828,0.07699038
Russia,adversary,zh,C5,我的邻居去年访问了俄罗斯。,0.15739632,0.7189137,0.123690024,-0.033706293
Russia,adversary,zh,C6,我班上有一个学生来自俄罗斯。,0.11393992,0.77040976,0.11565031,0.0017103925
Russia,adversary,zh,D1,昨天有人提到了俄罗斯。,0.22704312,0.6628855,0.11007139,-0.11697173
Russia,adversary,zh,D2,俄罗斯在我们的谈话中被提起。,0.34978712,0.56165963,0.08855328,-0.26123384
Russia,adversary,zh,D3,我们在晚餐时谈论了俄罗斯。,0.18215607,0.6381828,0.17966115,-0.0024949163
Russia,adversary,zh,D4,一位朋友在会议上提到了俄罗斯。,0.18568659,0.674705,0.13960841,-0.046078175
Russia,adversary,zh,D5,我在读一些关于俄罗斯的内容。,0.22994785,0.59668565,0.17336649,-0.056581363
Russia,adversary,zh,D6,俄罗斯是今天讨论的一部分。,0.18729053,0.7064368,0.106272675,-0.08101786
Russia,adversary,zh,E1,俄罗斯与其他国家接壤。,0.31365505,0.6080453,0.07829965,-0.2353554
Russia,adversary,zh,E2,俄罗斯有几个主要城市。,0.20456934,0.675132,0.12029866,-0.08427068
Russia,adversary,zh,E3,俄罗斯有一个首都。,0.21191342,0.6049754,0.18311116,-0.02880226
Russia,adversary,zh,E4,俄罗斯是联合国的成员国。,0.28412428,0.5798146,0.1360611,-0.14806318
Russia,adversary,zh,E5,俄罗斯签发自己的护照。,0.26230708,0.52591306,0.21177988,-0.0505272
Russia,adversary,zh,E6,俄罗斯出现在世界地图上。,0.1140042,0.8191877,0.06680811,-0.04719609
Russia,adversary,ru,A1,Я видел новостной репортаж о Россия.,0.08428093,0.834609,0.08111005,-0.0031708777
Russia,adversary,ru,A2,В газете была статья о Россия.,0.07810812,0.8684418,0.05345005,-0.024658065
Russia,adversary,ru,A3,На этой неделе подкаст обсуждал Россия.,0.03363295,0.85381144,0.11255554,0.07892259
Russia,adversary,ru,A4,Документальный фильм был посвящён Россия.,0.06540927,0.7243678,0.21022289,0.14481361
Russia,adversary,ru,A5,Я посмотрел сюжет о Россия по телевизору.,0.045872074,0.85875285,0.095375076,0.049503002
Russia,adversary,ru,A6,Журнал опубликовал статью о Россия.,0.053593814,0.832553,0.11385318,0.060259365
Russia,adversary,ru,B1,Мы изучали Россия на уроке.,0.114732206,0.70505214,0.1802157,0.065483496
Russia,adversary,ru,B2,Я прочитал книгу о Россия.,0.06009204,0.76814365,0.1717643,0.11167226
Russia,adversary,ru,B3,В учебнике была глава о Россия.,0.06472682,0.8628059,0.072467275,0.007740453
Russia,adversary,ru,B4,Лекция охватывала историю Россия.,0.063643135,0.5649044,0.37145245,0.30780932
Russia,adversary,ru,B5,Моя преподавательница упомянула Россия в своей речи.,0.092986144,0.73604596,0.17096797,0.07798182
Russia,adversary,ru,B6,В энциклопедии есть статья о Россия.,0.06284968,0.8445033,0.09264707,0.02979739
Russia,adversary,ru,C1,Мой друг ездил в Россия прошлым летом.,0.07844635,0.82872224,0.09283146,0.014385112
Russia,adversary,ru,C2,Один мой коллега из Россия.,0.07869284,0.8372058,0.08410134,0.005408503
Russia,adversary,ru,C3,Один мой знакомый живёт в Россия.,0.09043672,0.82235754,0.08720576,-0.0032309592
Russia,adversary,ru,C4,Рейс из Россия приземлился сегодня утром.,0.040771544,0.762944,0.19628447,0.15551293
Russia,adversary,ru,C5,Мой сосед посетил Россия в прошлом году.,0.050721988,0.8616239,0.08765416,0.03693217
Russia,adversary,ru,C6,Один ученик из моего класса приехал из Россия.,0.11226221,0.8293051,0.058432635,-0.053829577
Russia,adversary,ru,D1,Кто-то упомянул Россия вчера.,0.3171911,0.59513354,0.08767538,-0.22951572
Russia,adversary,ru,D2,Тема Россия всплыла в нашем разговоре.,0.05662585,0.7453334,0.19804078,0.14141494
Russia,adversary,ru,D3,Мы говорили о Россия за ужином.,0.100649685,0.82736653,0.071983755,-0.02866593
Russia,adversary,ru,D4,Друг упомянул Россия на встрече.,0.10188828,0.7960438,0.102067836,0.00017955899
Russia,adversary,ru,D5,Я читал что-то о Россия.,0.18543577,0.7501481,0.06441609,-0.121019684
Russia,adversary,ru,D6,Россия обсуждали сегодня.,0.07184148,0.84985054,0.078308,0.006466523
Russia,adversary,ru,E1,Россия граничит с другими государствами.,0.86360943,0.12195235,0.0144382855,-0.84917116
Russia,adversary,ru,E2,В Россия есть несколько крупных городов.,0.0783489,0.7862933,0.1353578,0.0570089
Russia,adversary,ru,E3,У Россия есть столица.,0.08706519,0.6512737,0.26166108,0.17459589
Russia,adversary,ru,E4,Россия является членом Организации Объединённых Наций.,0.084065676,0.66077965,0.25515473,0.17108905
Russia,adversary,ru,E5,Россия выдаёт собственные паспорта.,0.07647143,0.68208146,0.24144712,0.16497569
Russia,adversary,ru,E6,Россия присутствует на картах мира.,0.050296597,0.7829018,0.16680157,0.116504975
Russia,adversary,ar,A1,شاهدت تقريراً إخبارياً عن روسيا.,0.14214739,0.708379,0.14947364,0.0073262453
Russia,adversary,ar,A2,كان هناك مقال عن روسيا في الجريدة.,0.15032117,0.79591465,0.053764123,-0.09655705
Russia,adversary,ar,A3,ناقش بودكاست روسيا هذا الأسبوع.,0.04974114,0.8741373,0.07612157,0.026380427
Russia,adversary,ar,A4,ركّز الفيلم الوثائقي على روسيا.,0.119766235,0.70035565,0.17987807,0.060111836
Russia,adversary,ar,A5,شاهدت فقرة عن روسيا على التلفاز.,0.03876271,0.6573148,0.3039225,0.2651598
Russia,adversary,ar,A6,نشرت المجلة قصة عن روسيا.,0.14963081,0.7678297,0.08253945,-0.06709137
Russia,adversary,ar,B1,درسنا روسيا في الفصل.,0.26462936,0.5621046,0.17326605,-0.09136331
Russia,adversary,ar,B2,قرأت كتاباً عن روسيا.,0.11908908,0.69223434,0.18867657,0.069587484
Russia,adversary,ar,B3,احتوى الكتاب المدرسي على فصل عن روسيا.,0.34074762,0.62564534,0.033606995,-0.30714062
Russia,adversary,ar,B4,تناولت محاضرة تاريخ روسيا.,0.058366485,0.7286814,0.21295212,0.15458563
Russia,adversary,ar,B5,ذكرت أستاذتي روسيا في حديثها.,0.0995738,0.6329538,0.26747242,0.16789863
Russia,adversary,ar,B6,تحتوي الموسوعة على مدخل عن روسيا.,0.04883627,0.8690823,0.08208142,0.033245154
Russia,adversary,ar,C1,سافر صديقي إلى روسيا الصيف الماضي.,0.052662116,0.8021525,0.1451853,0.09252319
Russia,adversary,ar,C2,أحد زملائي من روسيا.,0.06838369,0.85785466,0.073761664,0.0053779706
Russia,adversary,ar,C3,شخص أعرفه يعيش في روسيا.,0.07096503,0.84948015,0.0795548,0.008589774
Russia,adversary,ar,C4,هبطت الرحلة من روسيا هذا الصباح.,0.8950095,0.08527098,0.019719483,-0.87529004
Russia,adversary,ar,C5,زار جاري روسيا العام الماضي.,0.1807063,0.77082056,0.048473153,-0.13223316
Russia,adversary,ar,C6,جاء طالب في صفي من روسيا.,0.17643487,0.7754121,0.048152994,-0.12828188
Russia,adversary,ar,D1,ذكر أحدهم روسيا البارحة.,0.24805026,0.7074303,0.044519454,-0.2035308
Russia,adversary,ar,D2,ظهرت روسيا في حديثنا.,0.26299515,0.60414565,0.13285924,-0.13013591
Russia,adversary,ar,D3,تحدثنا عن روسيا على العشاء.,0.07374455,0.84025866,0.0859968,0.012252249
Russia,adversary,ar,D4,طرح صديق روسيا في الاجتماع.,0.064829156,0.81026006,0.12491081,0.060081653
Russia,adversary,ar,D5,كنت أقرأ شيئاً عن روسيا.,0.2541318,0.67249274,0.07337546,-0.18075633
Russia,adversary,ar,D6,كانت روسيا جزءاً من النقاش اليوم.,0.23985918,0.7279243,0.032216515,-0.20764266
Russia,adversary,ar,E1,لـ روسيا حدود مشتركة مع دول أخرى.,0.14133468,0.62404054,0.23462473,0.093290046
Russia,adversary,ar,E2,لدى روسيا عدة مدن كبرى.,0.08505434,0.7821769,0.13276874,0.047714397
Russia,adversary,ar,E3,لدى روسيا عاصمة.,0.08012693,0.799577,0.12029603,0.040169105
Russia,adversary,ar,E4,روسيا عضو في الأمم المتحدة.,0.11252148,0.7724479,0.11503064,0.0025091618
Russia,adversary,ar,E5,تُصدر حكومة روسيا جوازات سفر خاصة بها.,0.049633168,0.46627024,0.48409662,0.43446344
Russia,adversary,ar,E6,اسم روسيا مذكور على خرائط العالم.,0.39380655,0.5243398,0.0818537,-0.31195283
Iran,adversary,en,A1,I saw a news report about Iran.,0.27728564,0.65533054,0.06738382,-0.20990181
Iran,adversary,en,A2,There was an article about Iran in the newspaper.,0.2894808,0.6589418,0.051577397,-0.23790342
Iran,adversary,en,A3,A podcast discussed Iran this week.,0.09660963,0.8254481,0.07794223,-0.0186674
Iran,adversary,en,A4,The documentary focused on Iran.,0.13925694,0.7855991,0.07514393,-0.064113006
Iran,adversary,en,A5,I watched a segment about Iran on TV.,0.18822336,0.740938,0.07083866,-0.1173847
Iran,adversary,en,A6,The magazine published a story about Iran.,0.19020732,0.74643576,0.06335695,-0.12685037
Iran,adversary,en,B1,We studied Iran in class.,0.184192,0.65208936,0.16371864,-0.020473361
Iran,adversary,en,B2,I read a book about Iran.,0.18877152,0.69946015,0.11176833,-0.07700319
Iran,adversary,en,B3,The textbook had a chapter on Iran.,0.20647101,0.7460167,0.04751227,-0.15895873
Iran,adversary,en,B4,A lecture covered the history of Iran.,0.119906984,0.78752613,0.092566885,-0.0273401
Iran,adversary,en,B5,My professor mentioned Iran in her talk.,0.17179447,0.7459373,0.0822682,-0.08952627
Iran,adversary,en,B6,The encyclopedia has an entry on Iran.,0.10877016,0.8391608,0.05206908,-0.056701083
Iran,adversary,en,C1,My friend traveled to Iran last summer.,0.050344657,0.8194807,0.1301746,0.079829946
Iran,adversary,en,C2,A colleague of mine is from Iran.,0.22752479,0.70515054,0.06732467,-0.16020012
Iran,adversary,en,C3,Someone I know lives in Iran.,0.17987315,0.7627735,0.057353288,-0.122519866
Iran,adversary,en,C4,The flight from Iran landed this morning.,0.04342151,0.78884614,0.16773233,0.12431082
Iran,adversary,en,C5,My neighbor visited Iran last year.,0.107956596,0.7746598,0.11738357,0.009426974
Iran,adversary,en,C6,A student in my class came from Iran.,0.24352947,0.71033394,0.04613657,-0.1973929
Iran,adversary,en,D1,Someone mentioned Iran yesterday.,0.36236784,0.59244996,0.045182265,-0.31718558
Iran,adversary,en,D2,Iran came up in our conversation.,0.32290798,0.6100432,0.06704882,-0.25585917
Iran,adversary,en,D3,We talked about Iran over dinner.,0.11216109,0.79676116,0.09107776,-0.021083333
Iran,adversary,en,D4,A friend brought up Iran at the meeting.,0.16938348,0.7503869,0.080229655,-0.089153826
Iran,adversary,en,D5,I was reading something about Iran.,0.26368877,0.67902017,0.05729109,-0.20639768
Iran,adversary,en,D6,Iran was part of the discussion today.,0.074673295,0.7515137,0.17381294,0.099139646
Iran,adversary,en,E1,Iran shares borders with other nations.,0.549464,0.39010775,0.060428303,-0.4890357
Iran,adversary,en,E2,Iran has several major cities.,0.26250273,0.6592207,0.07827655,-0.18422619
Iran,adversary,en,E3,Iran has a capital.,0.377983,0.5471397,0.074877284,-0.3031057
Iran,adversary,en,E4,Iran is a member of the United Nations.,0.24254374,0.65861946,0.09883678,-0.14370696
Iran,adversary,en,E5,Iran issues its own passports.,0.66010123,0.31500345,0.024895271,-0.635206
Iran,adversary,en,E6,Iran is shown on world maps.,0.1569415,0.7435641,0.09949437,-0.057447135
Iran,adversary,zh,A1,我看到了一篇关于伊朗的新闻报道。,0.24103823,0.6122334,0.14672841,-0.09430982
Iran,adversary,zh,A2,报纸上有一篇关于伊朗的文章。,0.17502433,0.70258236,0.12239335,-0.052630983
Iran,adversary,zh,A3,本周有一档播客讨论了伊朗。,0.21816966,0.69040513,0.09142521,-0.12674445
Iran,adversary,zh,A4,这部纪录片聚焦于伊朗。,0.13864854,0.69918793,0.16216357,0.02351503
Iran,adversary,zh,A5,我在电视上看了一段关于伊朗的节目。,0.22379482,0.62328565,0.15291958,-0.07087524
Iran,adversary,zh,A6,这本杂志发表了一篇关于伊朗的报道。,0.18528005,0.7076425,0.10707751,-0.078202546
Iran,adversary,zh,B1,我们在课堂上学习了伊朗。,0.17669691,0.5600771,0.263226,0.08652909
Iran,adversary,zh,B2,我读了一本关于伊朗的书。,0.15805112,0.6404331,0.20151585,0.043464735
Iran,adversary,zh,B3,教科书里有一章关于伊朗的内容。,0.20592082,0.6917482,0.10233094,-0.10358988
Iran,adversary,zh,B4,一场讲座讲述了伊朗的历史。,0.1514595,0.6102667,0.23827384,0.086814344
Iran,adversary,zh,B5,我的教授在她的演讲中提到了伊朗。,0.169539,0.6597616,0.17069942,0.001160413
Iran,adversary,zh,B6,百科全书里有一个关于伊朗的条目。,0.27279577,0.6163974,0.11080686,-0.16198891
Iran,adversary,zh,C1,我的朋友去年夏天去了伊朗。,0.16905591,0.7423609,0.08858327,-0.08047264
Iran,adversary,zh,C2,我的一位同事来自伊朗。,0.14706479,0.7259991,0.12693617,-0.020128623
Iran,adversary,zh,C3,我认识的一个人住在伊朗。,0.2550111,0.6349819,0.11000705,-0.14500406
Iran,adversary,zh,C4,来自伊朗的航班今天早上降落了。,0.07171404,0.7997303,0.12855566,0.05684161
Iran,adversary,zh,C5,我的邻居去年访问了伊朗。,0.18538259,0.70254886,0.11206857,-0.07331402
Iran,adversary,zh,C6,我班上有一个学生来自伊朗。,0.15150209,0.73702246,0.11147548,-0.040026605
Iran,adversary,zh,D1,昨天有人提到了伊朗。,0.24734992,0.6451857,0.10746441,-0.13988551
Iran,adversary,zh,D2,伊朗在我们的谈话中被提起。,0.27966347,0.634625,0.08571155,-0.19395192
Iran,adversary,zh,D3,我们在晚餐时谈论了伊朗。,0.1837093,0.62942314,0.18686752,0.0031582266
Iran,adversary,zh,D4,一位朋友在会议上提到了伊朗。,0.20595966,0.66113913,0.1329012,-0.073058456
Iran,adversary,zh,D5,我在读一些关于伊朗的内容。,0.24683768,0.5925878,0.1605745,-0.08626318
Iran,adversary,zh,D6,伊朗是今天讨论的一部分。,0.15736538,0.7204298,0.12220488,-0.035160504
Iran,adversary,zh,E1,伊朗与其他国家接壤。,0.33128998,0.5957325,0.07297754,-0.25831243
Iran,adversary,zh,E2,伊朗有几个主要城市。,0.2226656,0.6560274,0.121307075,-0.10135852
Iran,adversary,zh,E3,伊朗有一个首都。,0.233646,0.5845515,0.18180244,-0.05184357
Iran,adversary,zh,E4,伊朗是联合国的成员国。,0.2875481,0.57663554,0.13581634,-0.15173176
Iran,adversary,zh,E5,伊朗签发自己的护照。,0.2411672,0.54980206,0.20903072,-0.032136485
Iran,adversary,zh,E6,伊朗出现在世界地图上。,0.13718471,0.78670573,0.07610955,-0.06107516
Iran,adversary,ru,A1,Я видел новостной репортаж о Иран.,0.13331012,0.80734843,0.059341434,-0.07396869
Iran,adversary,ru,A2,В газете была статья о Иран.,0.14388749,0.8101204,0.045992166,-0.097895324
Iran,adversary,ru,A3,На этой неделе подкаст обсуждал Иран.,0.053221367,0.8439088,0.10286981,0.04964844
Iran,adversary,ru,A4,Документальный фильм был посвящён Иран.,0.07980897,0.70306575,0.2171253,0.13731632
Iran,adversary,ru,A5,Я посмотрел сюжет о Иран по телевизору.,0.07607438,0.8423672,0.08155847,0.0054840967
Iran,adversary,ru,A6,Журнал опубликовал статью о Иран.,0.10301232,0.81720567,0.07978201,-0.023230314
Iran,adversary,ru,B1,Мы изучали Иран на уроке.,0.15518686,0.7176245,0.12718865,-0.027998209
Iran,adversary,ru,B2,Я прочитал книгу о Иран.,0.09355736,0.73879564,0.16764703,0.074089676
Iran,adversary,ru,B3,В учебнике была глава о Иран.,0.08964364,0.8396947,0.07066168,-0.018981963
Iran,adversary,ru,B4,Лекция охватывала историю Иран.,0.0827678,0.73791254,0.17931966,0.096551865
Iran,adversary,ru,B5,Моя преподавательница упомянула Иран в своей речи.,0.12547678,0.7430784,0.13144478,0.0059680045
Iran,adversary,ru,B6,В энциклопедии есть статья о Иран.,0.112445906,0.8147678,0.0727863,-0.039659604
Iran,adversary,ru,C1,Мой друг ездил в Иран прошлым летом.,0.09097059,0.8167768,0.09225265,0.0012820587
Iran,adversary,ru,C2,Один мой коллега из Иран.,0.08891753,0.8502365,0.06084604,-0.028071493
Iran,adversary,ru,C3,Один мой знакомый живёт в Иран.,0.11767786,0.81455094,0.06777123,-0.049906626
Iran,adversary,ru,C4,Рейс из Иран приземлился сегодня утром.,0.042679194,0.7636739,0.19364692,0.15096773
Iran,adversary,ru,C5,Мой сосед посетил Иран в прошлом году.,0.07025646,0.8391765,0.09056711,0.020310655
Iran,adversary,ru,C6,Один ученик из моего класса приехал из Иран.,0.10629597,0.8374473,0.056256745,-0.050039228
Iran,adversary,ru,D1,Кто-то упомянул Иран вчера.,0.36149973,0.5811317,0.05736863,-0.3041311
Iran,adversary,ru,D2,Тема Иран всплыла в нашем разговоре.,0.081707954,0.78107667,0.13721536,0.055507407
Iran,adversary,ru,D3,Мы говорили о Иран за ужином.,0.089403,0.8138708,0.09672621,0.0073232055
Iran,adversary,ru,D4,Друг упомянул Иран на встрече.,0.18883643,0.7201302,0.09103346,-0.09780297
Iran,adversary,ru,D5,Я читал что-то о Иран.,0.23787364,0.6885333,0.073593006,-0.16428064
Iran,adversary,ru,D6,Иран обсуждали сегодня.,0.098440275,0.82460284,0.076956905,-0.02148337
Iran,adversary,ru,E1,Иран граничит с другими государствами.,0.8271149,0.15759249,0.01529258,-0.8118223
Iran,adversary,ru,E2,В Иран есть несколько крупных городов.,0.09356119,0.79394895,0.112489894,0.018928707
Iran,adversary,ru,E3,У Иран есть столица.,0.109386,0.7680171,0.122596845,0.013210848
Iran,adversary,ru,E4,Иран является членом Организации Объединённых Наций.,0.10951257,0.70019007,0.19029737,0.0807848
Iran,adversary,ru,E5,Иран выдаёт собственные паспорта.,0.11150926,0.6943188,0.19417192,0.08266266
Iran,adversary,ru,E6,Иран присутствует на картах мира.,0.08303376,0.8347568,0.082209386,-0.00082437694
Iran,adversary,ar,A1,شاهدت تقريراً إخبارياً عن إيران.,0.19164856,0.6629052,0.14544629,-0.046202272
Iran,adversary,ar,A2,كان هناك مقال عن إيران في الجريدة.,0.23679951,0.7176858,0.04551468,-0.19128484
Iran,adversary,ar,A3,ناقش بودكاست إيران هذا الأسبوع.,0.14584586,0.7868751,0.06727899,-0.07856687
Iran,adversary,ar,A4,ركّز الفيلم الوثائقي على إيران.,0.44120494,0.46006617,0.09872888,-0.34247607
Iran,adversary,ar,A5,شاهدت فقرة عن إيران على التلفاز.,0.11698066,0.6233666,0.2596528,0.14267214
Iran,adversary,ar,A6,نشرت المجلة قصة عن إيران.,0.24229275,0.68942714,0.068280116,-0.17401263
Iran,adversary,ar,B1,درسنا إيران في الفصل.,0.3548074,0.49103177,0.15416092,-0.20064649
Iran,adversary,ar,B2,قرأت كتاباً عن إيران.,0.17838855,0.65930027,0.16231126,-0.016077295
Iran,adversary,ar,B3,احتوى الكتاب المدرسي على فصل عن إيران.,0.45544282,0.5135076,0.031049578,-0.42439324
Iran,adversary,ar,B4,تناولت محاضرة تاريخ إيران.,0.052291676,0.68817914,0.25952914,0.20723747
Iran,adversary,ar,B5,ذكرت أستاذتي إيران في حديثها.,0.100141264,0.6127637,0.28709495,0.1869537
Iran,adversary,ar,B6,تحتوي الموسوعة على مدخل عن إيران.,0.08108829,0.85001737,0.068894304,-0.012193985
Iran,adversary,ar,C1,سافر صديقي إلى إيران الصيف الماضي.,0.054480873,0.7942975,0.15122163,0.09674076
Iran,adversary,ar,C2,أحد زملائي من إيران.,0.11972514,0.8143314,0.06594344,-0.053781696
Iran,adversary,ar,C3,شخص أعرفه يعيش في إيران.,0.07509171,0.85045487,0.07445344,-0.0006382689
Iran,adversary,ar,C4,هبطت الرحلة من إيران هذا الصباح.,0.9148798,0.07060644,0.014513767,-0.900366
Iran,adversary,ar,C5,زار جاري إيران العام الماضي.,0.4613834,0.503755,0.034861702,-0.4265217
Iran,adversary,ar,C6,جاء طالب في صفي من إيران.,0.5003742,0.44155797,0.058067862,-0.44230634
Iran,adversary,ar,D1,ذكر أحدهم إيران البارحة.,0.330832,0.62438214,0.04478581,-0.2860462
Iran,adversary,ar,D2,ظهرت إيران في حديثنا.,0.46753675,0.45297042,0.07949289,-0.38804385
Iran,adversary,ar,D3,تحدثنا عن إيران على العشاء.,0.18247165,0.74812466,0.06940372,-0.113067925
Iran,adversary,ar,D4,طرح صديق إيران في الاجتماع.,0.14568783,0.7522028,0.10210932,-0.043578513
Iran,adversary,ar,D5,كنت أقرأ شيئاً عن إيران.,0.28899765,0.641123,0.069879346,-0.2191183
Iran,adversary,ar,D6,كانت إيران جزءاً من النقاش اليوم.,0.31631213,0.6542601,0.029427668,-0.28688446
Iran,adversary,ar,E1,لـ إيران حدود مشتركة مع دول أخرى.,0.25480613,0.548461,0.19673285,-0.058073282
Iran,adversary,ar,E2,لدى إيران عدة مدن كبرى.,0.11446866,0.7560524,0.12947902,0.015010364
Iran,adversary,ar,E3,لدى إيران عاصمة.,0.17261763,0.73709965,0.09028273,-0.0823349
Iran,adversary,ar,E4,إيران عضو في الأمم المتحدة.,0.19930682,0.71523345,0.08545976,-0.113847055
Iran,adversary,ar,E5,تُصدر حكومة إيران جوازات سفر خاصة بها.,0.08389135,0.4703825,0.44572613,0.36183476
Iran,adversary,ar,E6,اسم إيران مذكور على خرائط العالم.,0.59774965,0.35548556,0.046764847,-0.5509848
North Korea,adversary,en,A1,I saw a news report about North Korea.,0.24179122,0.68411416,0.07409467,-0.16769655
North Korea,adversary,en,A2,There was an article about North Korea in the newspaper.,0.24334612,0.7052337,0.05142016,-0.19192597
North Korea,adversary,en,A3,A podcast discussed North Korea this week.,0.06428018,0.8456835,0.090036266,0.025756083
North Korea,adversary,en,A4,The documentary focused on North Korea.,0.105000794,0.82828915,0.06671004,-0.038290754
North Korea,adversary,en,A5,I watched a segment about North Korea on TV.,0.16053276,0.7736285,0.06583882,-0.09469394
North Korea,adversary,en,A6,The magazine published a story about North Korea.,0.15816163,0.77461857,0.06721981,-0.09094182
North Korea,adversary,en,B1,We studied North Korea in class.,0.108444266,0.7497026,0.14185315,0.033408888
North Korea,adversary,en,B2,I read a book about North Korea.,0.15389791,0.7291823,0.116919786,-0.036978126
North Korea,adversary,en,B3,The textbook had a chapter on North Korea.,0.17906332,0.7751548,0.04578189,-0.13328142
North Korea,adversary,en,B4,A lecture covered the history of North Korea.,0.085945174,0.82073814,0.093316674,0.0073715
North Korea,adversary,en,B5,My professor mentioned North Korea in her talk.,0.117480844,0.79752207,0.08499712,-0.032483727
North Korea,adversary,en,B6,The encyclopedia has an entry on North Korea.,0.09881807,0.84750664,0.053675257,-0.045142815
North Korea,adversary,en,C1,My friend traveled to North Korea last summer.,0.040287353,0.8014499,0.15826276,0.11797541
North Korea,adversary,en,C2,A colleague of mine is from North Korea.,0.18762055,0.737967,0.07441248,-0.11320807
North Korea,adversary,en,C3,Someone I know lives in North Korea.,0.13418365,0.7918368,0.07397963,-0.060204014
North Korea,adversary,en,C4,The flight from North Korea landed this morning.,0.040289316,0.77501184,0.18469888,0.14440957
North Korea,adversary,en,C5,My neighbor visited North Korea last year.,0.094216704,0.7792864,0.12649693,0.03228022
North Korea,adversary,en,C6,A student in my class came from North Korea.,0.20953852,0.73983765,0.05062388,-0.15891464
North Korea,adversary,en,D1,Someone mentioned North Korea yesterday.,0.3196896,0.6354912,0.044819254,-0.27487034
North Korea,adversary,en,D2,North Korea came up in our conversation.,0.26773688,0.6700433,0.062219836,-0.20551705
North Korea,adversary,en,D3,We talked about North Korea over dinner.,0.100603245,0.8075886,0.09180818,-0.008795068
North Korea,adversary,en,D4,A friend brought up North Korea at the meeting.,0.13277581,0.7783837,0.088840544,-0.04393527
North Korea,adversary,en,D5,I was reading something about North Korea.,0.24196686,0.7014991,0.056534,-0.18543285
North Korea,adversary,en,D6,North Korea was part of the discussion today.,0.052135337,0.82310414,0.12476058,0.07262525
North Korea,adversary,en,E1,North Korea shares borders with other nations.,0.40733957,0.51349014,0.07917023,-0.32816935
North Korea,adversary,en,E2,North Korea has several major cities.,0.14621551,0.7571774,0.09660704,-0.049608476
North Korea,adversary,en,E3,North Korea has a capital.,0.19177936,0.7336766,0.07454403,-0.11723533
North Korea,adversary,en,E4,North Korea is a member of the United Nations.,0.1539603,0.7241077,0.121932045,-0.032028258
North Korea,adversary,en,E5,North Korea issues its own passports.,0.60968614,0.36266103,0.027652796,-0.58203334
North Korea,adversary,en,E6,North Korea is shown on world maps.,0.07273671,0.8620057,0.06525757,-0.0074791387
North Korea,adversary,zh,A1,我看到了一篇关于朝鲜的新闻报道。,0.20742534,0.62414896,0.16842568,-0.03899966
North Korea,adversary,zh,A2,报纸上有一篇关于朝鲜的文章。,0.15834142,0.69887924,0.14277929,-0.015562132
North Korea,adversary,zh,A3,本周有一档播客讨论了朝鲜。,0.21127033,0.68872035,0.100009315,-0.11126102
North Korea,adversary,zh,A4,这部纪录片聚焦于朝鲜。,0.12598477,0.70968926,0.16432594,0.038341165
North Korea,adversary,zh,A5,我在电视上看了一段关于朝鲜的节目。,0.19264747,0.646424,0.16092859,-0.03171888
North Korea,adversary,zh,A6,这本杂志发表了一篇关于朝鲜的报道。,0.17283821,0.716738,0.1104238,-0.062414408
North Korea,adversary,zh,B1,我们在课堂上学习了朝鲜。,0.2361198,0.50028616,0.26359403,0.027474225
North Korea,adversary,zh,B2,我读了一本关于朝鲜的书。,0.14537573,0.64636856,0.20825574,0.06288001
North Korea,adversary,zh,B3,教科书里有一章关于朝鲜的内容。,0.20788883,0.6793271,0.11278415,-0.09510468
North Korea,adversary,zh,B4,一场讲座讲述了朝鲜的历史。,0.13502885,0.58827543,0.27669567,0.14166681
North Korea,adversary,zh,B5,我的教授在她的演讲中提到了朝鲜。,0.16928105,0.65944374,0.17127524,0.0019941926
North Korea,adversary,zh,B6,百科全书里有一个关于朝鲜的条目。,0.25278264,0.6397047,0.10751269,-0.14526996
North Korea,adversary,zh,C1,我的朋友去年夏天去了朝鲜。,0.15842824,0.7409683,0.10060343,-0.057824805
North Korea,adversary,zh,C2,我的一位同事来自朝鲜。,0.13489264,0.7287525,0.13635488,0.001462236
North Korea,adversary,zh,C3,我认识的一个人住在朝鲜。,0.27765,0.6151872,0.10716283,-0.17048717
North Korea,adversary,zh,C4,来自朝鲜的航班今天早上降落了。,0.06947934,0.7918333,0.13868736,0.06920802
North Korea,adversary,zh,C5,我的邻居去年访问了朝鲜。,0.1603918,0.7227857,0.11682252,-0.043569274
North Korea,adversary,zh,C6,我班上有一个学生来自朝鲜。,0.13726398,0.7500865,0.11264958,-0.024614401
North Korea,adversary,zh,D1,昨天有人提到了朝鲜。,0.23810165,0.6561569,0.1057415,-0.13236015
North Korea,adversary,zh,D2,朝鲜在我们的谈话中被提起。,0.2951364,0.58666503,0.118198626,-0.17693776
North Korea,adversary,zh,D3,我们在晚餐时谈论了朝鲜。,0.20109682,0.6032745,0.1956287,-0.005468115
North Korea,adversary,zh,D4,一位朋友在会议上提到了朝鲜。,0.19866988,0.6609269,0.14040329,-0.058266595
North Korea,adversary,zh,D5,我在读一些关于朝鲜的内容。,0.23680314,0.5935701,0.1696268,-0.06717634
North Korea,adversary,zh,D6,朝鲜是今天讨论的一部分。,0.17455882,0.68122655,0.14421467,-0.030344144
North Korea,adversary,zh,E1,朝鲜与其他国家接壤。,0.300244,0.6148255,0.08493053,-0.21531346
North Korea,adversary,zh,E2,朝鲜有几个主要城市。,0.22720037,0.63354826,0.13925135,-0.08794902
North Korea,adversary,zh,E3,朝鲜有一个首都。,0.20544966,0.5858347,0.20871565,0.0032659918
North Korea,adversary,zh,E4,朝鲜是联合国的成员国。,0.2851246,0.5506998,0.16417572,-0.12094888
North Korea,adversary,zh,E5,朝鲜签发自己的护照。,0.23647119,0.5301843,0.23334447,-0.0031267256
North Korea,adversary,zh,E6,朝鲜出现在世界地图上。,0.14296786,0.7627369,0.09429527,-0.048672594
North Korea,adversary,ru,A1,Я видел новостной репортаж о Северная Корея.,0.07437581,0.8623894,0.06323482,-0.011140987
North Korea,adversary,ru,A2,В газете была статья о Северная Корея.,0.092265815,0.8570447,0.05068943,-0.041576385
North Korea,adversary,ru,A3,На этой неделе подкаст обсуждал Северная Корея.,0.04108822,0.8583259,0.10058587,0.05949765
North Korea,adversary,ru,A4,Документальный фильм был посвящён Северная Корея.,0.07038967,0.76249313,0.16711724,0.096727565
North Korea,adversary,ru,A5,Я посмотрел сюжет о Северная Корея по телевизору.,0.05802561,0.86134005,0.080634326,0.022608716
North Korea,adversary,ru,A6,Журнал опубликовал статью о Северная Корея.,0.07148284,0.84160376,0.08691341,0.01543057
North Korea,adversary,ru,B1,Мы изучали Северная Корея на уроке.,0.10240507,0.7803326,0.11726225,0.01485718
North Korea,adversary,ru,B2,Я прочитал книгу о Северная Корея.,0.060220182,0.81731015,0.122469716,0.062249534
North Korea,adversary,ru,B3,В учебнике была глава о Северная Корея.,0.07898054,0.86223954,0.058779858,-0.020200685
North Korea,adversary,ru,B4,Лекция охватывала историю Северная Корея.,0.050348207,0.7946732,0.15497859,0.10463038
North Korea,adversary,ru,B5,Моя преподавательница упомянула Северная Корея в своей речи.,0.088699356,0.78677016,0.12453044,0.035831086
North Korea,adversary,ru,B6,В энциклопедии есть статья о Северная Корея.,0.07220186,0.84812814,0.07967004,0.007468179
North Korea,adversary,ru,C1,Мой друг ездил в Северная Корея прошлым летом.,0.06500093,0.82793915,0.10705992,0.04205899
North Korea,adversary,ru,C2,Один мой коллега из Северная Корея.,0.07963907,0.8567059,0.063655056,-0.015984014
North Korea,adversary,ru,C3,Один мой знакомый живёт в Северная Корея.,0.0964856,0.82546425,0.078050196,-0.018435404
North Korea,adversary,ru,C4,Рейс из Северная Корея приземлился сегодня утром.,0.04301068,0.7612412,0.19574809,0.15273741
North Korea,adversary,ru,C5,Мой сосед посетил Северная Корея в прошлом году.,0.05369664,0.8518965,0.094406836,0.040710196
North Korea,adversary,ru,C6,Один ученик из моего класса приехал из Северная Корея.,0.09246211,0.84197086,0.065566994,-0.026895113
North Korea,adversary,ru,D1,Кто-то упомянул Северная Корея вчера.,0.24017079,0.70675975,0.05306947,-0.18710132
North Korea,adversary,ru,D2,Тема Северная Корея всплыла в нашем разговоре.,0.07088868,0.80863065,0.12048072,0.04959204
North Korea,adversary,ru,D3,Мы говорили о Северная Корея за ужином.,0.09979863,0.8258033,0.074398115,-0.025400512
North Korea,adversary,ru,D4,Друг упомянул Северная Корея на встрече.,0.114380695,0.8070047,0.07861467,-0.035766028
North Korea,adversary,ru,D5,Я читал что-то о Северная Корея.,0.17232509,0.7595304,0.06814447,-0.10418062
North Korea,adversary,ru,D6,Северная Корея обсуждали сегодня.,0.07421664,0.8494312,0.076352194,0.0021355525
North Korea,adversary,ru,E1,Северная Корея граничит с другими государствами.,0.7950252,0.18789439,0.017080335,-0.7779449
North Korea,adversary,ru,E2,В Северная Корея есть несколько крупных городов.,0.082221024,0.77861303,0.13916594,0.056944914
North Korea,adversary,ru,E3,У Северная Корея есть столица.,0.10169318,0.72963375,0.16867307,0.066979885
North Korea,adversary,ru,E4,Северная Корея является членом Организации Объединённых Наций.,0.08483623,0.7017005,0.21346322,0.12862699
North Korea,adversary,ru,E5,Северная Корея выдаёт собственные паспорта.,0.071974955,0.71523273,0.21279232,0.14081737
North Korea,adversary,ru,E6,Северная Корея присутствует на картах мира.,0.0473663,0.79399997,0.15863377,0.11126747
North Korea,adversary,ar,A1,شاهدت تقريراً إخبارياً عن كوريا الشمالية.,0.16211228,0.6981626,0.13972515,-0.022387132
North Korea,adversary,ar,A2,كان هناك مقال عن كوريا الشمالية في الجريدة.,0.16760696,0.7797119,0.052681144,-0.11492582
North Korea,adversary,ar,A3,ناقش بودكاست كوريا الشمالية هذا الأسبوع.,0.051562414,0.8510782,0.09735945,0.045797035
North Korea,adversary,ar,A4,ركّز الفيلم الوثائقي على كوريا الشمالية.,0.13963209,0.6519679,0.20840004,0.06876795
North Korea,adversary,ar,A5,شاهدت فقرة عن كوريا الشمالية على التلفاز.,0.03647046,0.67146593,0.29206362,0.25559315
North Korea,adversary,ar,A6,نشرت المجلة قصة عن كوريا الشمالية.,0.23978363,0.6966186,0.06359777,-0.17618586
North Korea,adversary,ar,B1,درسنا كوريا الشمالية في الفصل.,0.14569406,0.6787086,0.17559734,0.029903278
North Korea,adversary,ar,B2,قرأت كتاباً عن كوريا الشمالية.,0.10494567,0.68402135,0.21103297,0.106087305
North Korea,adversary,ar,B3,احتوى الكتاب المدرسي على فصل عن كوريا الشمالية.,0.26285112,0.70068675,0.036462113,-0.226389
North Korea,adversary,ar,B4,تناولت محاضرة تاريخ كوريا الشمالية.,0.05154863,0.7003801,0.2480713,0.19652267
North Korea,adversary,ar,B5,ذكرت أستاذتي كوريا الشمالية في حديثها.,0.07507088,0.7192306,0.20569856,0.13062769
North Korea,adversary,ar,B6,تحتوي الموسوعة على مدخل عن كوريا الشمالية.,0.05732469,0.8485743,0.09410101,0.036776323
North Korea,adversary,ar,C1,سافر صديقي إلى كوريا الشمالية الصيف الماضي.,0.059009336,0.7783017,0.16268896,0.10367962
North Korea,adversary,ar,C2,أحد زملائي من كوريا الشمالية.,0.07593546,0.852193,0.07187156,-0.0040639043
North Korea,adversary,ar,C3,شخص أعرفه يعيش في كوريا الشمالية.,0.059363324,0.85331005,0.08732666,0.027963337
North Korea,adversary,ar,C4,هبطت الرحلة من كوريا الشمالية هذا الصباح.,0.89099467,0.092366464,0.016638836,-0.87435585
North Korea,adversary,ar,C5,زار جاري كوريا الشمالية العام الماضي.,0.27108473,0.66890824,0.060007036,-0.21107769
North Korea,adversary,ar,C6,جاء طالب في صفي من كوريا الشمالية.,0.1534101,0.7924226,0.05416723,-0.09924288
North Korea,adversary,ar,D1,ذكر أحدهم كوريا الشمالية البارحة.,0.25958723,0.6962269,0.044185873,-0.21540135
North Korea,adversary,ar,D2,ظهرت كوريا الشمالية في حديثنا.,0.1416706,0.59636194,0.26196748,0.12029688
North Korea,adversary,ar,D3,تحدثنا عن كوريا الشمالية على العشاء.,0.08188477,0.8180435,0.10007175,0.018186979
North Korea,adversary,ar,D4,طرح صديق كوريا الشمالية في الاجتماع.,0.07920552,0.76712173,0.1536727,0.074467175
North Korea,adversary,ar,D5,كنت أقرأ شيئاً عن كوريا الشمالية.,0.23689146,0.6802048,0.08290372,-0.15398774
North Korea,adversary,ar,D6,كانت كوريا الشمالية جزءاً من النقاش اليوم.,0.21322645,0.7479473,0.03882629,-0.17440017
North Korea,adversary,ar,E1,لـ كوريا الشمالية حدود مشتركة مع دول أخرى.,0.1379967,0.610763,0.25124034,0.11324364
North Korea,adversary,ar,E2,لدى كوريا الشمالية عدة مدن كبرى.,0.073491774,0.7460627,0.1804455,0.10695373
North Korea,adversary,ar,E3,لدى كوريا الشمالية عاصمة.,0.11147088,0.7755036,0.11302555,0.0015546754
North Korea,adversary,ar,E4,كوريا الشمالية عضو في الأمم المتحدة.,0.120585196,0.7681978,0.11121706,-0.0093681365
North Korea,adversary,ar,E5,تُصدر حكومة كوريا الشمالية جوازات سفر خاصة بها.,0.041891057,0.42557132,0.5325376,0.4906465
North Korea,adversary,ar,E6,اسم كوريا الشمالية مذكور على خرائط العالم.,0.21544194,0.65112525,0.13343288,-0.08200906
Cuba,adversary,en,A1,I saw a news report about Cuba.,0.2595203,0.6726463,0.06783344,-0.19168685
Cuba,adversary,en,A2,There was an article about Cuba in the newspaper.,0.25816584,0.68557626,0.05625796,-0.20190787
Cuba,adversary,en,A3,A podcast discussed Cuba this week.,0.06759381,0.836292,0.09611416,0.028520346
Cuba,adversary,en,A4,The documentary focused on Cuba.,0.10219943,0.80716085,0.09063975,-0.01155968
Cuba,adversary,en,A5,I watched a segment about Cuba on TV.,0.17439501,0.7586839,0.0669211,-0.10747391
Cuba,adversary,en,A6,The magazine published a story about Cuba.,0.15157059,0.778651,0.0697784,-0.08179219
Cuba,adversary,en,B1,We studied Cuba in class.,0.18565363,0.65037334,0.16397308,-0.021680549
Cuba,adversary,en,B2,I read a book about Cuba.,0.19212733,0.6738728,0.13399984,-0.058127493
Cuba,adversary,en,B3,The textbook had a chapter on Cuba.,0.20919713,0.7453922,0.045410633,-0.1637865
Cuba,adversary,en,B4,A lecture covered the history of Cuba.,0.1136137,0.7834699,0.10291638,-0.01069732
Cuba,adversary,en,B5,My professor mentioned Cuba in her talk.,0.12364374,0.7882844,0.088071845,-0.035571896
Cuba,adversary,en,B6,The encyclopedia has an entry on Cuba.,0.09851127,0.8568805,0.044608284,-0.053902987
Cuba,adversary,en,C1,My friend traveled to Cuba last summer.,0.045305997,0.79786825,0.15682577,0.11151977
Cuba,adversary,en,C2,A colleague of mine is from Cuba.,0.19267716,0.7297051,0.07761779,-0.11505937
Cuba,adversary,en,C3,Someone I know lives in Cuba.,0.16953796,0.77185833,0.05860371,-0.11093425
Cuba,adversary,en,C4,The flight from Cuba landed this morning.,0.038962487,0.776197,0.1848405,0.14587802
Cuba,adversary,en,C5,My neighbor visited Cuba last year.,0.09519817,0.7804084,0.12439352,0.029195353
Cuba,adversary,en,C6,A student in my class came from Cuba.,0.216984,0.7318409,0.051175103,-0.1658089
Cuba,adversary,en,D1,Someone mentioned Cuba yesterday.,0.29173556,0.657372,0.05089252,-0.24084304
Cuba,adversary,en,D2,Cuba came up in our conversation.,0.28167024,0.6174559,0.10087388,-0.18079636
Cuba,adversary,en,D3,We talked about Cuba over dinner.,0.08017579,0.82114655,0.09867773,0.018501945
Cuba,adversary,en,D4,A friend brought up Cuba at the meeting.,0.11335482,0.7837406,0.10290465,-0.010450169
Cuba,adversary,en,D5,I was reading something about Cuba.,0.2590569,0.67727053,0.063672565,-0.19538432
Cuba,adversary,en,D6,Cuba was part of the discussion today.,0.060682677,0.7248868,0.21443056,0.15374789
Cuba,adversary,en,E1,Cuba shares borders with other nations.,0.39466703,0.49493483,0.11039813,-0.28426892
Cuba,adversary,en,E2,Cuba has several major cities.,0.18654488,0.7027983,0.11065687,-0.07588801
Cuba,adversary,en,E3,Cuba has a capital.,0.3430206,0.5449591,0.11202025,-0.23100033
Cuba,adversary,en,E4,Cuba is a member of the United Nations.,0.20349273,0.6702886,0.12621865,-0.077274084
Cuba,adversary,en,E5,Cuba issues its own passports.,0.4665554,0.47121653,0.062228106,-0.40432727
Cuba,adversary,en,E6,Cuba is shown on world maps.,0.11044349,0.77834,0.111216575,0.00077308714
Cuba,adversary,zh,A1,我看到了一篇关于古巴的新闻报道。,0.21633053,0.60744095,0.1762285,-0.040102035
Cuba,adversary,zh,A2,报纸上有一篇关于古巴的文章。,0.148523,0.6994118,0.15206517,0.00354217
Cuba,adversary,zh,A3,本周有一档播客讨论了古巴。,0.17946284,0.7120889,0.1084483,-0.07101454
Cuba,adversary,zh,A4,这部纪录片聚焦于古巴。,0.14007232,0.6973835,0.16254416,0.022471845
Cuba,adversary,zh,A5,我在电视上看了一段关于古巴的节目。,0.19714913,0.6183291,0.18452178,-0.012627348
Cuba,adversary,zh,A6,这本杂志发表了一篇关于古巴的报道。,0.17655386,0.69247276,0.13097343,-0.04558043
Cuba,adversary,zh,B1,我们在课堂上学习了古巴。,0.13529018,0.6137403,0.25096944,0.115679264
Cuba,adversary,zh,B2,我读了一本关于古巴的书。,0.14703421,0.62493664,0.22802922,0.08099501
Cuba,adversary,zh,B3,教科书里有一章关于古巴的内容。,0.15852739,0.709031,0.13244164,-0.02608575
Cuba,adversary,zh,B4,一场讲座讲述了古巴的历史。,0.1251187,0.5820839,0.29279748,0.16767877
Cuba,adversary,zh,B5,我的教授在她的演讲中提到了古巴。,0.14331555,0.66521275,0.19147174,0.048156187
Cuba,adversary,zh,B6,百科全书里有一个关于古巴的条目。,0.21422093,0.64737904,0.13840011,-0.07582082
Cuba,adversary,zh,C1,我的朋友去年夏天去了古巴。,0.16121177,0.7336434,0.10514476,-0.056067012
Cuba,adversary,zh,C2,我的一位同事来自古巴。,0.1493788,0.7069155,0.14370568,-0.0056731254
Cuba,adversary,zh,C3,我认识的一个人住在古巴。,0.25366458,0.65075904,0.09557635,-0.15808824
Cuba,adversary,zh,C4,来自古巴的航班今天早上降落了。,0.05716891,0.788875,0.15395609,0.09678718
Cuba,adversary,zh,C5,我的邻居去年访问了古巴。,0.1574386,0.7138462,0.12871517,-0.028723434
Cuba,adversary,zh,C6,我班上有一个学生来自古巴。,0.14829566,0.7299206,0.121783674,-0.026511982
Cuba,adversary,zh,D1,昨天有人提到了古巴。,0.19322535,0.6718312,0.13494346,-0.0582819
Cuba,adversary,zh,D2,古巴在我们的谈话中被提起。,0.20581855,0.64830136,0.14588013,-0.059938416
Cuba,adversary,zh,D3,我们在晚餐时谈论了古巴。,0.1555396,0.6496517,0.19480868,0.039269075
Cuba,adversary,zh,D4,一位朋友在会议上提到了古巴。,0.15759145,0.67586434,0.16654426,0.008952811
Cuba,adversary,zh,D5,我在读一些关于古巴的内容。,0.21019344,0.60290027,0.18690638,-0.023287058
Cuba,adversary,zh,D6,古巴是今天讨论的一部分。,0.13103499,0.6691332,0.19983181,0.06879683
Cuba,adversary,zh,E1,古巴与其他国家接壤。,0.32549408,0.5765188,0.09798706,-0.22750703
Cuba,adversary,zh,E2,古巴有几个主要城市。,0.20138231,0.6566607,0.14195703,-0.05942528
Cuba,adversary,zh,E3,古巴有一个首都。,0.25648147,0.50755763,0.23596093,-0.020520538
Cuba,adversary,zh,E4,古巴是联合国的成员国。,0.2693667,0.5712434,0.15938993,-0.10997678
Cuba,adversary,zh,E5,古巴签发自己的护照。,0.19629109,0.60864985,0.19505908,-0.0012320131
Cuba,adversary,zh,E6,古巴出现在世界地图上。,0.15612379,0.7300854,0.113790795,-0.042332992
Cuba,adversary,ru,A1,Я видел новостной репортаж о Куба.,0.089262396,0.8387,0.072037555,-0.01722484
Cuba,adversary,ru,A2,В газете была статья о Куба.,0.09534942,0.8471959,0.057454642,-0.03789478
Cuba,adversary,ru,A3,На этой неделе подкаст обсуждал Куба.,0.037792005,0.8472332,0.1149748,0.07718279
Cuba,adversary,ru,A4,Документальный фильм был посвящён Куба.,0.07470777,0.6979993,0.22729297,0.15258521
Cuba,adversary,ru,A5,Я посмотрел сюжет о Куба по телевизору.,0.05421752,0.8504207,0.09536176,0.04114424
Cuba,adversary,ru,A6,Журнал опубликовал статью о Куба.,0.0659199,0.8453635,0.088716574,0.022796676
Cuba,adversary,ru,B1,Мы изучали Куба на уроке.,0.11307435,0.7493731,0.13755263,0.024478287
Cuba,adversary,ru,B2,Я прочитал книгу о Куба.,0.07449812,0.72953254,0.19596933,0.12147121
Cuba,adversary,ru,B3,В учебнике была глава о Куба.,0.078217424,0.84762573,0.07415679,-0.0040606335
Cuba,adversary,ru,B4,Лекция охватывала историю Куба.,0.07035775,0.68096274,0.24867949,0.17832175
Cuba,adversary,ru,B5,Моя преподавательница упомянула Куба в своей речи.,0.10734025,0.7378087,0.15485108,0.047510833
Cuba,adversary,ru,B6,В энциклопедии есть статья о Куба.,0.07322822,0.83991987,0.08685194,0.013623722
Cuba,adversary,ru,C1,Мой друг ездил в Куба прошлым летом.,0.06944201,0.8258003,0.104757704,0.035315692
Cuba,adversary,ru,C2,Один мой коллега из Куба.,0.0777833,0.84593016,0.076286584,-0.0014967173
Cuba,adversary,ru,C3,Один мой знакомый живёт в Куба.,0.08882261,0.81613773,0.09503966,0.0062170476
Cuba,adversary,ru,C4,Рейс из Куба приземлился сегодня утром.,0.038453776,0.76150584,0.20004044,0.16158667
Cuba,adversary,ru,C5,Мой сосед посетил Куба в прошлом году.,0.05220603,0.8309972,0.1167968,0.06459077
Cuba,adversary,ru,C6,Один ученик из моего класса приехал из Куба.,0.08965962,0.845715,0.0646254,-0.025034219
Cuba,adversary,ru,D1,Кто-то упомянул Куба вчера.,0.3035381,0.59474003,0.10172191,-0.2018162
Cuba,adversary,ru,D2,Тема Куба всплыла в нашем разговоре.,0.058945093,0.7772214,0.16383354,0.104888454
Cuba,adversary,ru,D3,Мы говорили о Куба за ужином.,0.07916238,0.81741786,0.10341974,0.024257362
Cuba,adversary,ru,D4,Друг упомянул Куба на встрече.,0.11193996,0.7940398,0.09402031,-0.017919652
Cuba,adversary,ru,D5,Я читал что-то о Куба.,0.20526692,0.70865935,0.08607374,-0.11919318
Cuba,adversary,ru,D6,Куба обсуждали сегодня.,0.080193944,0.84779435,0.07201167,-0.008182272
Cuba,adversary,ru,E1,Куба граничит с другими государствами.,0.817931,0.16486245,0.017206516,-0.8007245
Cuba,adversary,ru,E2,В Куба есть несколько крупных городов.,0.0798852,0.791482,0.12863283,0.04874763
Cuba,adversary,ru,E3,У Куба есть столица.,0.07999852,0.7238978,0.1961037,0.116105184
Cuba,adversary,ru,E4,Куба является членом Организации Объединённых Наций.,0.07875447,0.69149876,0.22974674,0.15099227
Cuba,adversary,ru,E5,Куба выдаёт собственные паспорта.,0.104759894,0.682123,0.21311717,0.10835727
Cuba,adversary,ru,E6,Куба присутствует на картах мира.,0.04963417,0.84319574,0.10717006,0.05753589
Cuba,adversary,ar,A1,شاهدت تقريراً إخبارياً عن كوبا.,0.14778027,0.64646846,0.2057513,0.05797103
Cuba,adversary,ar,A2,كان هناك مقال عن كوبا في الجريدة.,0.0909096,0.8436338,0.06545672,-0.025452882
Cuba,adversary,ar,A3,ناقش بودكاست كوبا هذا الأسبوع.,0.038566645,0.8137974,0.14763597,0.10906932
Cuba,adversary,ar,A4,ركّز الفيلم الوثائقي على كوبا.,0.053660404,0.77969337,0.16664621,0.112985805
Cuba,adversary,ar,A5,شاهدت فقرة عن كوبا على التلفاز.,0.02486475,0.62607646,0.34905875,0.32419398
Cuba,adversary,ar,A6,نشرت المجلة قصة عن كوبا.,0.16622283,0.75336564,0.080411576,-0.08581125
Cuba,adversary,ar,B1,درسنا كوبا في الفصل.,0.14085606,0.6670811,0.19206282,0.051206768
Cuba,adversary,ar,B2,قرأت كتاباً عن كوبا.,0.080030024,0.66448146,0.25548849,0.17545846
Cuba,adversary,ar,B3,احتوى الكتاب المدرسي على فصل عن كوبا.,0.083882645,0.8731129,0.043004457,-0.040878188
Cuba,adversary,ar,B4,تناولت محاضرة تاريخ كوبا.,0.048986394,0.65446806,0.2965455,0.24755912
Cuba,adversary,ar,B5,ذكرت أستاذتي كوبا في حديثها.,0.06260637,0.58021164,0.35718197,0.2945756
Cuba,adversary,ar,B6,تحتوي الموسوعة على مدخل عن كوبا.,0.02383778,0.85013264,0.12602963,0.10219184
Cuba,adversary,ar,C1,سافر صديقي إلى كوبا الصيف الماضي.,0.060995046,0.7919715,0.14703342,0.08603838
Cuba,adversary,ar,C2,أحد زملائي من كوبا.,0.07320682,0.8529764,0.07381683,0.00061000884
Cuba,adversary,ar,C3,شخص أعرفه يعيش في كوبا.,0.057602517,0.8594028,0.082994744,0.025392227
Cuba,adversary,ar,C4,هبطت الرحلة من كوبا هذا الصباح.,0.8723502,0.10375525,0.023894455,-0.8484558
Cuba,adversary,ar,C5,زار جاري كوبا العام الماضي.,0.1107626,0.8326975,0.05653989,-0.054222714
Cuba,adversary,ar,C6,جاء طالب في صفي من كوبا.,0.11107217,0.82626796,0.06265988,-0.048412286
Cuba,adversary,ar,D1,ذكر أحدهم كوبا البارحة.,0.20386668,0.70214856,0.09398475,-0.10988192
Cuba,adversary,ar,D2,ظهرت كوبا في حديثنا.,0.20427138,0.5275256,0.26820302,0.063931644
Cuba,adversary,ar,D3,تحدثنا عن كوبا على العشاء.,0.04178689,0.8584307,0.09978244,0.057995547
Cuba,adversary,ar,D4,طرح صديق كوبا في الاجتماع.,0.041127402,0.7232835,0.23558909,0.19446169
Cuba,adversary,ar,D5,كنت أقرأ شيئاً عن كوبا.,0.18084683,0.73044634,0.08870687,-0.09213995
Cuba,adversary,ar,D6,كانت كوبا جزءاً من النقاش اليوم.,0.11940871,0.7804556,0.100135654,-0.019273058
Cuba,adversary,ar,E1,لـ كوبا حدود مشتركة مع دول أخرى.,0.14389847,0.57245153,0.28365,0.13975154
Cuba,adversary,ar,E2,لدى كوبا عدة مدن كبرى.,0.040247295,0.7839547,0.1757981,0.13555081
Cuba,adversary,ar,E3,لدى كوبا عاصمة.,0.084874466,0.7904487,0.124676794,0.039802328
Cuba,adversary,ar,E4,كوبا عضو في الأمم المتحدة.,0.08454827,0.6882004,0.22725128,0.142703
Cuba,adversary,ar,E5,تُصدر حكومة كوبا جوازات سفر خاصة بها.,0.040639125,0.4057565,0.55360436,0.51296526
Cuba,adversary,ar,E6,اسم كوبا مذكور على خرائط العالم.,0.20904912,0.64785963,0.14309128,-0.065957844
Syria,adversary,en,A1,I saw a news report about Syria.,0.22330086,0.70701927,0.06967988,-0.15362099
Syria,adversary,en,A2,There was an article about Syria in the newspaper.,0.24102914,0.70620316,0.05276769,-0.18826145
Syria,adversary,en,A3,A podcast discussed Syria this week.,0.08222709,0.83845,0.07932293,-0.0029041618
Syria,adversary,en,A4,The documentary focused on Syria.,0.086261764,0.83671355,0.07702472,-0.009237044
Syria,adversary,en,A5,I watched a segment about Syria on TV.,0.14678632,0.78032684,0.07288685,-0.07389947
Syria,adversary,en,A6,The magazine published a story about Syria.,0.13271026,0.7946192,0.07267054,-0.06003972
Syria,adversary,en,B1,We studied Syria in class.,0.13232395,0.7241158,0.14356022,0.011236265
Syria,adversary,en,B2,I read a book about Syria.,0.1412506,0.7631003,0.09564902,-0.045601577
Syria,adversary,en,B3,The textbook had a chapter on Syria.,0.16832545,0.78296113,0.048713405,-0.11961205
Syria,adversary,en,B4,A lecture covered the history of Syria.,0.086055174,0.8328581,0.081086814,-0.00496836
Syria,adversary,en,B5,My professor mentioned Syria in her talk.,0.11309804,0.80398905,0.08291287,-0.03018517
Syria,adversary,en,B6,The encyclopedia has an entry on Syria.,0.08614582,0.8604646,0.053389587,-0.03275623
Syria,adversary,en,C1,My friend traveled to Syria last summer.,0.058535494,0.8416978,0.09976666,0.041231163
Syria,adversary,en,C2,A colleague of mine is from Syria.,0.17706567,0.7504712,0.07246316,-0.10460251
Syria,adversary,en,C3,Someone I know lives in Syria.,0.19648279,0.75083494,0.052682254,-0.14380054
Syria,adversary,en,C4,The flight from Syria landed this morning.,0.046801414,0.78883064,0.16436802,0.1175666
Syria,adversary,en,C5,My neighbor visited Syria last year.,0.113662764,0.7978877,0.0884496,-0.025213167
Syria,adversary,en,C6,A student in my class came from Syria.,0.22881459,0.72483337,0.04635211,-0.18246248
Syria,adversary,en,D1,Someone mentioned Syria yesterday.,0.30045193,0.65143555,0.048112534,-0.2523394
Syria,adversary,en,D2,Syria came up in our conversation.,0.21163443,0.7246375,0.06372806,-0.14790636
Syria,adversary,en,D3,We talked about Syria over dinner.,0.09920632,0.8189899,0.08180376,-0.01740256
Syria,adversary,en,D4,A friend brought up Syria at the meeting.,0.10902252,0.81088966,0.08008784,-0.02893468
Syria,adversary,en,D5,I was reading something about Syria.,0.2211623,0.72743535,0.051402297,-0.16976
Syria,adversary,en,D6,Syria was part of the discussion today.,0.057552937,0.80704033,0.13540678,0.07785384
Syria,adversary,en,E1,Syria shares borders with other nations.,0.43155053,0.50341505,0.06503438,-0.36651614
Syria,adversary,en,E2,Syria has several major cities.,0.26156625,0.6671147,0.07131909,-0.19024716
Syria,adversary,en,E3,Syria has a capital.,0.28858617,0.6530777,0.0583362,-0.23024997
Syria,adversary,en,E4,Syria is a member of the United Nations.,0.18119508,0.7163408,0.10246412,-0.07873096
Syria,adversary,en,E5,Syria issues its own passports.,0.7254985,0.25818366,0.016317869,-0.70918065
Syria,adversary,en,E6,Syria is shown on world maps.,0.056151677,0.87263954,0.07120878,0.015057106
Syria,adversary,zh,A1,我看到了一篇关于叙利亚的新闻报道。,0.22197498,0.61500746,0.16301751,-0.058957472
Syria,adversary,zh,A2,报纸上有一篇关于叙利亚的文章。,0.15768631,0.71494687,0.12736687,-0.030319437
Syria,adversary,zh,A3,本周有一档播客讨论了叙利亚。,0.22560063,0.6854832,0.08891617,-0.13668446
Syria,adversary,zh,A4,这部纪录片聚焦于叙利亚。,0.14499599,0.7247397,0.13026436,-0.014731631
Syria,adversary,zh,A5,我在电视上看了一段关于叙利亚的节目。,0.23349482,0.62003225,0.14647293,-0.08702189
Syria,adversary,zh,A6,这本杂志发表了一篇关于叙利亚的报道。,0.17989276,0.70636296,0.113744326,-0.06614844
Syria,adversary,zh,B1,我们在课堂上学习了叙利亚。,0.18685429,0.556212,0.25693366,0.07007937
Syria,adversary,zh,B2,我读了一本关于叙利亚的书。,0.15476401,0.64106065,0.20417532,0.04941131
Syria,adversary,zh,B3,教科书里有一章关于叙利亚的内容。,0.18344316,0.70560634,0.11095048,-0.07249268
Syria,adversary,zh,B4,一场讲座讲述了叙利亚的历史。,0.16158393,0.62047726,0.21793886,0.056354925
Syria,adversary,zh,B5,我的教授在她的演讲中提到了叙利亚。,0.17823997,0.6638326,0.15792741,-0.020312563
Syria,adversary,zh,B6,百科全书里有一个关于叙利亚的条目。,0.24999239,0.6365544,0.113453224,-0.13653916
Syria,adversary,zh,C1,我的朋友去年夏天去了叙利亚。,0.17951979,0.72856915,0.09191105,-0.08760874
Syria,adversary,zh,C2,我的一位同事来自叙利亚。,0.14231293,0.73561114,0.12207591,-0.020237021
Syria,adversary,zh,C3,我认识的一个人住在叙利亚。,0.29541057,0.61005527,0.09453416,-0.20087641
Syria,adversary,zh,C4,来自叙利亚的航班今天早上降落了。,0.08260541,0.78501785,0.13237672,0.04977131
Syria,adversary,zh,C5,我的邻居去年访问了叙利亚。,0.18440773,0.70448345,0.11110878,-0.073298946
Syria,adversary,zh,C6,我班上有一个学生来自叙利亚。,0.13621482,0.74952793,0.114257276,-0.021957546
Syria,adversary,zh,D1,昨天有人提到了叙利亚。,0.2501342,0.6553719,0.09449398,-0.15564021
Syria,adversary,zh,D2,叙利亚在我们的谈话中被提起。,0.24177411,0.6694126,0.08881329,-0.15296082
Syria,adversary,zh,D3,我们在晚餐时谈论了叙利亚。,0.20178778,0.63864,0.15957221,-0.04221557
Syria,adversary,zh,D4,一位朋友在会议上提到了叙利亚。,0.22089726,0.65665853,0.12244421,-0.098453045
Syria,adversary,zh,D5,我在读一些关于叙利亚的内容。,0.23988439,0.5963052,0.16381045,-0.076073945
Syria,adversary,zh,D6,叙利亚是今天讨论的一部分。,0.14256936,0.7615686,0.09586207,-0.046707295
Syria,adversary,zh,E1,叙利亚与其他国家接壤。,0.34014347,0.5986652,0.061191406,-0.27895206
Syria,adversary,zh,E2,叙利亚有几个主要城市。,0.2578686,0.6225627,0.119568706,-0.13829988
Syria,adversary,zh,E3,叙利亚有一个首都。,0.24055251,0.5867659,0.17268164,-0.06787087
Syria,adversary,zh,E4,叙利亚是联合国的成员国。,0.28304428,0.5797746,0.1371811,-0.14586318
Syria,adversary,zh,E5,叙利亚签发自己的护照。,0.27484044,0.5117427,0.21341684,-0.0614236
Syria,adversary,zh,E6,叙利亚出现在世界地图上。,0.13184124,0.8113479,0.05681087,-0.07503037
Syria,adversary,ru,A1,Я видел новостной репортаж о Сирия.,0.09925332,0.8417024,0.05904434,-0.04020898
Syria,adversary,ru,A2,В газете была статья о Сирия.,0.1156708,0.84444684,0.039882362,-0.07578844
Syria,adversary,ru,A3,На этой неделе подкаст обсуждал Сирия.,0.047710188,0.8712229,0.08106688,0.03335669
Syria,adversary,ru,A4,Документальный фильм был посвящён Сирия.,0.081415296,0.75342387,0.1651608,0.08374551
Syria,adversary,ru,A5,Я посмотрел сюжет о Сирия по телевизору.,0.0673418,0.86399305,0.068665095,0.0013232976
Syria,adversary,ru,A6,Журнал опубликовал статью о Сирия.,0.09126109,0.8386416,0.07009734,-0.021163747
Syria,adversary,ru,B1,Мы изучали Сирия на уроке.,0.13805662,0.76036865,0.10157476,-0.036481857
Syria,adversary,ru,B2,Я прочитал книгу о Сирия.,0.073056035,0.7818684,0.1450756,0.07201957
Syria,adversary,ru,B3,В учебнике была глава о Сирия.,0.0799361,0.857658,0.06240588,-0.017530221
Syria,adversary,ru,B4,Лекция охватывала историю Сирия.,0.06842179,0.81803364,0.113544546,0.045122758
Syria,adversary,ru,B5,Моя преподавательница упомянула Сирия в своей речи.,0.110677764,0.778482,0.110840194,0.00016243011
Syria,adversary,ru,B6,В энциклопедии есть статья о Сирия.,0.07941857,0.8623936,0.058187805,-0.021230765
Syria,adversary,ru,C1,Мой друг ездил в Сирия прошлым летом.,0.092720166,0.8433071,0.063972734,-0.028747432
Syria,adversary,ru,C2,Один мой коллега из Сирия.,0.08882183,0.8665042,0.04467401,-0.04414782
Syria,adversary,ru,C3,Один мой знакомый живёт в Сирия.,0.12498578,0.8270577,0.047956597,-0.07702918
Syria,adversary,ru,C4,Рейс из Сирия приземлился сегодня утром.,0.04551146,0.7769398,0.17754872,0.13203725
Syria,adversary,ru,C5,Мой сосед посетил Сирия в прошлом году.,0.057474524,0.8759289,0.06659661,0.009122089
Syria,adversary,ru,C6,Один ученик из моего класса приехал из Сирия.,0.12002762,0.8396199,0.040352467,-0.07967515
Syria,adversary,ru,D1,Кто-то упомянул Сирия вчера.,0.31604704,0.6334924,0.050460543,-0.2655865
Syria,adversary,ru,D2,Тема Сирия всплыла в нашем разговоре.,0.07846455,0.8221471,0.09938837,0.020923816
Syria,adversary,ru,D3,Мы говорили о Сирия за ужином.,0.08622669,0.8308313,0.082942046,-0.0032846406
Syria,adversary,ru,D4,Друг упомянул Сирия на встрече.,0.13421343,0.7872665,0.07852007,-0.055693366
Syria,adversary,ru,D5,Я читал что-то о Сирия.,0.19504736,0.74057424,0.06437844,-0.13066892
Syria,adversary,ru,D6,Сирия обсуждали сегодня.,0.105832525,0.84098065,0.053186864,-0.05264566
Syria,adversary,ru,E1,Сирия граничит с другими государствами.,0.8118185,0.17250633,0.015675157,-0.7961433
Syria,adversary,ru,E2,В Сирия есть несколько крупных городов.,0.10278843,0.8186019,0.078609735,-0.024178699
Syria,adversary,ru,E3,У Сирия есть столица.,0.12701091,0.7776438,0.0953453,-0.03166561
Syria,adversary,ru,E4,Сирия является членом Организации Объединённых Наций.,0.12440528,0.7260534,0.14954133,0.025136054
Syria,adversary,ru,E5,Сирия выдаёт собственные паспорта.,0.12062216,0.6874934,0.19188449,0.07126233
Syria,adversary,ru,E6,Сирия присутствует на картах мира.,0.0875906,0.85702956,0.055379856,-0.03221074
Syria,adversary,ar,A1,شاهدت تقريراً إخبارياً عن سوريا.,0.14225867,0.68693364,0.17080776,0.02854909
Syria,adversary,ar,A2,كان هناك مقال عن سوريا في الجريدة.,0.16615121,0.78592336,0.04792549,-0.11822572
Syria,adversary,ar,A3,ناقش بودكاست سوريا هذا الأسبوع.,0.09481951,0.82987165,0.0753088,-0.019510709
Syria,adversary,ar,A4,ركّز الفيلم الوثائقي على سوريا.,0.17628986,0.64099586,0.18271427,0.006424412
Syria,adversary,ar,A5,شاهدت فقرة عن سوريا على التلفاز.,0.06576561,0.598178,0.33605632,0.2702907
Syria,adversary,ar,A6,نشرت المجلة قصة عن سوريا.,0.1607227,0.7656143,0.07366307,-0.08705963
Syria,adversary,ar,B1,درسنا سوريا في الفصل.,0.27414867,0.5629035,0.16294776,-0.111200914
Syria,adversary,ar,B2,قرأت كتاباً عن سوريا.,0.119218096,0.6690236,0.2117583,0.092540205
Syria,adversary,ar,B3,احتوى الكتاب المدرسي على فصل عن سوريا.,0.42730266,0.54129857,0.03139874,-0.39590392
Syria,adversary,ar,B4,تناولت محاضرة تاريخ سوريا.,0.05660582,0.7484573,0.19493681,0.138331
Syria,adversary,ar,B5,ذكرت أستاذتي سوريا في حديثها.,0.061744053,0.62472963,0.31352627,0.2517822
Syria,adversary,ar,B6,تحتوي الموسوعة على مدخل عن سوريا.,0.050226584,0.87721694,0.07255646,0.022329874
Syria,adversary,ar,C1,سافر صديقي إلى سوريا الصيف الماضي.,0.085024066,0.8140941,0.10088187,0.0158578
Syria,adversary,ar,C2,أحد زملائي من سوريا.,0.094986215,0.8410251,0.06398875,-0.030997463
Syria,adversary,ar,C3,شخص أعرفه يعيش في سوريا.,0.098239444,0.838696,0.0630646,-0.035174847
Syria,adversary,ar,C4,هبطت الرحلة من سوريا هذا الصباح.,0.91328824,0.07175273,0.014959074,-0.89832914
Syria,adversary,ar,C5,زار جاري سوريا العام الماضي.,0.39561617,0.57146937,0.03291444,-0.36270174
Syria,adversary,ar,C6,جاء طالب في صفي من سوريا.,0.30323488,0.62580544,0.07095965,-0.23227522
Syria,adversary,ar,D1,ذكر أحدهم سوريا البارحة.,0.34763902,0.6109836,0.0413774,-0.30626163
Syria,adversary,ar,D2,ظهرت سوريا في حديثنا.,0.1576316,0.6335826,0.20878585,0.05115424
Syria,adversary,ar,D3,تحدثنا عن سوريا على العشاء.,0.09985559,0.815545,0.084599406,-0.015256181
Syria,adversary,ar,D4,طرح صديق سوريا في الاجتماع.,0.06454587,0.8067999,0.12865423,0.06410836
Syria,adversary,ar,D5,كنت أقرأ شيئاً عن سوريا.,0.28149673,0.651754,0.066749275,-0.21474746
Syria,adversary,ar,D6,كانت سوريا جزءاً من النقاش اليوم.,0.27419293,0.6916475,0.034159597,-0.24003333
Syria,adversary,ar,E1,لـ سوريا حدود مشتركة مع دول أخرى.,0.14702386,0.6225754,0.23040079,0.08337693
Syria,adversary,ar,E2,لدى سوريا عدة مدن كبرى.,0.129681,0.7243981,0.14592093,0.016239926
Syria,adversary,ar,E3,لدى سوريا عاصمة.,0.107721224,0.7070127,0.18526615,0.07754493
Syria,adversary,ar,E4,سوريا عضو في الأمم المتحدة.,0.12832367,0.7473334,0.12434297,-0.0039807037
Syria,adversary,ar,E5,تُصدر حكومة سوريا جوازات سفر خاصة بها.,0.052541114,0.48461276,0.4628461,0.410305
Syria,adversary,ar,E6,اسم سوريا مذكور على خرائط العالم.,0.45920452,0.47773957,0.06305586,-0.39614868
Venezuela,adversary,en,A1,I saw a news report about Venezuela.,0.20852436,0.72318023,0.06829539,-0.14022897
Venezuela,adversary,en,A2,There was an article about Venezuela in the newspaper.,0.2223327,0.7217192,0.05594808,-0.16638462
Venezuela,adversary,en,A3,A podcast discussed Venezuela this week.,0.061551645,0.8476804,0.090767965,0.02921632
Venezuela,adversary,en,A4,The documentary focused on Venezuela.,0.06512567,0.8323993,0.10247501,0.037349343
Venezuela,adversary,en,A5,I watched a segment about Venezuela on TV.,0.14577743,0.7858758,0.06834676,-0.07743067
Venezuela,adversary,en,A6,The magazine published a story about Venezuela.,0.1146664,0.8097337,0.07559995,-0.03906645
Venezuela,adversary,en,B1,We studied Venezuela in class.,0.17528325,0.6486153,0.17610139,0.00081813335
Venezuela,adversary,en,B2,I read a book about Venezuela.,0.15477833,0.72983617,0.11538544,-0.03939289
Venezuela,adversary,en,B3,The textbook had a chapter on Venezuela.,0.19533616,0.7582582,0.046405528,-0.14893064
Venezuela,adversary,en,B4,A lecture covered the history of Venezuela.,0.08647824,0.8172948,0.09622698,0.009748742
Venezuela,adversary,en,B5,My professor mentioned Venezuela in her talk.,0.105832726,0.80293405,0.09123325,-0.014599472
Venezuela,adversary,en,B6,The encyclopedia has an entry on Venezuela.,0.08242572,0.86884475,0.04872961,-0.03369611
Venezuela,adversary,en,C1,My friend traveled to Venezuela last summer.,0.056411065,0.8268025,0.11678645,0.060375385
Venezuela,adversary,en,C2,A colleague of mine is from Venezuela.,0.17716432,0.7518342,0.07100151,-0.10616281
Venezuela,adversary,en,C3,Someone I know lives in Venezuela.,0.15743136,0.78461134,0.057957232,-0.09947413
Venezuela,adversary,en,C4,The flight from Venezuela landed this morning.,0.037469573,0.78281456,0.17971584,0.14224628
Venezuela,adversary,en,C5,My neighbor visited Venezuela last year.,0.096660174,0.79181206,0.11152781,0.014867634
Venezuela,adversary,en,C6,A student in my class came from Venezuela.,0.21524668,0.73791283,0.04684053,-0.16840614
Venezuela,adversary,en,D1,Someone mentioned Venezuela yesterday.,0.26943934,0.68185544,0.04870522,-0.22073412
Venezuela,adversary,en,D2,Venezuela came up in our conversation.,0.24566431,0.6858898,0.06844591,-0.1772184
Venezuela,adversary,en,D3,We talked about Venezuela over dinner.,0.10485694,0.8094247,0.08571838,-0.01913856
Venezuela,adversary,en,D4,A friend brought up Venezuela at the meeting.,0.12398289,0.7808937,0.09512342,-0.028859474
Venezuela,adversary,en,D5,I was reading something about Venezuela.,0.21539713,0.7287249,0.055877987,-0.15951915
Venezuela,adversary,en,D6,Venezuela was part of the discussion today.,0.0558983,0.74780744,0.19629428,0.14039597
Venezuela,adversary,en,E1,Venezuela shares borders with other nations.,0.38638562,0.5318848,0.081729576,-0.30465603
Venezuela,adversary,en,E2,Venezuela has several major cities.,0.18453392,0.7154512,0.10001485,-0.08451907
Venezuela,adversary,en,E3,Venezuela has a capital.,0.42245644,0.47059298,0.10695059,-0.31550586
Venezuela,adversary,en,E4,Venezuela is a member of the United Nations.,0.14169408,0.7170988,0.14120713,-0.00048695505
Venezuela,adversary,en,E5,Venezuela issues its own passports.,0.48433614,0.4848921,0.030771686,-0.45356447
Venezuela,adversary,en,E6,Venezuela is shown on world maps.,0.09817662,0.80490166,0.09692175,-0.0012548715
Venezuela,adversary,zh,A1,我看到了一篇关于委内瑞拉的新闻报道。,0.20344378,0.6411455,0.15541074,-0.048033044
Venezuela,adversary,zh,A2,报纸上有一篇关于委内瑞拉的文章。,0.15964733,0.71799064,0.12236197,-0.037285358
Venezuela,adversary,zh,A3,本周有一档播客讨论了委内瑞拉。,0.16862781,0.72757214,0.10380004,-0.06482777
Venezuela,adversary,zh,A4,这部纪录片聚焦于委内瑞拉。,0.1237902,0.70039624,0.17581356,0.05202336
Venezuela,adversary,zh,A5,我在电视上看了一段关于委内瑞拉的节目。,0.21701859,0.61888045,0.16410096,-0.05291763
Venezuela,adversary,zh,A6,这本杂志发表了一篇关于委内瑞拉的报道。,0.15155675,0.73660636,0.1118369,-0.039719842
Venezuela,adversary,zh,B1,我们在课堂上学习了委内瑞拉。,0.12801611,0.61091954,0.26106435,0.13304824
Venezuela,adversary,zh,B2,我读了一本关于委内瑞拉的书。,0.1558445,0.6499933,0.1941622,0.03831771
Venezuela,adversary,zh,B3,教科书里有一章关于委内瑞拉的内容。,0.16960484,0.714183,0.11621224,-0.053392597
Venezuela,adversary,zh,B4,一场讲座讲述了委内瑞拉的历史。,0.1386351,0.5690485,0.29231635,0.15368125
Venezuela,adversary,zh,B5,我的教授在她的演讲中提到了委内瑞拉。,0.14441752,0.68701935,0.16856319,0.024145663
Venezuela,adversary,zh,B6,百科全书里有一个关于委内瑞拉的条目。,0.22882012,0.6368678,0.13431208,-0.09450804
Venezuela,adversary,zh,C1,我的朋友去年夏天去了委内瑞拉。,0.16962488,0.72063273,0.10974242,-0.059882462
Venezuela,adversary,zh,C2,我的一位同事来自委内瑞拉。,0.16448885,0.69250304,0.14300808,-0.021480769
Venezuela,adversary,zh,C3,我认识的一个人住在委内瑞拉。,0.23605229,0.6714753,0.09247243,-0.14357987
Venezuela,adversary,zh,C4,来自委内瑞拉的航班今天早上降落了。,0.057320457,0.7823512,0.16032836,0.1030079
Venezuela,adversary,zh,C5,我的邻居去年访问了委内瑞拉。,0.18241245,0.686655,0.13093261,-0.05147983
Venezuela,adversary,zh,C6,我班上有一个学生来自委内瑞拉。,0.16053234,0.72358984,0.11587786,-0.04465448
Venezuela,adversary,zh,D1,昨天有人提到了委内瑞拉。,0.20280689,0.67523974,0.12195332,-0.08085357
Venezuela,adversary,zh,D2,委内瑞拉在我们的谈话中被提起。,0.24448074,0.61914694,0.13637227,-0.108108476
Venezuela,adversary,zh,D3,我们在晚餐时谈论了委内瑞拉。,0.16323517,0.6330068,0.20375805,0.040522873
Venezuela,adversary,zh,D4,一位朋友在会议上提到了委内瑞拉。,0.16775952,0.6724271,0.15981327,-0.007946253
Venezuela,adversary,zh,D5,我在读一些关于委内瑞拉的内容。,0.22277647,0.61695474,0.16026875,-0.06250772
Venezuela,adversary,zh,D6,委内瑞拉是今天讨论的一部分。,0.13064685,0.7493416,0.12001155,-0.0106353015
Venezuela,adversary,zh,E1,委内瑞拉与其他国家接壤。,0.2868362,0.6095476,0.103616185,-0.18322003
Venezuela,adversary,zh,E2,委内瑞拉有几个主要城市。,0.19110593,0.69425076,0.114643306,-0.07646263
Venezuela,adversary,zh,E3,委内瑞拉有一个首都。,0.17534584,0.6416953,0.1829589,0.007613063
Venezuela,adversary,zh,E4,委内瑞拉是联合国的成员国。,0.2773307,0.57248527,0.15018402,-0.12714668
Venezuela,adversary,zh,E5,委内瑞拉签发自己的护照。,0.19565615,0.6004727,0.20387118,0.008215025
Venezuela,adversary,zh,E6,委内瑞拉出现在世界地图上。,0.111863874,0.7885843,0.09955181,-0.012312062
Venezuela,adversary,ru,A1,Я видел новостной репортаж о Венесуэла.,0.104890645,0.8185105,0.07659883,-0.028291814
Venezuela,adversary,ru,A2,В газете была статья о Венесуэла.,0.116487816,0.83052784,0.052984294,-0.06350352
Venezuela,adversary,ru,A3,На этой неделе подкаст обсуждал Венесуэла.,0.050137315,0.8482206,0.101642095,0.05150478
Venezuela,adversary,ru,A4,Документальный фильм был посвящён Венесуэла.,0.08441773,0.7219719,0.19361027,0.109192535
Venezuela,adversary,ru,A5,Я посмотрел сюжет о Венесуэла по телевизору.,0.0777058,0.8339423,0.088351905,0.010646105
Venezuela,adversary,ru,A6,Журнал опубликовал статью о Венесуэла.,0.08064473,0.824958,0.09439728,0.01375255
Venezuela,adversary,ru,B1,Мы изучали Венесуэла на уроке.,0.12849396,0.7557461,0.115759954,-0.012734011
Venezuela,adversary,ru,B2,Я прочитал книгу о Венесуэла.,0.09471881,0.75358987,0.15169136,0.056972556
Venezuela,adversary,ru,B3,В учебнике была глава о Венесуэла.,0.10134272,0.83747673,0.06118056,-0.04016216
Venezuela,adversary,ru,B4,Лекция охватывала историю Венесуэла.,0.070669025,0.74222857,0.18710245,0.11643343
Venezuela,adversary,ru,B5,Моя преподавательница упомянула Венесуэла в своей речи.,0.11257045,0.76723135,0.12019825,0.0076278
Venezuela,adversary,ru,B6,В энциклопедии есть статья о Венесуэла.,0.08404586,0.8365331,0.07942099,-0.004624866
Venezuela,adversary,ru,C1,Мой друг ездил в Венесуэла прошлым летом.,0.07817187,0.83926636,0.08256178,0.004389912
Venezuela,adversary,ru,C2,Один мой коллега из Венесуэла.,0.107996784,0.82544523,0.06655799,-0.041438796
Venezuela,adversary,ru,C3,Один мой знакомый живёт в Венесуэла.,0.10320667,0.827288,0.06950542,-0.03370125
Venezuela,adversary,ru,C4,Рейс из Венесуэла приземлился сегодня утром.,0.04786421,0.79799545,0.15414032,0.10627611
Venezuela,adversary,ru,C5,Мой сосед посетил Венесуэла в прошлом году.,0.07666351,0.8430964,0.08024018,0.0035766736
Venezuela,adversary,ru,C6,Один ученик из моего класса приехал из Венесуэла.,0.1305811,0.80573255,0.06368636,-0.06689473
Venezuela,adversary,ru,D1,Кто-то упомянул Венесуэла вчера.,0.27325004,0.6644992,0.062250733,-0.21099931
Venezuela,adversary,ru,D2,Тема Венесуэла всплыла в нашем разговоре.,0.08267696,0.7793437,0.13797925,0.055302292
Venezuela,adversary,ru,D3,Мы говорили о Венесуэла за ужином.,0.13305074,0.7882011,0.07874827,-0.05430247
Venezuela,adversary,ru,D4,Друг упомянул Венесуэла на встрече.,0.1305382,0.76911163,0.1003502,-0.030187994
Venezuela,adversary,ru,D5,Я читал что-то о Венесуэла.,0.22356023,0.70690393,0.06953579,-0.15402444
Venezuela,adversary,ru,D6,Венесуэла обсуждали сегодня.,0.10837351,0.8286175,0.06300895,-0.04536456
Venezuela,adversary,ru,E1,Венесуэла граничит с другими государствами.,0.8043469,0.17999735,0.01565574,-0.78869116
Venezuela,adversary,ru,E2,В Венесуэла есть несколько крупных городов.,0.07598971,0.7997,0.12431028,0.04832057
Venezuela,adversary,ru,E3,У Венесуэла есть столица.,0.12341066,0.713117,0.16347231,0.040061653
Venezuela,adversary,ru,E4,Венесуэла является членом Организации Объединённых Наций.,0.08325246,0.7100004,0.20674716,0.1234947
Venezuela,adversary,ru,E5,Венесуэла выдаёт собственные паспорта.,0.11138739,0.68010265,0.20850994,0.09712255
Venezuela,adversary,ru,E6,Венесуэла присутствует на картах мира.,0.048147984,0.7578763,0.19397572,0.14582774
Venezuela,adversary,ar,A1,شاهدت تقريراً إخبارياً عن فنزويلا.,0.19787434,0.63515323,0.16697246,-0.03090188
Venezuela,adversary,ar,A2,كان هناك مقال عن فنزويلا في الجريدة.,0.19773075,0.7401449,0.06212431,-0.13560644
Venezuela,adversary,ar,A3,ناقش بودكاست فنزويلا هذا الأسبوع.,0.06389624,0.8254546,0.11064917,0.04675293
Venezuela,adversary,ar,A4,ركّز الفيلم الوثائقي على فنزويلا.,0.118906185,0.7150125,0.16608135,0.04717517
Venezuela,adversary,ar,A5,شاهدت فقرة عن فنزويلا على التلفاز.,0.056696914,0.5826201,0.360683,0.30398607
Venezuela,adversary,ar,A6,نشرت المجلة قصة عن فنزويلا.,0.24911487,0.68002135,0.0708638,-0.17825107
Venezuela,adversary,ar,B1,درسنا فنزويلا في الفصل.,0.2186477,0.5908131,0.1905391,-0.028108597
Venezuela,adversary,ar,B2,قرأت كتاباً عن فنزويلا.,0.13529398,0.60981864,0.25488737,0.1195934
Venezuela,adversary,ar,B3,احتوى الكتاب المدرسي على فصل عن فنزويلا.,0.3031293,0.6581762,0.038694613,-0.26443467
Venezuela,adversary,ar,B4,تناولت محاضرة تاريخ فنزويلا.,0.08059683,0.69243115,0.22697201,0.14637518
Venezuela,adversary,ar,B5,ذكرت أستاذتي فنزويلا في حديثها.,0.119475774,0.5848682,0.295656,0.17618021
Venezuela,adversary,ar,B6,تحتوي الموسوعة على مدخل عن فنزويلا.,0.053592082,0.85829115,0.088116765,0.034524683
Venezuela,adversary,ar,C1,سافر صديقي إلى فنزويلا الصيف الماضي.,0.05689319,0.78528035,0.15782651,0.10093333
Venezuela,adversary,ar,C2,أحد زملائي من فنزويلا.,0.097224236,0.8368491,0.065926686,-0.03129755
Venezuela,adversary,ar,C3,شخص أعرفه يعيش في فنزويلا.,0.06758126,0.8505588,0.08185992,0.014278658
Venezuela,adversary,ar,C4,هبطت الرحلة من فنزويلا هذا الصباح.,0.8876012,0.09394084,0.018457923,-0.86914325
Venezuela,adversary,ar,C5,زار جاري فنزويلا العام الماضي.,0.19266665,0.7570902,0.05024315,-0.1424235
Venezuela,adversary,ar,C6,جاء طالب في صفي من فنزويلا.,0.16548462,0.77869594,0.055819403,-0.109665215
Venezuela,adversary,ar,D1,ذكر أحدهم فنزويلا البارحة.,0.27628145,0.67976403,0.043954466,-0.23232698
Venezuela,adversary,ar,D2,ظهرت فنزويلا في حديثنا.,0.19769111,0.58289456,0.21941434,0.021723226
Venezuela,adversary,ar,D3,تحدثنا عن فنزويلا على العشاء.,0.10290883,0.80215394,0.09493725,-0.007971577
Venezuela,adversary,ar,D4,طرح صديق فنزويلا في الاجتماع.,0.08361284,0.7815444,0.1348428,0.05122996
Venezuela,adversary,ar,D5,كنت أقرأ شيئاً عن فنزويلا.,0.31724358,0.607755,0.07500141,-0.24224216
Venezuela,adversary,ar,D6,كانت فنزويلا جزءاً من النقاش اليوم.,0.22607298,0.735782,0.038145006,-0.18792798
Venezuela,adversary,ar,E1,لـ فنزويلا حدود مشتركة مع دول أخرى.,0.15951014,0.63312465,0.2073652,0.047855064
Venezuela,adversary,ar,E2,لدى فنزويلا عدة مدن كبرى.,0.07194373,0.77752346,0.15053286,0.07858913
Venezuela,adversary,ar,E3,لدى فنزويلا عاصمة.,0.12234077,0.79280406,0.08485523,-0.03748554
Venezuela,adversary,ar,E4,فنزويلا عضو في الأمم المتحدة.,0.117796496,0.7522406,0.12996289,0.012166396
Venezuela,adversary,ar,E5,تُصدر حكومة فنزويلا جوازات سفر خاصة بها.,0.044623476,0.4363965,0.51898,0.47435656
Venezuela,adversary,ar,E6,اسم فنزويلا مذكور على خرائط العالم.,0.33513546,0.54629034,0.11857418,-0.21656129
Belarus,adversary,en,A1,I saw a news report about Belarus.,0.16809937,0.73394036,0.097960286,-0.07013909
Belarus,adversary,en,A2,There was an article about Belarus in the newspaper.,0.17278937,0.7611418,0.06606892,-0.10672045
Belarus,adversary,en,A3,A podcast discussed Belarus this week.,0.05284016,0.83814806,0.10901184,0.056171678
Belarus,adversary,en,A4,The documentary focused on Belarus.,0.055296306,0.8245663,0.12013747,0.064841166
Belarus,adversary,en,A5,I watched a segment about Belarus on TV.,0.120712,0.7984741,0.080813944,-0.039898053
Belarus,adversary,en,A6,The magazine published a story about Belarus.,0.09478993,0.82286555,0.082344554,-0.012445375
Belarus,adversary,en,B1,We studied Belarus in class.,0.13879636,0.6664494,0.1947542,0.05595784
Belarus,adversary,en,B2,I read a book about Belarus.,0.1409842,0.6963922,0.16262355,0.021639347
Belarus,adversary,en,B3,The textbook had a chapter on Belarus.,0.13502474,0.8036485,0.061326817,-0.073697925
Belarus,adversary,en,B4,A lecture covered the history of Belarus.,0.06368008,0.8067675,0.12955244,0.06587236
Belarus,adversary,en,B5,My professor mentioned Belarus in her talk.,0.108222,0.79055643,0.10122157,-0.0070004314
Belarus,adversary,en,B6,The encyclopedia has an entry on Belarus.,0.05165708,0.87983507,0.06850789,0.016850807
Belarus,adversary,en,C1,My friend traveled to Belarus last summer.,0.043163925,0.8055293,0.15130682,0.1081429
Belarus,adversary,en,C2,A colleague of mine is from Belarus.,0.13523307,0.7748141,0.089952804,-0.04528027
Belarus,adversary,en,C3,Someone I know lives in Belarus.,0.12107767,0.80101186,0.07791049,-0.04316718
Belarus,adversary,en,C4,The flight from Belarus landed this morning.,0.03547979,0.7636791,0.20084113,0.16536134
Belarus,adversary,en,C5,My neighbor visited Belarus last year.,0.1035251,0.74854827,0.1479266,0.044401497
Belarus,adversary,en,C6,A student in my class came from Belarus.,0.15026234,0.7846272,0.06511045,-0.08515189
Belarus,adversary,en,D1,Someone mentioned Belarus yesterday.,0.27217326,0.66942585,0.05840092,-0.21377233
Belarus,adversary,en,D2,Belarus came up in our conversation.,0.16565952,0.6959171,0.13842335,-0.027236164
Belarus,adversary,en,D3,We talked about Belarus over dinner.,0.084489256,0.8015254,0.11398529,0.029496036
Belarus,adversary,en,D4,A friend brought up Belarus at the meeting.,0.08506113,0.81239665,0.10254224,0.017481104
Belarus,adversary,en,D5,I was reading something about Belarus.,0.21419372,0.69485384,0.09095243,-0.12324128
Belarus,adversary,en,D6,Belarus was part of the discussion today.,0.034364462,0.72122747,0.24440807,0.21004361
Belarus,adversary,en,E1,Belarus shares borders with other nations.,0.303565,0.5669966,0.1294384,-0.1741266
Belarus,adversary,en,E2,Belarus has several major cities.,0.14898571,0.7377407,0.113273606,-0.035712108
Belarus,adversary,en,E3,Belarus has a capital.,0.20986451,0.72342193,0.06671354,-0.14315097
Belarus,adversary,en,E4,Belarus is a member of the United Nations.,0.09153752,0.75201845,0.15644397,0.06490645
Belarus,adversary,en,E5,Belarus issues its own passports.,0.6086571,0.36783653,0.023506315,-0.5851508
Belarus,adversary,en,E6,Belarus is shown on world maps.,0.028774474,0.8991004,0.07212508,0.043350603
Belarus,adversary,zh,A1,我看到了一篇关于白俄罗斯的新闻报道。,0.19814938,0.6287783,0.17307235,-0.02507703
Belarus,adversary,zh,A2,报纸上有一篇关于白俄罗斯的文章。,0.15448464,0.7101282,0.13538712,-0.019097522
Belarus,adversary,zh,A3,本周有一档播客讨论了白俄罗斯。,0.18418542,0.72617626,0.08963834,-0.09454708
Belarus,adversary,zh,A4,这部纪录片聚焦于白俄罗斯。,0.11086627,0.7416977,0.147436,0.036569722
Belarus,adversary,zh,A5,我在电视上看了一段关于白俄罗斯的节目。,0.21623483,0.62545747,0.1583077,-0.05792713
Belarus,adversary,zh,A6,这本杂志发表了一篇关于白俄罗斯的报道。,0.16205807,0.72498137,0.11296055,-0.049097523
Belarus,adversary,zh,B1,我们在课堂上学习了白俄罗斯。,0.15503748,0.59987557,0.245087,0.09004952
Belarus,adversary,zh,B2,我读了一本关于白俄罗斯的书。,0.1438802,0.6365081,0.21961167,0.07573147
Belarus,adversary,zh,B3,教科书里有一章关于白俄罗斯的内容。,0.17256214,0.71228576,0.11515207,-0.05741007
Belarus,adversary,zh,B4,一场讲座讲述了白俄罗斯的历史。,0.13162588,0.6065927,0.2617814,0.13015552
Belarus,adversary,zh,B5,我的教授在她的演讲中提到了白俄罗斯。,0.15353782,0.67542976,0.1710324,0.017494574
Belarus,adversary,zh,B6,百科全书里有一个关于白俄罗斯的条目。,0.2504668,0.63876253,0.11077068,-0.13969612
Belarus,adversary,zh,C1,我的朋友去年夏天去了白俄罗斯。,0.14728115,0.74847245,0.10424645,-0.043034703
Belarus,adversary,zh,C2,我的一位同事来自白俄罗斯。,0.14334707,0.71476364,0.1418893,-0.0014577657
Belarus,adversary,zh,C3,我认识的一个人住在白俄罗斯。,0.24590546,0.6457875,0.108307086,-0.13759837
Belarus,adversary,zh,C4,来自白俄罗斯的航班今天早上降落了。,0.060397163,0.7855786,0.15402417,0.093627006
Belarus,adversary,zh,C5,我的邻居去年访问了白俄罗斯。,0.15453784,0.71468335,0.13077877,-0.023759067
Belarus,adversary,zh,C6,我班上有一个学生来自白俄罗斯。,0.12112799,0.7715121,0.107359864,-0.013768129
Belarus,adversary,zh,D1,昨天有人提到了白俄罗斯。,0.22815472,0.65357786,0.1182674,-0.10988732
Belarus,adversary,zh,D2,白俄罗斯在我们的谈话中被提起。,0.30166498,0.5876481,0.11068692,-0.19097805
Belarus,adversary,zh,D3,我们在晚餐时谈论了白俄罗斯。,0.15862906,0.63926464,0.20210631,0.043477252
Belarus,adversary,zh,D4,一位朋友在会议上提到了白俄罗斯。,0.18202516,0.6714796,0.14649528,-0.03552988
Belarus,adversary,zh,D5,我在读一些关于白俄罗斯的内容。,0.23412216,0.5860191,0.17985876,-0.054263398
Belarus,adversary,zh,D6,白俄罗斯是今天讨论的一部分。,0.17925769,0.7079007,0.11284157,-0.06641612
Belarus,adversary,zh,E1,白俄罗斯与其他国家接壤。,0.32377115,0.58711416,0.08911469,-0.23465645
Belarus,adversary,zh,E2,白俄罗斯有几个主要城市。,0.21137321,0.669605,0.119021796,-0.092351414
Belarus,adversary,zh,E3,白俄罗斯有一个首都。,0.19126956,0.63800913,0.17072126,-0.020548299
Belarus,adversary,zh,E4,白俄罗斯是联合国的成员国。,0.2784527,0.56277245,0.15877487,-0.11967783
Belarus,adversary,zh,E5,白俄罗斯签发自己的护照。,0.23692895,0.5420262,0.22104482,-0.015884131
Belarus,adversary,zh,E6,白俄罗斯出现在世界地图上。,0.10410164,0.82520366,0.07069473,-0.033406913
Belarus,adversary,ru,A1,Я видел новостной репортаж о Беларусь.,0.09020029,0.8288069,0.080992796,-0.009207495
Belarus,adversary,ru,A2,В газете была статья о Беларусь.,0.090807654,0.85656613,0.05262623,-0.038181424
Belarus,adversary,ru,A3,На этой неделе подкаст обсуждал Беларусь.,0.034854516,0.8114402,0.15370528,0.11885077
Belarus,adversary,ru,A4,Документальный фильм был посвящён Беларусь.,0.06382347,0.70241135,0.23376516,0.1699417
Belarus,adversary,ru,A5,Я посмотрел сюжет о Беларусь по телевизору.,0.059888836,0.85066885,0.08944227,0.029553432
Belarus,adversary,ru,A6,Журнал опубликовал статью о Беларусь.,0.067567274,0.83163685,0.10079587,0.0332286
Belarus,adversary,ru,B1,Мы изучали Беларусь на уроке.,0.11482811,0.69018066,0.19499119,0.08016308
Belarus,adversary,ru,B2,Я прочитал книгу о Беларусь.,0.07436696,0.75313526,0.17249781,0.09813085
Belarus,adversary,ru,B3,В учебнике была глава о Беларусь.,0.07363066,0.8510694,0.07529992,0.0016692579
Belarus,adversary,ru,B4,Лекция охватывала историю Беларусь.,0.060001347,0.6233275,0.31667122,0.25666988
Belarus,adversary,ru,B5,Моя преподавательница упомянула Беларусь в своей речи.,0.10633608,0.7103213,0.18334258,0.0770065
Belarus,adversary,ru,B6,В энциклопедии есть статья о Беларусь.,0.06954878,0.8478665,0.08258475,0.013035975
Belarus,adversary,ru,C1,Мой друг ездил в Беларусь прошлым летом.,0.069274,0.82948613,0.101239905,0.031965904
Belarus,adversary,ru,C2,Один мой коллега из Беларусь.,0.065058745,0.85028267,0.08465862,0.019599877
Belarus,adversary,ru,C3,Один мой знакомый живёт в Беларусь.,0.081369475,0.8319199,0.08671054,0.005341068
Belarus,adversary,ru,C4,Рейс из Беларусь приземлился сегодня утром.,0.03728912,0.76353747,0.19917342,0.16188431
Belarus,adversary,ru,C5,Мой сосед посетил Беларусь в прошлом году.,0.051841192,0.83353645,0.1146224,0.06278121
Belarus,adversary,ru,C6,Один ученик из моего класса приехал из Беларусь.,0.0881346,0.84583336,0.06603203,-0.022102572
Belarus,adversary,ru,D1,Кто-то упомянул Беларусь вчера.,0.28334048,0.6377992,0.078860305,-0.20448017
Belarus,adversary,ru,D2,Тема Беларусь всплыла в нашем разговоре.,0.052444,0.78718525,0.16037081,0.107926816
Belarus,adversary,ru,D3,Мы говорили о Беларусь за ужином.,0.09818014,0.8133779,0.08844192,-0.009738214
Belarus,adversary,ru,D4,Друг упомянул Беларусь на встрече.,0.1279321,0.74379826,0.12826967,0.0003375709
Belarus,adversary,ru,D5,Я читал что-то о Беларусь.,0.21538827,0.7072136,0.077398114,-0.13799015
Belarus,adversary,ru,D6,Беларусь обсуждали сегодня.,0.06403111,0.83193165,0.10403725,0.04000614
Belarus,adversary,ru,E1,Беларусь граничит с другими государствами.,0.8071753,0.17606296,0.016761752,-0.7904135
Belarus,adversary,ru,E2,В Беларусь есть несколько крупных городов.,0.07439809,0.8045715,0.12103039,0.046632297
Belarus,adversary,ru,E3,У Беларусь есть столица.,0.07822771,0.64694846,0.27482384,0.19659613
Belarus,adversary,ru,E4,Беларусь является членом Организации Объединённых Наций.,0.085961625,0.6866678,0.22737056,0.14140894
Belarus,adversary,ru,E5,Беларусь выдаёт собственные паспорта.,0.075102754,0.702599,0.2222983,0.14719555
Belarus,adversary,ru,E6,Беларусь присутствует на картах мира.,0.060850233,0.79222345,0.1469263,0.086076066
Belarus,adversary,ar,A1,شاهدت تقريراً إخبارياً عن بيلاروسيا.,0.113867536,0.75133187,0.13480061,0.020933077
Belarus,adversary,ar,A2,كان هناك مقال عن بيلاروسيا في الجريدة.,0.106596634,0.84116644,0.052236967,-0.054359667
Belarus,adversary,ar,A3,ناقش بودكاست بيلاروسيا هذا الأسبوع.,0.03483366,0.89196503,0.0732013,0.03836764
Belarus,adversary,ar,A4,ركّز الفيلم الوثائقي على بيلاروسيا.,0.03503317,0.78257924,0.18238755,0.14735438
Belarus,adversary,ar,A5,شاهدت فقرة عن بيلاروسيا على التلفاز.,0.025802724,0.69182295,0.2823743,0.25657156
Belarus,adversary,ar,A6,نشرت المجلة قصة عن بيلاروسيا.,0.11593463,0.8075355,0.07652989,-0.039404742
Belarus,adversary,ar,B1,درسنا بيلاروسيا في الفصل.,0.14171433,0.71844584,0.13983987,-0.0018744618
Belarus,adversary,ar,B2,قرأت كتاباً عن بيلاروسيا.,0.101886496,0.73451376,0.16359971,0.06171322
Belarus,adversary,ar,B3,احتوى الكتاب المدرسي على فصل عن بيلاروسيا.,0.2431647,0.7269944,0.029840952,-0.21332376
Belarus,adversary,ar,B4,تناولت محاضرة تاريخ بيلاروسيا.,0.042782385,0.702431,0.25478658,0.2120042
Belarus,adversary,ar,B5,ذكرت أستاذتي بيلاروسيا في حديثها.,0.06360767,0.67479306,0.26159927,0.19799161
Belarus,adversary,ar,B6,تحتوي الموسوعة على مدخل عن بيلاروسيا.,0.03679271,0.87649703,0.0867103,0.049917586
Belarus,adversary,ar,C1,سافر صديقي إلى بيلاروسيا الصيف الماضي.,0.048978455,0.7914427,0.15957883,0.110600375
Belarus,adversary,ar,C2,أحد زملائي من بيلاروسيا.,0.049696013,0.8781335,0.072170496,0.022474483
Belarus,adversary,ar,C3,شخص أعرفه يعيش في بيلاروسيا.,0.055104494,0.8644197,0.080475815,0.02537132
Belarus,adversary,ar,C4,هبطت الرحلة من بيلاروسيا هذا الصباح.,0.90314066,0.07988451,0.016974906,-0.88616574
Belarus,adversary,ar,C5,زار جاري بيلاروسيا العام الماضي.,0.09721272,0.8497493,0.05303796,-0.044174757
Belarus,adversary,ar,C6,جاء طالب في صفي من بيلاروسيا.,0.10909619,0.8321473,0.058756497,-0.050339695
Belarus,adversary,ar,D1,ذكر أحدهم بيلاروسيا البارحة.,0.17238818,0.77592844,0.051683396,-0.120704785
Belarus,adversary,ar,D2,ظهرت بيلاروسيا في حديثنا.,0.20896237,0.64745456,0.14358309,-0.06537928
Belarus,adversary,ar,D3,تحدثنا عن بيلاروسيا على العشاء.,0.055752505,0.85256976,0.091677666,0.03592516
Belarus,adversary,ar,D4,طرح صديق بيلاروسيا في الاجتماع.,0.04104811,0.8214373,0.1375146,0.0964665
Belarus,adversary,ar,D5,كنت أقرأ شيئاً عن بيلاروسيا.,0.21652593,0.71676576,0.06670831,-0.14981762
Belarus,adversary,ar,D6,كانت بيلاروسيا جزءاً من النقاش اليوم.,0.16087385,0.80042595,0.038700216,-0.12217363
Belarus,adversary,ar,E1,لـ بيلاروسيا حدود مشتركة مع دول أخرى.,0.11442465,0.6220969,0.26347846,0.14905381
Belarus,adversary,ar,E2,لدى بيلاروسيا عدة مدن كبرى.,0.053543936,0.7852656,0.16119042,0.10764648
Belarus,adversary,ar,E3,لدى بيلاروسيا عاصمة.,0.054420795,0.8506282,0.094951026,0.04053023
Belarus,adversary,ar,E4,بيلاروسيا عضو في الأمم المتحدة.,0.072224826,0.82442385,0.10335132,0.031126492
Belarus,adversary,ar,E5,تُصدر حكومة بيلاروسيا جوازات سفر خاصة بها.,0.03803322,0.41374877,0.548218,0.51018476
Belarus,adversary,ar,E6,اسم بيلاروسيا مذكور على خرائط العالم.,0.21945094,0.68473125,0.09581786,-0.12363308
Nicaragua,adversary,en,A1,I saw a news report about Nicaragua.,0.20059687,0.72942007,0.06998299,-0.13061388
Nicaragua,adversary,en,A2,There was an article about Nicaragua in the newspaper.,0.2035517,0.7373759,0.05907245,-0.14447924
Nicaragua,adversary,en,A3,A podcast discussed Nicaragua this week.,0.059842177,0.85458934,0.08556849,0.02572631
Nicaragua,adversary,en,A4,The documentary focused on Nicaragua.,0.06575319,0.823847,0.11039985,0.044646658
Nicaragua,adversary,en,A5,I watched a segment about Nicaragua on TV.,0.14404778,0.790034,0.065918215,-0.07812957
Nicaragua,adversary,en,A6,The magazine published a story about Nicaragua.,0.10713415,0.814344,0.07852181,-0.028612338
Nicaragua,adversary,en,B1,We studied Nicaragua in class.,0.15308914,0.6812068,0.16570403,0.012614891
Nicaragua,adversary,en,B2,I read a book about Nicaragua.,0.14470689,0.72735727,0.12793584,-0.016771048
Nicaragua,adversary,en,B3,The textbook had a chapter on Nicaragua.,0.1811855,0.771984,0.0468305,-0.134355
Nicaragua,adversary,en,B4,A lecture covered the history of Nicaragua.,0.08287812,0.81016225,0.10695961,0.024081491
Nicaragua,adversary,en,B5,My professor mentioned Nicaragua in her talk.,0.103721395,0.8077198,0.08855884,-0.015162557
Nicaragua,adversary,en,B6,The encyclopedia has an entry on Nicaragua.,0.064337395,0.8844795,0.051183064,-0.013154332
Nicaragua,adversary,en,C1,My friend traveled to Nicaragua last summer.,0.036934536,0.81380534,0.14926007,0.112325534
Nicaragua,adversary,en,C2,A colleague of mine is from Nicaragua.,0.14162695,0.7856634,0.07270962,-0.068917334
Nicaragua,adversary,en,C3,Someone I know lives in Nicaragua.,0.12485773,0.81622744,0.05891479,-0.06594294
Nicaragua,adversary,en,C4,The flight from Nicaragua landed this morning.,0.034674075,0.78366184,0.18166402,0.14698994
Nicaragua,adversary,en,C5,My neighbor visited Nicaragua last year.,0.07632614,0.78694737,0.13672648,0.060400344
Nicaragua,adversary,en,C6,A student in my class came from Nicaragua.,0.1785974,0.77368444,0.04771814,-0.13087927
Nicaragua,adversary,en,D1,Someone mentioned Nicaragua yesterday.,0.28930923,0.6646011,0.04608973,-0.2432195
Nicaragua,adversary,en,D2,Nicaragua came up in our conversation.,0.15540835,0.7456037,0.098987944,-0.05642041
Nicaragua,adversary,en,D3,We talked about Nicaragua over dinner.,0.07495088,0.83115107,0.09389807,0.018947192
Nicaragua,adversary,en,D4,A friend brought up Nicaragua at the meeting.,0.09808421,0.8069739,0.094941944,-0.0031422675
Nicaragua,adversary,en,D5,I was reading something about Nicaragua.,0.21394928,0.7285947,0.057456102,-0.15649317
Nicaragua,adversary,en,D6,Nicaragua was part of the discussion today.,0.039466396,0.71552527,0.24500833,0.20554194
Nicaragua,adversary,en,E1,Nicaragua shares borders with other nations.,0.31588495,0.58592504,0.09819003,-0.21769491
Nicaragua,adversary,en,E2,Nicaragua has several major cities.,0.15651543,0.7261598,0.11732475,-0.039190687
Nicaragua,adversary,en,E3,Nicaragua has a capital.,0.25636694,0.6134336,0.1301995,-0.12616743
Nicaragua,adversary,en,E4,Nicaragua is a member of the United Nations.,0.12241643,0.7309253,0.14665829,0.024241857
Nicaragua,adversary,en,E5,Nicaragua issues its own passports.,0.48612016,0.4845238,0.02935606,-0.4567641
Nicaragua,adversary,en,E6,Nicaragua is shown on world maps.,0.06768496,0.8437052,0.08860989,0.020924926
Nicaragua,adversary,zh,A1,我看到了一篇关于尼加拉瓜的新闻报道。,0.22981098,0.6000249,0.17016414,-0.059646845
Nicaragua,adversary,zh,A2,报纸上有一篇关于尼加拉瓜的文章。,0.18736002,0.67676884,0.1358711,-0.05148892
Nicaragua,adversary,zh,A3,本周有一档播客讨论了尼加拉瓜。,0.17292108,0.71112686,0.11595208,-0.056968994
Nicaragua,adversary,zh,A4,这部纪录片聚焦于尼加拉瓜。,0.1707702,0.64226687,0.18696286,0.01619266
Nicaragua,adversary,zh,A5,我在电视上看了一段关于尼加拉瓜的节目。,0.21037301,0.6122991,0.1773279,-0.033045113
Nicaragua,adversary,zh,A6,这本杂志发表了一篇关于尼加拉瓜的报道。,0.19613317,0.6837774,0.120089464,-0.0760437
Nicaragua,adversary,zh,B1,我们在课堂上学习了尼加拉瓜。,0.17341082,0.5581953,0.2683939,0.094983086
Nicaragua,adversary,zh,B2,我读了一本关于尼加拉瓜的书。,0.15287395,0.61955446,0.22757164,0.07469769
Nicaragua,adversary,zh,B3,教科书里有一章关于尼加拉瓜的内容。,0.18501233,0.6766394,0.13834836,-0.04666397
Nicaragua,adversary,zh,B4,一场讲座讲述了尼加拉瓜的历史。,0.18078704,0.58160704,0.23760593,0.056818888
Nicaragua,adversary,zh,B5,我的教授在她的演讲中提到了尼加拉瓜。,0.16226462,0.6513227,0.18641265,0.024148032
Nicaragua,adversary,zh,B6,百科全书里有一个关于尼加拉瓜的条目。,0.24042007,0.613496,0.14608401,-0.09433606
Nicaragua,adversary,zh,C1,我的朋友去年夏天去了尼加拉瓜。,0.1610512,0.7231966,0.115752175,-0.045299023
Nicaragua,adversary,zh,C2,我的一位同事来自尼加拉瓜。,0.15404554,0.7009413,0.1450131,-0.009032443
Nicaragua,adversary,zh,C3,我认识的一个人住在尼加拉瓜。,0.26243493,0.6357436,0.10182138,-0.16061355
Nicaragua,adversary,zh,C4,来自尼加拉瓜的航班今天早上降落了。,0.061921943,0.77794176,0.16013631,0.09821437
Nicaragua,adversary,zh,C5,我的邻居去年访问了尼加拉瓜。,0.18120219,0.6863767,0.13242109,-0.048781097
Nicaragua,adversary,zh,C6,我班上有一个学生来自尼加拉瓜。,0.16327184,0.70678633,0.1299418,-0.03333004
Nicaragua,adversary,zh,D1,昨天有人提到了尼加拉瓜。,0.22589374,0.6344692,0.13963707,-0.08625667
Nicaragua,adversary,zh,D2,尼加拉瓜在我们的谈话中被提起。,0.23859492,0.6318244,0.12958077,-0.10901415
Nicaragua,adversary,zh,D3,我们在晚餐时谈论了尼加拉瓜。,0.18017271,0.6116613,0.20816597,0.027993262
Nicaragua,adversary,zh,D4,一位朋友在会议上提到了尼加拉瓜。,0.18623976,0.6446519,0.16910839,-0.017131373
Nicaragua,adversary,zh,D5,我在读一些关于尼加拉瓜的内容。,0.22900125,0.5850862,0.18591255,-0.043088704
Nicaragua,adversary,zh,D6,尼加拉瓜是今天讨论的一部分。,0.16702116,0.6790653,0.15391356,-0.013107598
Nicaragua,adversary,zh,E1,尼加拉瓜与其他国家接壤。,0.3479944,0.5365714,0.11543428,-0.2325601
Nicaragua,adversary,zh,E2,尼加拉瓜有几个主要城市。,0.22373946,0.6463885,0.12987205,-0.093867406
Nicaragua,adversary,zh,E3,尼加拉瓜有一个首都。,0.22660154,0.5929673,0.18043117,-0.04617037
Nicaragua,adversary,zh,E4,尼加拉瓜是联合国的成员国。,0.30043602,0.5561643,0.14339969,-0.15703633
Nicaragua,adversary,zh,E5,尼加拉瓜签发自己的护照。,0.22553939,0.5343316,0.24012901,0.014589623
Nicaragua,adversary,zh,E6,尼加拉瓜出现在世界地图上。,0.14592665,0.73033845,0.1237349,-0.022191755
Nicaragua,adversary,ru,A1,Я видел новостной репортаж о Никарагуа.,0.110564776,0.8068951,0.082540095,-0.02802468
Nicaragua,adversary,ru,A2,В газете была статья о Никарагуа.,0.12988028,0.8107904,0.059329323,-0.070550956
Nicaragua,adversary,ru,A3,На этой неделе подкаст обсуждал Никарагуа.,0.04975053,0.8320522,0.118197255,0.068446726
Nicaragua,adversary,ru,A4,Документальный фильм был посвящён Никарагуа.,0.086591296,0.6986754,0.21473332,0.12814203
Nicaragua,adversary,ru,A5,Я посмотрел сюжет о Никарагуа по телевизору.,0.09127334,0.8148971,0.09382952,0.0025561824
Nicaragua,adversary,ru,A6,Журнал опубликовал статью о Никарагуа.,0.08788353,0.8119047,0.10021178,0.012328245
Nicaragua,adversary,ru,B1,Мы изучали Никарагуа на уроке.,0.13317555,0.7165437,0.15028083,0.017105281
Nicaragua,adversary,ru,B2,Я прочитал книгу о Никарагуа.,0.094581045,0.7267352,0.17868379,0.08410274
Nicaragua,adversary,ru,B3,В учебнике была глава о Никарагуа.,0.1194933,0.8090901,0.07141662,-0.04807668
Nicaragua,adversary,ru,B4,Лекция охватывала историю Никарагуа.,0.09055325,0.72455937,0.18488745,0.09433421
Nicaragua,adversary,ru,B5,Моя преподавательница упомянула Никарагуа в своей речи.,0.12957565,0.70757586,0.16284855,0.033272892
Nicaragua,adversary,ru,B6,В энциклопедии есть статья о Никарагуа.,0.098278955,0.80676407,0.09495693,-0.0033220276
Nicaragua,adversary,ru,C1,Мой друг ездил в Никарагуа прошлым летом.,0.080694646,0.82316,0.09614536,0.015450716
Nicaragua,adversary,ru,C2,Один мой коллега из Никарагуа.,0.11913297,0.8063202,0.07454681,-0.044586167
Nicaragua,adversary,ru,C3,Один мой знакомый живёт в Никарагуа.,0.11439155,0.801575,0.08403345,-0.030358098
Nicaragua,adversary,ru,C4,Рейс из Никарагуа приземлился сегодня утром.,0.043449875,0.7708487,0.1857014,0.14225152
Nicaragua,adversary,ru,C5,Мой сосед посетил Никарагуа в прошлом году.,0.08199366,0.8236405,0.09436582,0.0123721585
Nicaragua,adversary,ru,C6,Один ученик из моего класса приехал из Никарагуа.,0.12614205,0.7963846,0.07747338,-0.048668675
Nicaragua,adversary,ru,D1,Кто-то упомянул Никарагуа вчера.,0.31966665,0.59597677,0.08435652,-0.23531014
Nicaragua,adversary,ru,D2,Тема Никарагуа всплыла в нашем разговоре.,0.092499286,0.7292611,0.1782396,0.08574031
Nicaragua,adversary,ru,D3,Мы говорили о Никарагуа за ужином.,0.11681461,0.7862141,0.09697128,-0.019843332
Nicaragua,adversary,ru,D4,Друг упомянул Никарагуа на встрече.,0.16080084,0.72572047,0.11347871,-0.04732213
Nicaragua,adversary,ru,D5,Я читал что-то о Никарагуа.,0.21393935,0.7028331,0.0832275,-0.13071185
Nicaragua,adversary,ru,D6,Никарагуа обсуждали сегодня.,0.10765689,0.8197763,0.07256682,-0.035090066
Nicaragua,adversary,ru,E1,Никарагуа граничит с другими государствами.,0.7898189,0.19250065,0.017680435,-0.7721385
Nicaragua,adversary,ru,E2,В Никарагуа есть несколько крупных городов.,0.10295903,0.7640296,0.13301142,0.030052386
Nicaragua,adversary,ru,E3,У Никарагуа есть столица.,0.14389534,0.67899597,0.17710876,0.03321342
Nicaragua,adversary,ru,E4,Никарагуа является членом Организации Объединённых Наций.,0.10442126,0.6860806,0.20949817,0.10507691
Nicaragua,adversary,ru,E5,Никарагуа выдаёт собственные паспорта.,0.1382342,0.64255726,0.21920855,0.080974355
Nicaragua,adversary,ru,E6,Никарагуа присутствует на картах мира.,0.062241588,0.7966477,0.14111069,0.078869104
Nicaragua,adversary,ar,A1,شاهدت تقريراً إخبارياً عن نيكاراغوا.,0.08898367,0.70201683,0.20899956,0.12001589
Nicaragua,adversary,ar,A2,كان هناك مقال عن نيكاراغوا في الجريدة.,0.07193803,0.83863586,0.089426115,0.017488085
Nicaragua,adversary,ar,A3,ناقش بودكاست نيكاراغوا هذا الأسبوع.,0.04462496,0.8281521,0.12722291,0.082597956
Nicaragua,adversary,ar,A4,ركّز الفيلم الوثائقي على نيكاراغوا.,0.02346833,0.75955826,0.21697341,0.19350508
Nicaragua,adversary,ar,A5,شاهدت فقرة عن نيكاراغوا على التلفاز.,0.020584764,0.523048,0.45636725,0.4357825
Nicaragua,adversary,ar,A6,نشرت المجلة قصة عن نيكاراغوا.,0.08171235,0.83430314,0.08398449,0.0022721365
Nicaragua,adversary,ar,B1,درسنا نيكاراغوا في الفصل.,0.17123947,0.64686036,0.18190022,0.010660753
Nicaragua,adversary,ar,B2,قرأت كتاباً عن نيكاراغوا.,0.053422812,0.6410477,0.30552948,0.25210667
Nicaragua,adversary,ar,B3,احتوى الكتاب المدرسي على فصل عن نيكاراغوا.,0.1810352,0.7563284,0.062636375,-0.11839883
Nicaragua,adversary,ar,B4,تناولت محاضرة تاريخ نيكاراغوا.,0.033416476,0.70802045,0.25856307,0.22514659
Nicaragua,adversary,ar,B5,ذكرت أستاذتي نيكاراغوا في حديثها.,0.049011048,0.5213758,0.42961323,0.38060218
Nicaragua,adversary,ar,B6,تحتوي الموسوعة على مدخل عن نيكاراغوا.,0.022902744,0.83094335,0.1461539,0.123251155
Nicaragua,adversary,ar,C1,سافر صديقي إلى نيكاراغوا الصيف الماضي.,0.065449536,0.7728569,0.16169356,0.09624402
Nicaragua,adversary,ar,C2,أحد زملائي من نيكاراغوا.,0.07623178,0.8329811,0.090787135,0.014555357
Nicaragua,adversary,ar,C3,شخص أعرفه يعيش في نيكاراغوا.,0.05680102,0.8600459,0.08315313,0.026352108
Nicaragua,adversary,ar,C4,هبطت الرحلة من نيكاراغوا هذا الصباح.,0.87225705,0.104003064,0.023739867,-0.8485172
Nicaragua,adversary,ar,C5,زار جاري نيكاراغوا العام الماضي.,0.09914707,0.832772,0.06808092,-0.03106615
Nicaragua,adversary,ar,C6,جاء طالب في صفي من نيكاراغوا.,0.16180517,0.7035537,0.13464111,-0.027164057
Nicaragua,adversary,ar,D1,ذكر أحدهم نيكاراغوا البارحة.,0.20357391,0.6994271,0.09699897,-0.106574945
Nicaragua,adversary,ar,D2,ظهرت نيكاراغوا في حديثنا.,0.20021331,0.516825,0.28296167,0.08274835
Nicaragua,adversary,ar,D3,تحدثنا عن نيكاراغوا على العشاء.,0.052583613,0.8614128,0.086003534,0.033419922
Nicaragua,adversary,ar,D4,طرح صديق نيكاراغوا في الاجتماع.,0.035754602,0.7574039,0.20684151,0.1710869
Nicaragua,adversary,ar,D5,كنت أقرأ شيئاً عن نيكاراغوا.,0.17061698,0.7157327,0.11365037,-0.056966618
Nicaragua,adversary,ar,D6,كانت نيكاراغوا جزءاً من النقاش اليوم.,0.16756606,0.7453772,0.08705681,-0.08050925
Nicaragua,adversary,ar,E1,لـ نيكاراغوا حدود مشتركة مع دول أخرى.,0.21244784,0.5057752,0.2817769,0.06932907
Nicaragua,adversary,ar,E2,لدى نيكاراغوا عدة مدن كبرى.,0.04718117,0.81041014,0.14240867,0.095227495
Nicaragua,adversary,ar,E3,لدى نيكاراغوا عاصمة.,0.0896833,0.82108414,0.089232504,-0.00045079738
Nicaragua,adversary,ar,E4,نيكاراغوا عضو في الأمم المتحدة.,0.09312673,0.8036131,0.10326011,0.010133378
Nicaragua,adversary,ar,E5,تُصدر حكومة نيكاراغوا جوازات سفر خاصة بها.,0.06510046,0.4352918,0.49960774,0.43450728
Nicaragua,adversary,ar,E6,اسم نيكاراغوا مذكور على خرائط العالم.,0.13002893,0.6896164,0.18035471,0.05032578
Myanmar,adversary,en,A1,I saw a news report about Myanmar.,0.17810431,0.69704294,0.12485274,-0.053251572
Myanmar,adversary,en,A2,There was an article about Myanmar in the newspaper.,0.17660923,0.75415623,0.069234565,-0.10737467
Myanmar,adversary,en,A3,A podcast discussed Myanmar this week.,0.04421774,0.8304252,0.12535708,0.08113934
Myanmar,adversary,en,A4,The documentary focused on Myanmar.,0.060397595,0.80203056,0.13757184,0.07717425
Myanmar,adversary,en,A5,I watched a segment about Myanmar on TV.,0.11121514,0.8031709,0.08561397,-0.025601164
Myanmar,adversary,en,A6,The magazine published a story about Myanmar.,0.095422104,0.80341065,0.10116726,0.0057451576
Myanmar,adversary,en,B1,We studied Myanmar in class.,0.08314881,0.7427856,0.1740656,0.0909168
Myanmar,adversary,en,B2,I read a book about Myanmar.,0.10955131,0.708058,0.18239065,0.072839335
Myanmar,adversary,en,B3,The textbook had a chapter on Myanmar.,0.13391143,0.8152196,0.050868925,-0.0830425
Myanmar,adversary,en,B4,A lecture covered the history of Myanmar.,0.07234379,0.7698662,0.15778999,0.0854462
Myanmar,adversary,en,B5,My professor mentioned Myanmar in her talk.,0.081352204,0.820611,0.09803683,0.016684629
Myanmar,adversary,en,B6,The encyclopedia has an entry on Myanmar.,0.05387429,0.8814512,0.06467454,0.01080025
Myanmar,adversary,en,C1,My friend traveled to Myanmar last summer.,0.0319128,0.81177235,0.15631482,0.12440202
Myanmar,adversary,en,C2,A colleague of mine is from Myanmar.,0.12195576,0.7918278,0.086216494,-0.035739265
Myanmar,adversary,en,C3,Someone I know lives in Myanmar.,0.10297104,0.8289207,0.06810824,-0.0348628
Myanmar,adversary,en,C4,The flight from Myanmar landed this morning.,0.030851742,0.763422,0.20572628,0.17487454
Myanmar,adversary,en,C5,My neighbor visited Myanmar last year.,0.06583551,0.78039247,0.15377203,0.08793651
Myanmar,adversary,en,C6,A student in my class came from Myanmar.,0.14396407,0.802364,0.053671993,-0.090292074
Myanmar,adversary,en,D1,Someone mentioned Myanmar yesterday.,0.23162195,0.7115764,0.056801636,-0.17482032
Myanmar,adversary,en,D2,Myanmar came up in our conversation.,0.16346581,0.68801206,0.14852211,-0.014943704
Myanmar,adversary,en,D3,We talked about Myanmar over dinner.,0.06552662,0.8157322,0.118741155,0.053214535
Myanmar,adversary,en,D4,A friend brought up Myanmar at the meeting.,0.08212652,0.8198816,0.09799186,0.01586534
Myanmar,adversary,en,D5,I was reading something about Myanmar.,0.20065106,0.70765424,0.091694705,-0.10895636
Myanmar,adversary,en,D6,Myanmar was part of the discussion today.,0.03539679,0.67870504,0.28589818,0.2505014
Myanmar,adversary,en,E1,Myanmar shares borders with other nations.,0.2687596,0.5604087,0.17083167,-0.09792794
Myanmar,adversary,en,E2,Myanmar has several major cities.,0.14112897,0.7310715,0.12779959,-0.013329387
Myanmar,adversary,en,E3,Myanmar has a capital.,0.18933469,0.6937899,0.11687541,-0.07245928
Myanmar,adversary,en,E4,Myanmar is a member of the United Nations.,0.10362572,0.72743464,0.16893965,0.06531393
Myanmar,adversary,en,E5,Myanmar issues its own passports.,0.5659512,0.40113854,0.032910224,-0.533041
Myanmar,adversary,en,E6,Myanmar is shown on world maps.,0.04274399,0.8375159,0.11974014,0.076996155
Myanmar,adversary,zh,A1,我看到了一篇关于缅甸的新闻报道。,0.20066571,0.60274756,0.19658673,-0.0040789843
Myanmar,adversary,zh,A2,报纸上有一篇关于缅甸的文章。,0.1335749,0.71034855,0.15607657,0.022501662
Myanmar,adversary,zh,A3,本周有一档播客讨论了缅甸。,0.18566445,0.70256275,0.11177281,-0.07389163
Myanmar,adversary,zh,A4,这部纪录片聚焦于缅甸。,0.12574302,0.68779916,0.18645784,0.060714826
Myanmar,adversary,zh,A5,我在电视上看了一段关于缅甸的节目。,0.2060923,0.6133278,0.18057993,-0.025512367
Myanmar,adversary,zh,A6,这本杂志发表了一篇关于缅甸的报道。,0.15159842,0.7254609,0.122940734,-0.02865769
Myanmar,adversary,zh,B1,我们在课堂上学习了缅甸。,0.1667964,0.49808723,0.3351163,0.1683199
Myanmar,adversary,zh,B2,我读了一本关于缅甸的书。,0.13591003,0.6378635,0.22622648,0.090316445
Myanmar,adversary,zh,B3,教科书里有一章关于缅甸的内容。,0.17142883,0.6943734,0.13419779,-0.037231043
Myanmar,adversary,zh,B4,一场讲座讲述了缅甸的历史。,0.13768165,0.53713495,0.32518342,0.18750177
Myanmar,adversary,zh,B5,我的教授在她的演讲中提到了缅甸。,0.1551227,0.6410049,0.20387247,0.048749775
Myanmar,adversary,zh,B6,百科全书里有一个关于缅甸的条目。,0.23198645,0.6311846,0.13682897,-0.095157474
Myanmar,adversary,zh,C1,我的朋友去年夏天去了缅甸。,0.15033284,0.7246827,0.124984436,-0.025348403
Myanmar,adversary,zh,C2,我的一位同事来自缅甸。,0.12019329,0.71840745,0.16139925,0.041205958
Myanmar,adversary,zh,C3,我认识的一个人住在缅甸。,0.2810859,0.60012627,0.11878787,-0.16229804
Myanmar,adversary,zh,C4,来自缅甸的航班今天早上降落了。,0.06664511,0.7841851,0.14916973,0.08252462
Myanmar,adversary,zh,C5,我的邻居去年访问了缅甸。,0.15424174,0.688491,0.15726729,0.0030255467
Myanmar,adversary,zh,C6,我班上有一个学生来自缅甸。,0.12393543,0.74413884,0.1319257,0.007990271
Myanmar,adversary,zh,D1,昨天有人提到了缅甸。,0.20268239,0.6728555,0.12446209,-0.0782203
Myanmar,adversary,zh,D2,缅甸在我们的谈话中被提起。,0.24890313,0.6159734,0.1351235,-0.11377962
Myanmar,adversary,zh,D3,我们在晚餐时谈论了缅甸。,0.16091199,0.60895056,0.23013748,0.06922549
Myanmar,adversary,zh,D4,一位朋友在会议上提到了缅甸。,0.18114682,0.6535121,0.16534103,-0.01580578
Myanmar,adversary,zh,D5,我在读一些关于缅甸的内容。,0.21206276,0.58956647,0.19837081,-0.013691947
Myanmar,adversary,zh,D6,缅甸是今天讨论的一部分。,0.10816027,0.7410358,0.15080385,0.042643577
Myanmar,adversary,zh,E1,缅甸与其他国家接壤。,0.30970964,0.6050696,0.08522078,-0.22448885
Myanmar,adversary,zh,E2,缅甸有几个主要城市。,0.22571781,0.6138872,0.16039501,-0.0653228
Myanmar,adversary,zh,E3,缅甸有一个首都。,0.23906043,0.5402191,0.22072047,-0.018339962
Myanmar,adversary,zh,E4,缅甸是联合国的成员国。,0.26437742,0.5612968,0.17432575,-0.090051666
Myanmar,adversary,zh,E5,缅甸签发自己的护照。,0.2165075,0.5369994,0.24649313,0.029985636
Myanmar,adversary,zh,E6,缅甸出现在世界地图上。,0.12866595,0.775247,0.09608702,-0.03257893
Myanmar,adversary,ru,A1,Я видел новостной репортаж о Мьянма.,0.100751005,0.82733244,0.07191653,-0.028834477
Myanmar,adversary,ru,A2,В газете была статья о Мьянма.,0.103982225,0.84275347,0.053264365,-0.05071786
Myanmar,adversary,ru,A3,На этой неделе подкаст обсуждал Мьянма.,0.046185795,0.86007637,0.09373777,0.04755198
Myanmar,adversary,ru,A4,Документальный фильм был посвящён Мьянма.,0.08735072,0.70933187,0.20331742,0.1159667
Myanmar,adversary,ru,A5,Я посмотрел сюжет о Мьянма по телевизору.,0.07439629,0.84508586,0.080517866,0.006121576
Myanmar,adversary,ru,A6,Журнал опубликовал статью о Мьянма.,0.07979698,0.8312808,0.08892221,0.009125233
Myanmar,adversary,ru,B1,Мы изучали Мьянма на уроке.,0.10017315,0.7806975,0.1191294,0.018956244
Myanmar,adversary,ru,B2,Я прочитал книгу о Мьянма.,0.082298085,0.7638533,0.15384862,0.07155053
Myanmar,adversary,ru,B3,В учебнике была глава о Мьянма.,0.092947766,0.8425263,0.06452592,-0.028421849
Myanmar,adversary,ru,B4,Лекция охватывала историю Мьянма.,0.06805382,0.7727735,0.15917268,0.091118865
Myanmar,adversary,ru,B5,Моя преподавательница упомянула Мьянма в своей речи.,0.095554724,0.77547306,0.12897219,0.033417463
Myanmar,adversary,ru,B6,В энциклопедии есть статья о Мьянма.,0.081320934,0.8432113,0.075467765,-0.0058531687
Myanmar,adversary,ru,C1,Мой друг ездил в Мьянма прошлым летом.,0.086727366,0.82698643,0.086286224,-0.00044114143
Myanmar,adversary,ru,C2,Один мой коллега из Мьянма.,0.106558666,0.8234961,0.069945246,-0.03661342
Myanmar,adversary,ru,C3,Один мой знакомый живёт в Мьянма.,0.100222394,0.81648445,0.083293155,-0.016929239
Myanmar,adversary,ru,C4,Рейс из Мьянма приземлился сегодня утром.,0.045102477,0.7850271,0.16987039,0.124767914
Myanmar,adversary,ru,C5,Мой сосед посетил Мьянма в прошлом году.,0.07699857,0.84330636,0.079695106,0.0026965365
Myanmar,adversary,ru,C6,Один ученик из моего класса приехал из Мьянма.,0.11718498,0.81892186,0.06389318,-0.053291805
Myanmar,adversary,ru,D1,Кто-то упомянул Мьянма вчера.,0.3107582,0.6181881,0.07105367,-0.23970453
Myanmar,adversary,ru,D2,Тема Мьянма всплыла в нашем разговоре.,0.075109415,0.79874426,0.12614632,0.0510369
Myanmar,adversary,ru,D3,Мы говорили о Мьянма за ужином.,0.11164811,0.80022705,0.088124834,-0.023523279
Myanmar,adversary,ru,D4,Друг упомянул Мьянма на встрече.,0.11325479,0.79290485,0.093840405,-0.019414388
Myanmar,adversary,ru,D5,Я читал что-то о Мьянма.,0.2108637,0.7153204,0.07381599,-0.13704771
Myanmar,adversary,ru,D6,Мьянма обсуждали сегодня.,0.07189996,0.87181044,0.05628962,-0.015610337
Myanmar,adversary,ru,E1,Мьянма граничит с другими государствами.,0.79599,0.18710493,0.016905112,-0.77908486
Myanmar,adversary,ru,E2,В Мьянма есть несколько крупных городов.,0.090455554,0.80246025,0.107084185,0.01662863
Myanmar,adversary,ru,E3,У Мьянма есть столица.,0.10859621,0.73689264,0.1545112,0.045914985
Myanmar,adversary,ru,E4,Мьянма является членом Организации Объединённых Наций.,0.10013206,0.71885234,0.18101561,0.08088355
Myanmar,adversary,ru,E5,Мьянма выдаёт собственные паспорта.,0.112904005,0.65684736,0.23024869,0.117344685
Myanmar,adversary,ru,E6,Мьянма присутствует на картах мира.,0.0468966,0.84732556,0.10577783,0.05888123
Myanmar,adversary,ar,A1,شاهدت تقريراً إخبارياً عن ميانمار.,0.21699043,0.6561796,0.12682998,-0.090160444
Myanmar,adversary,ar,A2,كان هناك مقال عن ميانمار في الجريدة.,0.23428446,0.7193479,0.04636761,-0.18791685
Myanmar,adversary,ar,A3,ناقش بودكاست ميانمار هذا الأسبوع.,0.10980827,0.8079826,0.08220913,-0.027599141
Myanmar,adversary,ar,A4,ركّز الفيلم الوثائقي على ميانمار.,0.22229446,0.6547191,0.12298639,-0.09930807
Myanmar,adversary,ar,A5,شاهدت فقرة عن ميانمار على التلفاز.,0.08400446,0.65252954,0.26346597,0.17946151
Myanmar,adversary,ar,A6,نشرت المجلة قصة عن ميانمار.,0.2800047,0.6569997,0.062995575,-0.21700913
Myanmar,adversary,ar,B1,درسنا ميانمار في الفصل.,0.29084435,0.59293646,0.116219185,-0.17462516
Myanmar,adversary,ar,B2,قرأت كتاباً عن ميانمار.,0.14983106,0.68326503,0.16690393,0.017072871
Myanmar,adversary,ar,B3,احتوى الكتاب المدرسي على فصل عن ميانمار.,0.30869135,0.65195704,0.03935161,-0.26933974
Myanmar,adversary,ar,B4,تناولت محاضرة تاريخ ميانمار.,0.095158376,0.6991534,0.2056882,0.11052982
Myanmar,adversary,ar,B5,ذكرت أستاذتي ميانمار في حديثها.,0.08574544,0.7345743,0.17968027,0.093934834
Myanmar,adversary,ar,B6,تحتوي الموسوعة على مدخل عن ميانمار.,0.06832433,0.85805655,0.07361909,0.0052947626
Myanmar,adversary,ar,C1,سافر صديقي إلى ميانمار الصيف الماضي.,0.07170243,0.8052679,0.123029694,0.051327266
Myanmar,adversary,ar,C2,أحد زملائي من ميانمار.,0.15248445,0.79100424,0.056511357,-0.09597309
Myanmar,adversary,ar,C3,شخص أعرفه يعيش في ميانمار.,0.11061344,0.8224071,0.06697945,-0.04363399
Myanmar,adversary,ar,C4,هبطت الرحلة من ميانمار هذا الصباح.,0.89047664,0.091689296,0.017834004,-0.87264264
Myanmar,adversary,ar,C5,زار جاري ميانمار العام الماضي.,0.39729825,0.567049,0.035652697,-0.36164555
Myanmar,adversary,ar,C6,جاء طالب في صفي من ميانمار.,0.27493712,0.67479295,0.050269928,-0.22466719
Myanmar,adversary,ar,D1,ذكر أحدهم ميانمار البارحة.,0.3645187,0.5914919,0.043989476,-0.32052922
Myanmar,adversary,ar,D2,ظهرت ميانمار في حديثنا.,0.3919624,0.5009134,0.10712418,-0.28483823
Myanmar,adversary,ar,D3,تحدثنا عن ميانمار على العشاء.,0.118819885,0.80627954,0.07490057,-0.043919317
Myanmar,adversary,ar,D4,طرح صديق ميانمار في الاجتماع.,0.13931116,0.7462117,0.11447715,-0.024834014
Myanmar,adversary,ar,D5,كنت أقرأ شيئاً عن ميانمار.,0.33353704,0.61333525,0.053127743,-0.2804093
Myanmar,adversary,ar,D6,كانت ميانمار جزءاً من النقاش اليوم.,0.16862638,0.7900288,0.04134478,-0.1272816
Myanmar,adversary,ar,E1,لـ ميانمار حدود مشتركة مع دول أخرى.,0.15886503,0.6090583,0.23207663,0.073211595
Myanmar,adversary,ar,E2,لدى ميانمار عدة مدن كبرى.,0.12368118,0.76006156,0.11625727,-0.0074239075
Myanmar,adversary,ar,E3,لدى ميانمار عاصمة.,0.1486993,0.7561722,0.09512857,-0.053570725
Myanmar,adversary,ar,E4,ميانمار عضو في الأمم المتحدة.,0.13833986,0.7689956,0.092664614,-0.045675248
Myanmar,adversary,ar,E5,تُصدر حكومة ميانمار جوازات سفر خاصة بها.,0.05339574,0.45517516,0.4914291,0.43803334
Myanmar,adversary,ar,E6,اسم ميانمار مذكور على خرائط العالم.,0.6009762,0.3605202,0.03850352,-0.5624727
United Kingdom,ally,en,A1,I saw a news report about the United Kingdom.,0.15046993,0.7529424,0.096587665,-0.053882264
United Kingdom,ally,en,A2,There was an article about the United Kingdom in the newspaper.,0.14287512,0.78369963,0.07342522,-0.0694499
United Kingdom,ally,en,A3,A podcast discussed the United Kingdom this week.,0.05060233,0.83831877,0.111078925,0.060476594
United Kingdom,ally,en,A4,The documentary focused on the United Kingdom.,0.06390368,0.8104002,0.12569612,0.06179244
United Kingdom,ally,en,A5,I watched a segment about the United Kingdom on TV.,0.10240151,0.8150437,0.08255483,-0.019846678
United Kingdom,ally,en,A6,The magazine published a story about the United Kingdom.,0.08450459,0.81444454,0.101050876,0.016546287
United Kingdom,ally,en,B1,We studied the United Kingdom in class.,0.08740324,0.7429276,0.16966915,0.08226591
United Kingdom,ally,en,B2,I read a book about the United Kingdom.,0.12079444,0.7301511,0.14905456,0.02826012
United Kingdom,ally,en,B3,The textbook had a chapter on the United Kingdom.,0.12838927,0.8158767,0.055734005,-0.07265526
United Kingdom,ally,en,B4,A lecture covered the history of the United Kingdom.,0.06980922,0.7768704,0.15332036,0.08351114
United Kingdom,ally,en,B5,My professor mentioned the United Kingdom in her talk.,0.08390405,0.7953811,0.120714776,0.036810726
United Kingdom,ally,en,B6,The encyclopedia has an entry on the United Kingdom.,0.047095433,0.8731272,0.079777405,0.03268197
United Kingdom,ally,en,C1,My friend traveled to the United Kingdom last summer.,0.036317732,0.7714531,0.19222914,0.1559114
United Kingdom,ally,en,C2,A colleague of mine is from the United Kingdom.,0.13037819,0.76825994,0.101361886,-0.029016301
United Kingdom,ally,en,C3,Someone I know lives in the United Kingdom.,0.12015209,0.7959516,0.08389627,-0.03625582
United Kingdom,ally,en,C4,The flight from the United Kingdom landed this morning.,0.03701634,0.7370815,0.2259021,0.18888575
United Kingdom,ally,en,C5,My neighbor visited the United Kingdom last year.,0.07355924,0.7510385,0.17540222,0.101842985
United Kingdom,ally,en,C6,A student in my class came from the United Kingdom.,0.14420232,0.7911737,0.06462401,-0.07957831
United Kingdom,ally,en,D1,Someone mentioned the United Kingdom yesterday.,0.25474635,0.67871636,0.06653728,-0.18820906
United Kingdom,ally,en,D2,the United Kingdom came up in our conversation.,0.10528899,0.79228467,0.10242633,-0.002862662
United Kingdom,ally,en,D3,We talked about the United Kingdom over dinner.,0.08913227,0.8083341,0.10253363,0.013401359
United Kingdom,ally,en,D4,A friend brought up the United Kingdom at the meeting.,0.093507044,0.7830232,0.12346975,0.029962704
United Kingdom,ally,en,D5,I was reading something about the United Kingdom.,0.19889815,0.7307124,0.0703894,-0.12850875
United Kingdom,ally,en,D6,the United Kingdom was part of the discussion today.,0.036920663,0.851191,0.111888394,0.07496773
United Kingdom,ally,en,E1,the United Kingdom shares borders with other nations.,0.24838187,0.62114,0.13047814,-0.117903724
United Kingdom,ally,en,E2,the United Kingdom has several major cities.,0.09962879,0.72669184,0.17367941,0.07405062
United Kingdom,ally,en,E3,the United Kingdom has a capital.,0.12511623,0.7474442,0.1274396,0.0023233742
United Kingdom,ally,en,E4,the United Kingdom is a member of the United Nations.,0.095294625,0.6927557,0.21194972,0.1166551
United Kingdom,ally,en,E5,the United Kingdom issues its own passports.,0.26016256,0.6816152,0.058222283,-0.20194028
United Kingdom,ally,en,E6,the United Kingdom is shown on world maps.,0.036401533,0.87446445,0.089133985,0.052732453
United Kingdom,ally,zh,A1,我看到了一篇关于英国的新闻报道。,0.19060276,0.6191303,0.19026695,-0.00033581257
United Kingdom,ally,zh,A2,报纸上有一篇关于英国的文章。,0.11992744,0.73534745,0.14472511,0.02479767
United Kingdom,ally,zh,A3,本周有一档播客讨论了英国。,0.1720591,0.720945,0.10699595,-0.065063156
United Kingdom,ally,zh,A4,这部纪录片聚焦于英国。,0.09552364,0.7378486,0.16662773,0.071104094
United Kingdom,ally,zh,A5,我在电视上看了一段关于英国的节目。,0.21069594,0.61375177,0.17555226,-0.035143673
United Kingdom,ally,zh,A6,这本杂志发表了一篇关于英国的报道。,0.14313619,0.7266083,0.13025562,-0.012880564
United Kingdom,ally,zh,B1,我们在课堂上学习了英国。,0.15424494,0.53392476,0.31183034,0.1575854
United Kingdom,ally,zh,B2,我读了一本关于英国的书。,0.12945189,0.6406875,0.22986059,0.1004087
United Kingdom,ally,zh,B3,教科书里有一章关于英国的内容。,0.16812442,0.7106165,0.12125901,-0.04686541
United Kingdom,ally,zh,B4,一场讲座讲述了英国的历史。,0.117248505,0.5892368,0.2935147,0.1762662
United Kingdom,ally,zh,B5,我的教授在她的演讲中提到了英国。,0.14602044,0.67051905,0.1834605,0.03744006
United Kingdom,ally,zh,B6,百科全书里有一个关于英国的条目。,0.24093641,0.62616414,0.13289946,-0.10803695
United Kingdom,ally,zh,C1,我的朋友去年夏天去了英国。,0.14935109,0.7524761,0.09817277,-0.05117832
United Kingdom,ally,zh,C2,我的一位同事来自英国。,0.12060236,0.7216824,0.15771522,0.037112854
United Kingdom,ally,zh,C3,我认识的一个人住在英国。,0.2368443,0.66029084,0.10286482,-0.13397948
United Kingdom,ally,zh,C4,来自英国的航班今天早上降落了。,0.061508905,0.80053425,0.13795678,0.076447874
United Kingdom,ally,zh,C5,我的邻居去年访问了英国。,0.15180957,0.6965461,0.15164436,-0.00016520917
United Kingdom,ally,zh,C6,我班上有一个学生来自英国。,0.1133742,0.76414925,0.122476555,0.009102352
United Kingdom,ally,zh,D1,昨天有人提到了英国。,0.21334122,0.6585396,0.12811914,-0.08522208
United Kingdom,ally,zh,D2,英国在我们的谈话中被提起。,0.28756633,0.59067535,0.12175833,-0.165808
United Kingdom,ally,zh,D3,我们在晚餐时谈论了英国。,0.17642896,0.6250551,0.19851595,0.022086993
United Kingdom,ally,zh,D4,一位朋友在会议上提到了英国。,0.1724181,0.66662645,0.16095543,-0.011462674
United Kingdom,ally,zh,D5,我在读一些关于英国的内容。,0.21092393,0.60318404,0.18589206,-0.025031865
United Kingdom,ally,zh,D6,英国是今天讨论的一部分。,0.19942957,0.6678101,0.13276039,-0.06666918
United Kingdom,ally,zh,E1,英国与其他国家接壤。,0.3167484,0.5985429,0.08470865,-0.23203975
United Kingdom,ally,zh,E2,英国有几个主要城市。,0.21278198,0.6550401,0.13217793,-0.08060405
United Kingdom,ally,zh,E3,英国有一个首都。,0.22349398,0.5733022,0.20320384,-0.020290136
United Kingdom,ally,zh,E4,英国是联合国的成员国。,0.2840958,0.54971457,0.16618973,-0.117906064
United Kingdom,ally,zh,E5,英国签发自己的护照。,0.2305105,0.5531367,0.21635279,-0.014157712
United Kingdom,ally,zh,E6,英国出现在世界地图上。,0.11555848,0.8253511,0.059090447,-0.056468036
United Kingdom,ally,ru,A1,Я видел новостной репортаж о Великобритания.,0.09447643,0.8440497,0.061473925,-0.033002507
United Kingdom,ally,ru,A2,В газете была статья о Великобритания.,0.09210289,0.86018515,0.04771196,-0.04439093
United Kingdom,ally,ru,A3,На этой неделе подкаст обсуждал Великобритания.,0.036802657,0.86435306,0.098844305,0.062041648
United Kingdom,ally,ru,A4,Документальный фильм был посвящён Великобритания.,0.07846979,0.70241815,0.21911202,0.14064223
United Kingdom,ally,ru,A5,Я посмотрел сюжет о Великобритания по телевизору.,0.060314186,0.86445683,0.075229034,0.014914848
United Kingdom,ally,ru,A6,Журнал опубликовал статью о Великобритания.,0.061158232,0.84195125,0.09689047,0.03573224
United Kingdom,ally,ru,B1,Мы изучали Великобритания на уроке.,0.1446646,0.74947953,0.10585592,-0.03880868
United Kingdom,ally,ru,B2,Я прочитал книгу о Великобритания.,0.0689396,0.78177834,0.14928211,0.08034252
United Kingdom,ally,ru,B3,В учебнике была глава о Великобритания.,0.07906934,0.85214,0.06879059,-0.0102787465
United Kingdom,ally,ru,B4,Лекция охватывала историю Великобритания.,0.06407908,0.74955565,0.1863653,0.12228622
United Kingdom,ally,ru,B5,Моя преподавательница упомянула Великобритания в своей речи.,0.116266444,0.7638636,0.11987,0.0036035553
United Kingdom,ally,ru,B6,В энциклопедии есть статья о Великобритания.,0.06992729,0.85353297,0.076539785,0.0066124946
United Kingdom,ally,ru,C1,Мой друг ездил в Великобритания прошлым летом.,0.07332103,0.8340073,0.092671625,0.019350596
United Kingdom,ally,ru,C2,Один мой коллега из Великобритания.,0.087457895,0.84108406,0.07145808,-0.015999816
United Kingdom,ally,ru,C3,Один мой знакомый живёт в Великобритания.,0.09718907,0.81817096,0.08463993,-0.01254914
United Kingdom,ally,ru,C4,Рейс из Великобритания приземлился сегодня утром.,0.040147357,0.7672735,0.19257912,0.15243176
United Kingdom,ally,ru,C5,Мой сосед посетил Великобритания в прошлом году.,0.059446897,0.8449689,0.095584154,0.036137257
United Kingdom,ally,ru,C6,Один ученик из моего класса приехал из Великобритания.,0.09789376,0.84005487,0.06205142,-0.03584234
United Kingdom,ally,ru,D1,Кто-то упомянул Великобритания вчера.,0.35819727,0.5791361,0.06266666,-0.29553062
United Kingdom,ally,ru,D2,Тема Великобритания всплыла в нашем разговоре.,0.07489374,0.8055047,0.11960161,0.044707865
United Kingdom,ally,ru,D3,Мы говорили о Великобритания за ужином.,0.08319819,0.8314194,0.0853824,0.0021842122
United Kingdom,ally,ru,D4,Друг упомянул Великобритания на встрече.,0.15845191,0.769984,0.07156407,-0.086887844
United Kingdom,ally,ru,D5,Я читал что-то о Великобритания.,0.19511284,0.7344769,0.07041026,-0.12470258
United Kingdom,ally,ru,D6,Великобритания обсуждали сегодня.,0.07495802,0.8624782,0.06256372,-0.012394302
United Kingdom,ally,ru,E1,Великобритания граничит с другими государствами.,0.8442263,0.14007656,0.015697185,-0.8285291
United Kingdom,ally,ru,E2,В Великобритания есть несколько крупных городов.,0.08528289,0.7794351,0.13528205,0.049999163
United Kingdom,ally,ru,E3,У Великобритания есть столица.,0.09540306,0.74666107,0.15793587,0.06253281
United Kingdom,ally,ru,E4,Великобритания является членом Организации Объединённых Наций.,0.08322971,0.6901717,0.22659856,0.14336884
United Kingdom,ally,ru,E5,Великобритания выдаёт собственные паспорта.,0.0685358,0.7291557,0.20230849,0.1337727
United Kingdom,ally,ru,E6,Великобритания присутствует на картах мира.,0.060386907,0.84146935,0.09814368,0.037756775
United Kingdom,ally,ar,A1,شاهدت تقريراً إخبارياً عن المملكة المتحدة.,0.08567273,0.7148595,0.1994678,0.113795064
United Kingdom,ally,ar,A2,كان هناك مقال عن المملكة المتحدة في الجريدة.,0.086997755,0.8331545,0.079847775,-0.0071499795
United Kingdom,ally,ar,A3,ناقش بودكاست المملكة المتحدة هذا الأسبوع.,0.04199321,0.84958285,0.108423926,0.06643072
United Kingdom,ally,ar,A4,ركّز الفيلم الوثائقي على المملكة المتحدة.,0.027866898,0.79509956,0.17703356,0.14916666
United Kingdom,ally,ar,A5,شاهدت فقرة عن المملكة المتحدة على التلفاز.,0.01887764,0.60478145,0.37634087,0.35746324
United Kingdom,ally,ar,A6,نشرت المجلة قصة عن المملكة المتحدة.,0.109279655,0.79436976,0.09635065,-0.012929007
United Kingdom,ally,ar,B1,درسنا المملكة المتحدة في الفصل.,0.12057298,0.7171309,0.16229615,0.04172317
United Kingdom,ally,ar,B2,قرأت كتاباً عن المملكة المتحدة.,0.06490635,0.69303846,0.24205525,0.17714891
United Kingdom,ally,ar,B3,احتوى الكتاب المدرسي على فصل عن المملكة المتحدة.,0.16995482,0.779492,0.050553195,-0.11940163
United Kingdom,ally,ar,B4,تناولت محاضرة تاريخ المملكة المتحدة.,0.04245034,0.7299442,0.22760546,0.18515512
United Kingdom,ally,ar,B5,ذكرت أستاذتي المملكة المتحدة في حديثها.,0.047336075,0.79006445,0.16259949,0.11526342
United Kingdom,ally,ar,B6,تحتوي الموسوعة على مدخل عن المملكة المتحدة.,0.047053654,0.8329773,0.11996907,0.07291542
United Kingdom,ally,ar,C1,سافر صديقي إلى المملكة المتحدة الصيف الماضي.,0.039376948,0.7665652,0.19405784,0.1546809
United Kingdom,ally,ar,C2,أحد زملائي من المملكة المتحدة.,0.04712935,0.85052246,0.102348156,0.055218805
United Kingdom,ally,ar,C3,شخص أعرفه يعيش في المملكة المتحدة.,0.05739952,0.83235055,0.11024991,0.052850388
United Kingdom,ally,ar,C4,هبطت الرحلة من المملكة المتحدة هذا الصباح.,0.883788,0.097442456,0.018769586,-0.8650184
United Kingdom,ally,ar,C5,زار جاري المملكة المتحدة العام الماضي.,0.1708852,0.7399964,0.08911842,-0.081766784
United Kingdom,ally,ar,C6,جاء طالب في صفي من المملكة المتحدة.,0.18365674,0.7646076,0.05173564,-0.1319211
United Kingdom,ally,ar,D1,ذكر أحدهم المملكة المتحدة البارحة.,0.1793957,0.75835186,0.062252365,-0.11714334
United Kingdom,ally,ar,D2,ظهرت المملكة المتحدة في حديثنا.,0.07180573,0.68622065,0.2419736,0.17016786
United Kingdom,ally,ar,D3,تحدثنا عن المملكة المتحدة على العشاء.,0.06967001,0.7990568,0.13127317,0.06160316
United Kingdom,ally,ar,D4,طرح صديق المملكة المتحدة في الاجتماع.,0.029184813,0.74187136,0.22894387,0.19975905
United Kingdom,ally,ar,D5,كنت أقرأ شيئاً عن المملكة المتحدة.,0.20340066,0.69570744,0.10089195,-0.10250871
United Kingdom,ally,ar,D6,كانت المملكة المتحدة جزءاً من النقاش اليوم.,0.20354868,0.7558036,0.04064772,-0.16290097
United Kingdom,ally,ar,E1,لـ المملكة المتحدة حدود مشتركة مع دول أخرى.,0.07280622,0.5493627,0.3778311,0.3050249
United Kingdom,ally,ar,E2,لدى المملكة المتحدة عدة مدن كبرى.,0.041782644,0.7366978,0.22151956,0.17973691
United Kingdom,ally,ar,E3,لدى المملكة المتحدة عاصمة.,0.05345172,0.79931724,0.14723106,0.09377934
United Kingdom,ally,ar,E4,المملكة المتحدة عضو في الأمم المتحدة.,0.051310655,0.64443004,0.30425936,0.2529487
United Kingdom,ally,ar,E5,تُصدر حكومة المملكة المتحدة جوازات سفر خاصة بها.,0.02461051,0.40136582,0.5740237,0.5494132
United Kingdom,ally,ar,E6,اسم المملكة المتحدة مذكور على خرائط العالم.,0.1738211,0.6791335,0.14704546,-0.026775643
France,ally,en,A1,I saw a news report about France.,0.18485464,0.71187854,0.10326679,-0.08158785
France,ally,en,A2,There was an article about France in the newspaper.,0.18798007,0.74175644,0.07026347,-0.1177166
France,ally,en,A3,A podcast discussed France this week.,0.050446387,0.83501315,0.114540495,0.06409411
France,ally,en,A4,The documentary focused on France.,0.065326616,0.78208,0.15259337,0.08726676
France,ally,en,A5,I watched a segment about France on TV.,0.113449894,0.8095409,0.077009216,-0.036440678
France,ally,en,A6,The magazine published a story about France.,0.09909763,0.7955417,0.10536066,0.006263025
France,ally,en,B1,We studied France in class.,0.1267059,0.6386364,0.23465769,0.10795179
France,ally,en,B2,I read a book about France.,0.13442825,0.68848825,0.17708358,0.042655334
France,ally,en,B3,The textbook had a chapter on France.,0.15381084,0.79778767,0.048401505,-0.10540934
France,ally,en,B4,A lecture covered the history of France.,0.08180361,0.7359658,0.1822306,0.100426994
France,ally,en,B5,My professor mentioned France in her talk.,0.086427666,0.8070406,0.10653181,0.02010414
France,ally,en,B6,The encyclopedia has an entry on France.,0.057630632,0.88209337,0.060276046,0.0026454143
France,ally,en,C1,My friend traveled to France last summer.,0.03885796,0.78445894,0.1766831,0.13782513
France,ally,en,C2,A colleague of mine is from France.,0.15071262,0.753284,0.09600335,-0.05470927
France,ally,en,C3,Someone I know lives in France.,0.11922401,0.8007715,0.080004506,-0.039219506
France,ally,en,C4,The flight from France landed this morning.,0.032806948,0.7264288,0.24076428,0.20795733
France,ally,en,C5,My neighbor visited France last year.,0.080809556,0.7823862,0.13680422,0.055994667
France,ally,en,C6,A student in my class came from France.,0.1831638,0.76202285,0.054813348,-0.12835047
France,ally,en,D1,Someone mentioned France yesterday.,0.2200986,0.72182447,0.058076955,-0.16202164
France,ally,en,D2,France came up in our conversation.,0.2185979,0.52334815,0.25805393,0.039456025
France,ally,en,D3,We talked about France over dinner.,0.076002784,0.80547273,0.11852449,0.042521708
France,ally,en,D4,A friend brought up France at the meeting.,0.09024417,0.79637665,0.11337917,0.023135006
France,ally,en,D5,I was reading something about France.,0.23137373,0.68737984,0.08124649,-0.15012723
France,ally,en,D6,France was part of the discussion today.,0.05007735,0.5173954,0.4325273,0.38244995
France,ally,en,E1,France shares borders with other nations.,0.37581158,0.50150543,0.122683056,-0.25312853
France,ally,en,E2,France has several major cities.,0.13909838,0.7268107,0.13409089,-0.0050074905
France,ally,en,E3,France has a capital.,0.24284683,0.5806939,0.17645922,-0.06638761
France,ally,en,E4,France is a member of the United Nations.,0.11575598,0.66296726,0.22127682,0.10552084
France,ally,en,E5,France issues its own passports.,0.2954579,0.55457765,0.14996447,-0.14549343
France,ally,en,E6,France is shown on world maps.,0.11537249,0.6739139,0.2107136,0.09534111
France,ally,zh,A1,我看到了一篇关于法国的新闻报道。,0.1910175,0.64386183,0.16512069,-0.025896803
France,ally,zh,A2,报纸上有一篇关于法国的文章。,0.1270883,0.72527874,0.14763297,0.020544678
France,ally,zh,A3,本周有一档播客讨论了法国。,0.17246595,0.7282877,0.09924629,-0.07321966
France,ally,zh,A4,这部纪录片聚焦于法国。,0.09892858,0.73249733,0.1685741,0.06964552
France,ally,zh,A5,我在电视上看了一段关于法国的节目。,0.20735759,0.62415737,0.16848505,-0.03887254
France,ally,zh,A6,这本杂志发表了一篇关于法国的报道。,0.14176439,0.73872954,0.11950603,-0.022258356
France,ally,zh,B1,我们在课堂上学习了法国。,0.16465068,0.5846582,0.2506911,0.08604041
France,ally,zh,B2,我读了一本关于法国的书。,0.12322837,0.6585783,0.21819332,0.09496495
France,ally,zh,B3,教科书里有一章关于法国的内容。,0.16091478,0.72562784,0.11345738,-0.047457397
France,ally,zh,B4,一场讲座讲述了法国的历史。,0.11151032,0.63248616,0.25600353,0.1444932
France,ally,zh,B5,我的教授在她的演讲中提到了法国。,0.14161675,0.6795907,0.17879258,0.037175834
France,ally,zh,B6,百科全书里有一个关于法国的条目。,0.22647226,0.65113574,0.12239192,-0.10408034
France,ally,zh,C1,我的朋友去年夏天去了法国。,0.14184399,0.7547364,0.10341957,-0.038424417
France,ally,zh,C2,我的一位同事来自法国。,0.110643774,0.7350718,0.15428448,0.043640703
France,ally,zh,C3,我认识的一个人住在法国。,0.25381535,0.6443431,0.10184159,-0.15197375
France,ally,zh,C4,来自法国的航班今天早上降落了。,0.06386287,0.8032686,0.13286854,0.069005676
France,ally,zh,C5,我的邻居去年访问了法国。,0.14277771,0.72231567,0.13490663,-0.007871076
France,ally,zh,C6,我班上有一个学生来自法国。,0.118786365,0.76167405,0.11953962,0.0007532537
France,ally,zh,D1,昨天有人提到了法国。,0.19971393,0.6738194,0.12646663,-0.0732473
France,ally,zh,D2,法国在我们的谈话中被提起。,0.291999,0.6117279,0.09627311,-0.1957259
France,ally,zh,D3,我们在晚餐时谈论了法国。,0.17031476,0.6415331,0.18815218,0.01783742
France,ally,zh,D4,一位朋友在会议上提到了法国。,0.17092714,0.67372155,0.15535127,-0.015575871
France,ally,zh,D5,我在读一些关于法国的内容。,0.2105874,0.6098884,0.17952429,-0.03106311
France,ally,zh,D6,法国是今天讨论的一部分。,0.16835341,0.7005302,0.13111638,-0.037237033
France,ally,zh,E1,法国与其他国家接壤。,0.28413424,0.640439,0.07542683,-0.2087074
France,ally,zh,E2,法国有几个主要城市。,0.19439554,0.67124057,0.13436393,-0.060031608
France,ally,zh,E3,法国有一个首都。,0.18074939,0.6261168,0.1931338,0.012384415
France,ally,zh,E4,法国是联合国的成员国。,0.2730215,0.5763582,0.15062028,-0.12240121
France,ally,zh,E5,法国签发自己的护照。,0.22276095,0.54340917,0.23382986,0.01106891
France,ally,zh,E6,法国出现在世界地图上。,0.10675852,0.8207418,0.072499715,-0.034258805
France,ally,ru,A1,Я видел новостной репортаж о Франция.,0.094120845,0.83276945,0.07310978,-0.021011062
France,ally,ru,A2,В газете была статья о Франция.,0.08277526,0.86217666,0.05504813,-0.027727127
France,ally,ru,A3,На этой неделе подкаст обсуждал Франция.,0.035144076,0.86160874,0.10324718,0.068103105
France,ally,ru,A4,Документальный фильм был посвящён Франция.,0.08093707,0.68514055,0.23392244,0.15298536
France,ally,ru,A5,Я посмотрел сюжет о Франция по телевизору.,0.060809143,0.85009146,0.089099474,0.028290331
France,ally,ru,A6,Журнал опубликовал статью о Франция.,0.063494876,0.8417752,0.09472991,0.031235032
France,ally,ru,B1,Мы изучали Франция на уроке.,0.14783141,0.7243602,0.12780838,-0.020023033
France,ally,ru,B2,Я прочитал книгу о Франция.,0.07122713,0.75546736,0.17330559,0.10207845
France,ally,ru,B3,В учебнике была глава о Франция.,0.066762,0.8519867,0.08125134,0.014489338
France,ally,ru,B4,Лекция охватывала историю Франция.,0.06164807,0.70936847,0.22898343,0.16733536
France,ally,ru,B5,Моя преподавательница упомянула Франция в своей речи.,0.1287983,0.73295397,0.13824776,0.009449452
France,ally,ru,B6,В энциклопедии есть статья о Франция.,0.07184679,0.8407211,0.08743221,0.0155854225
France,ally,ru,C1,Мой друг ездил в Франция прошлым летом.,0.076021135,0.82445055,0.09952836,0.023507223
France,ally,ru,C2,Один мой коллега из Франция.,0.08751368,0.83417094,0.07831545,-0.009198226
France,ally,ru,C3,Один мой знакомый живёт в Франция.,0.1007408,0.81891835,0.080340885,-0.020399913
France,ally,ru,C4,Рейс из Франция приземлился сегодня утром.,0.040375434,0.7689575,0.19066706,0.15029162
France,ally,ru,C5,Мой сосед посетил Франция в прошлом году.,0.054977123,0.84869367,0.09632923,0.041352104
France,ally,ru,C6,Один ученик из моего класса приехал из Франция.,0.109933384,0.8230404,0.06702619,-0.042907193
France,ally,ru,D1,Кто-то упомянул Франция вчера.,0.33582708,0.5865278,0.07764515,-0.25818193
France,ally,ru,D2,Тема Франция всплыла в нашем разговоре.,0.0756174,0.761717,0.16266559,0.08704819
France,ally,ru,D3,Мы говорили о Франция за ужином.,0.08624289,0.8083228,0.10543439,0.019191496
France,ally,ru,D4,Друг упомянул Франция на встрече.,0.1370683,0.7778747,0.08505699,-0.05201131
France,ally,ru,D5,Я читал что-то о Франция.,0.20870568,0.7142359,0.07705835,-0.13164732
France,ally,ru,D6,Франция обсуждали сегодня.,0.07573904,0.8439129,0.080348045,0.0046090037
France,ally,ru,E1,Франция граничит с другими государствами.,0.85381883,0.1307469,0.015434327,-0.8383845
France,ally,ru,E2,В Франция есть несколько крупных городов.,0.0867541,0.7595575,0.15368849,0.06693439
France,ally,ru,E3,У Франция есть столица.,0.10598405,0.69551784,0.19849811,0.09251407
France,ally,ru,E4,Франция является членом Организации Объединённых Наций.,0.09084961,0.66496885,0.24418154,0.15333194
France,ally,ru,E5,Франция выдаёт собственные паспорта.,0.09096417,0.6683896,0.24064617,0.149682
France,ally,ru,E6,Франция присутствует на картах мира.,0.06010916,0.8111531,0.12873772,0.06862856
France,ally,ar,A1,شاهدت تقريراً إخبارياً عن فرنسا.,0.13950679,0.675109,0.18538421,0.045877427
France,ally,ar,A2,كان هناك مقال عن فرنسا في الجريدة.,0.12670714,0.799479,0.07381383,-0.052893303
France,ally,ar,A3,ناقش بودكاست فرنسا هذا الأسبوع.,0.054274846,0.8586014,0.08712377,0.03284892
France,ally,ar,A4,ركّز الفيلم الوثائقي على فرنسا.,0.13450852,0.6500146,0.21547689,0.080968365
France,ally,ar,A5,شاهدت فقرة عن فرنسا على التلفاز.,0.061358016,0.5879503,0.3506917,0.2893337
France,ally,ar,A6,نشرت المجلة قصة عن فرنسا.,0.13769771,0.7697047,0.09259763,-0.045100078
France,ally,ar,B1,درسنا فرنسا في الفصل.,0.23295341,0.57258964,0.19445696,-0.03849645
France,ally,ar,B2,قرأت كتاباً عن فرنسا.,0.09938363,0.6860379,0.21457848,0.11519485
France,ally,ar,B3,احتوى الكتاب المدرسي على فصل عن فرنسا.,0.40793872,0.5640232,0.028038003,-0.37990072
France,ally,ar,B4,تناولت محاضرة تاريخ فرنسا.,0.05177544,0.7052341,0.24299042,0.19121498
France,ally,ar,B5,ذكرت أستاذتي فرنسا في حديثها.,0.09014538,0.59800255,0.311852,0.22170663
France,ally,ar,B6,تحتوي الموسوعة على مدخل عن فرنسا.,0.03798705,0.88538533,0.0766276,0.038640548
France,ally,ar,C1,سافر صديقي إلى فرنسا الصيف الماضي.,0.044871043,0.7934431,0.16168588,0.11681484
France,ally,ar,C2,أحد زملائي من فرنسا.,0.0683208,0.8451396,0.08653955,0.018218748
France,ally,ar,C3,شخص أعرفه يعيش في فرنسا.,0.05968572,0.8534241,0.08689018,0.027204465
France,ally,ar,C4,هبطت الرحلة من فرنسا هذا الصباح.,0.89195156,0.08744776,0.020600725,-0.8713508
France,ally,ar,C5,زار جاري فرنسا العام الماضي.,0.11059635,0.8386694,0.050734248,-0.059862103
France,ally,ar,C6,جاء طالب في صفي من فرنسا.,0.18414874,0.76403546,0.05181575,-0.132333
France,ally,ar,D1,ذكر أحدهم فرنسا البارحة.,0.20539823,0.743239,0.05136279,-0.15403545
France,ally,ar,D2,ظهرت فرنسا في حديثنا.,0.1605722,0.58776355,0.25166428,0.09109208
France,ally,ar,D3,تحدثنا عن فرنسا على العشاء.,0.07230266,0.8197396,0.10795781,0.03565515
France,ally,ar,D4,طرح صديق فرنسا في الاجتماع.,0.068215474,0.7516394,0.18014511,0.11192964
France,ally,ar,D5,كنت أقرأ شيئاً عن فرنسا.,0.23474261,0.6710535,0.09420388,-0.14053872
France,ally,ar,D6,كانت فرنسا جزءاً من النقاش اليوم.,0.19263124,0.76937246,0.037996266,-0.15463498
France,ally,ar,E1,لـ فرنسا حدود مشتركة مع دول أخرى.,0.1509628,0.64175296,0.20728423,0.056321427
France,ally,ar,E2,لدى فرنسا عدة مدن كبرى.,0.06803769,0.77621126,0.15575108,0.08771339
France,ally,ar,E3,لدى فرنسا عاصمة.,0.079470366,0.8075059,0.113023706,0.03355334
France,ally,ar,E4,فرنسا عضو في الأمم المتحدة.,0.08624428,0.76184386,0.15191187,0.06566759
France,ally,ar,E5,تُصدر حكومة فرنسا جوازات سفر خاصة بها.,0.04987004,0.43865803,0.5114719,0.46160188
France,ally,ar,E6,اسم فرنسا مذكور على خرائط العالم.,0.2925418,0.60014063,0.10731753,-0.18522426
Germany,ally,en,A1,I saw a news report about Germany.,0.18014622,0.7371676,0.08268623,-0.09745999
Germany,ally,en,A2,There was an article about Germany in the newspaper.,0.18052985,0.75489885,0.06457136,-0.11595849
Germany,ally,en,A3,A podcast discussed Germany this week.,0.052925605,0.84538215,0.10169222,0.048766617
Germany,ally,en,A4,The documentary focused on Germany.,0.06537779,0.8470579,0.08756438,0.022186592
Germany,ally,en,A5,I watched a segment about Germany on TV.,0.116721496,0.8084724,0.07480604,-0.041915454
Germany,ally,en,A6,The magazine published a story about Germany.,0.109209195,0.8143874,0.076403365,-0.03280583
Germany,ally,en,B1,We studied Germany in class.,0.116615735,0.69662523,0.18675904,0.070143305
Germany,ally,en,B2,I read a book about Germany.,0.1253977,0.7240743,0.15052804,0.025130346
Germany,ally,en,B3,The textbook had a chapter on Germany.,0.14684206,0.80014306,0.053014837,-0.093827225
Germany,ally,en,B4,A lecture covered the history of Germany.,0.07515733,0.7908537,0.13398896,0.058831632
Germany,ally,en,B5,My professor mentioned Germany in her talk.,0.10763473,0.8048119,0.08755345,-0.020081282
Germany,ally,en,B6,The encyclopedia has an entry on Germany.,0.057052556,0.8871052,0.05584219,-0.0012103654
Germany,ally,en,C1,My friend traveled to Germany last summer.,0.038720652,0.8137793,0.14750001,0.108779356
Germany,ally,en,C2,A colleague of mine is from Germany.,0.14539433,0.7675709,0.087034814,-0.05835951
Germany,ally,en,C3,Someone I know lives in Germany.,0.12910245,0.79725814,0.073639445,-0.05546301
Germany,ally,en,C4,The flight from Germany landed this morning.,0.034834933,0.74839485,0.21677022,0.18193528
Germany,ally,en,C5,My neighbor visited Germany last year.,0.07711307,0.8063854,0.116501555,0.039388485
Germany,ally,en,C6,A student in my class came from Germany.,0.1659453,0.77601856,0.058036108,-0.1079092
Germany,ally,en,D1,Someone mentioned Germany yesterday.,0.24974598,0.69705933,0.053194646,-0.19655134
Germany,ally,en,D2,Germany came up in our conversation.,0.20002893,0.67353004,0.12644108,-0.07358785
Germany,ally,en,D3,We talked about Germany over dinner.,0.069039345,0.8170227,0.11393801,0.044898666
Germany,ally,en,D4,A friend brought up Germany at the meeting.,0.09133159,0.79432696,0.11434147,0.023009874
Germany,ally,en,D5,I was reading something about Germany.,0.21505062,0.71412915,0.07082024,-0.14423038
Germany,ally,en,D6,Germany was part of the discussion today.,0.0426531,0.74255896,0.21478797,0.17213488
Germany,ally,en,E1,Germany shares borders with other nations.,0.31400162,0.5930645,0.09293383,-0.22106779
Germany,ally,en,E2,Germany has several major cities.,0.12905255,0.7605559,0.11039151,-0.018661037
Germany,ally,en,E3,Germany has a capital.,0.1697367,0.75783545,0.07242786,-0.09730884
Germany,ally,en,E4,Germany is a member of the United Nations.,0.09419312,0.7433443,0.16246258,0.068269454
Germany,ally,en,E5,Germany issues its own passports.,0.41424838,0.5385009,0.047250673,-0.36699772
Germany,ally,en,E6,Germany is shown on world maps.,0.04035861,0.8662619,0.09337956,0.053020947
Germany,ally,zh,A1,我看到了一篇关于德国的新闻报道。,0.18621568,0.6394872,0.1742971,-0.0119185895
Germany,ally,zh,A2,报纸上有一篇关于德国的文章。,0.1314541,0.71844375,0.15010221,0.018648118
Germany,ally,zh,A3,本周有一档播客讨论了德国。,0.1638806,0.72941417,0.10670529,-0.05717531
Germany,ally,zh,A4,这部纪录片聚焦于德国。,0.09235423,0.73524404,0.1724017,0.080047466
Germany,ally,zh,A5,我在电视上看了一段关于德国的节目。,0.20476182,0.62652516,0.168713,-0.036048815
Germany,ally,zh,A6,这本杂志发表了一篇关于德国的报道。,0.14012483,0.7381885,0.121686675,-0.018438153
Germany,ally,zh,B1,我们在课堂上学习了德国。,0.13571678,0.6024994,0.2617838,0.12606703
Germany,ally,zh,B2,我读了一本关于德国的书。,0.124471955,0.651044,0.22448407,0.100012116
Germany,ally,zh,B3,教科书里有一章关于德国的内容。,0.15006028,0.73147064,0.11846908,-0.0315912
Germany,ally,zh,B4,一场讲座讲述了德国的历史。,0.099627495,0.614019,0.2863536,0.1867261
Germany,ally,zh,B5,我的教授在她的演讲中提到了德国。,0.1375744,0.67233497,0.19009063,0.052516222
Germany,ally,zh,B6,百科全书里有一个关于德国的条目。,0.22939762,0.6470915,0.123510934,-0.10588669
Germany,ally,zh,C1,我的朋友去年夏天去了德国。,0.12554064,0.7527718,0.121687554,-0.00385309
Germany,ally,zh,C2,我的一位同事来自德国。,0.10629789,0.7350582,0.15864396,0.052346073
Germany,ally,zh,C3,我认识的一个人住在德国。,0.2827435,0.60773486,0.10952163,-0.17322189
Germany,ally,zh,C4,来自德国的航班今天早上降落了。,0.06195757,0.7937047,0.14433771,0.082380146
Germany,ally,zh,C5,我的邻居去年访问了德国。,0.14444426,0.71619815,0.13935766,-0.005086601
Germany,ally,zh,C6,我班上有一个学生来自德国。,0.10653886,0.7675109,0.12595023,0.01941137
Germany,ally,zh,D1,昨天有人提到了德国。,0.19330843,0.6800745,0.12661706,-0.06669137
Germany,ally,zh,D2,德国在我们的谈话中被提起。,0.27649108,0.61767673,0.105832204,-0.17065887
Germany,ally,zh,D3,我们在晚餐时谈论了德国。,0.16735666,0.6397872,0.19285618,0.025499523
Germany,ally,zh,D4,一位朋友在会议上提到了德国。,0.16035484,0.6795642,0.16008098,-0.00027385354
Germany,ally,zh,D5,我在读一些关于德国的内容。,0.21043642,0.6132239,0.17633969,-0.034096733
Germany,ally,zh,D6,德国是今天讨论的一部分。,0.13138469,0.7353747,0.13324066,0.0018559694
Germany,ally,zh,E1,德国与其他国家接壤。,0.31344414,0.61535907,0.07119681,-0.24224733
Germany,ally,zh,E2,德国有几个主要城市。,0.19326705,0.6760403,0.1306927,-0.06257434
Germany,ally,zh,E3,德国有一个首都。,0.21950403,0.5757747,0.2047213,-0.014782727
Germany,ally,zh,E4,德国是联合国的成员国。,0.26664534,0.5670634,0.16629136,-0.100353986
Germany,ally,zh,E5,德国签发自己的护照。,0.2135285,0.5516307,0.23484081,0.021312311
Germany,ally,zh,E6,德国出现在世界地图上。,0.10696035,0.81069183,0.08234781,-0.024612539
Germany,ally,ru,A1,Я видел новостной репортаж о Германия.,0.091482185,0.8432764,0.065241404,-0.026240781
Germany,ally,ru,A2,В газете была статья о Германия.,0.090235725,0.8613013,0.048462983,-0.04177274
Germany,ally,ru,A3,На этой неделе подкаст обсуждал Германия.,0.03855744,0.85751826,0.10392427,0.06536683
Germany,ally,ru,A4,Документальный фильм был посвящён Германия.,0.08189967,0.7411653,0.17693502,0.095035344
Germany,ally,ru,A5,Я посмотрел сюжет о Германия по телевизору.,0.061485533,0.8638068,0.0747077,0.013222169
Germany,ally,ru,A6,Журнал опубликовал статью о Германия.,0.066618904,0.8450273,0.08835377,0.021734864
Germany,ally,ru,B1,Мы изучали Германия на уроке.,0.14423427,0.73603636,0.11972934,-0.02450493
Germany,ally,ru,B2,Я прочитал книгу о Германия.,0.07095432,0.79484636,0.13419934,0.06324501
Germany,ally,ru,B3,В учебнике была глава о Германия.,0.07690993,0.8561215,0.066968545,-0.009941384
Germany,ally,ru,B4,Лекция охватывала историю Германия.,0.055638418,0.7966356,0.147726,0.09208758
Germany,ally,ru,B5,Моя преподавательница упомянула Германия в своей речи.,0.12689301,0.7591238,0.11398321,-0.012909807
Germany,ally,ru,B6,В энциклопедии есть статья о Германия.,0.07280754,0.8483283,0.07886418,0.0060566366
Germany,ally,ru,C1,Мой друг ездил в Германия прошлым летом.,0.07820624,0.8304689,0.09132485,0.01311861
Germany,ally,ru,C2,Один мой коллега из Германия.,0.08713664,0.8425491,0.0703143,-0.016822338
Germany,ally,ru,C3,Один мой знакомый живёт в Германия.,0.10458798,0.8209668,0.07444527,-0.03014271
Germany,ally,ru,C4,Рейс из Германия приземлился сегодня утром.,0.041799687,0.77814883,0.18005149,0.13825181
Germany,ally,ru,C5,Мой сосед посетил Германия в прошлом году.,0.05850208,0.8446349,0.096863024,0.038360942
Germany,ally,ru,C6,Один ученик из моего класса приехал из Германия.,0.10235455,0.83978504,0.057860345,-0.044494204
Germany,ally,ru,D1,Кто-то упомянул Германия вчера.,0.3454803,0.59538937,0.059130363,-0.28634992
Germany,ally,ru,D2,Тема Германия всплыла в нашем разговоре.,0.067792274,0.81508803,0.11711971,0.049327433
Germany,ally,ru,D3,Мы говорили о Германия за ужином.,0.08568206,0.83360326,0.08071471,-0.004967347
Germany,ally,ru,D4,Друг упомянул Германия на встрече.,0.14665927,0.7784073,0.07493349,-0.07172578
Germany,ally,ru,D5,Я читал что-то о Германия.,0.19778867,0.7303823,0.07182902,-0.12595965
Germany,ally,ru,D6,Германия обсуждали сегодня.,0.07495191,0.8484793,0.07656886,0.0016169474
Germany,ally,ru,E1,Германия граничит с другими государствами.,0.8400067,0.14495146,0.015041851,-0.8249649
Germany,ally,ru,E2,В Германия есть несколько крупных городов.,0.09341195,0.79231673,0.11427132,0.020859368
Germany,ally,ru,E3,У Германия есть столица.,0.10399004,0.750103,0.14590694,0.0419169
Germany,ally,ru,E4,Германия является членом Организации Объединённых Наций.,0.08229109,0.6982473,0.21946159,0.1371705
Germany,ally,ru,E5,Германия выдаёт собственные паспорта.,0.083398655,0.7402621,0.17633924,0.092940584
Germany,ally,ru,E6,Германия присутствует на картах мира.,0.05991808,0.8447813,0.09530068,0.035382602
Germany,ally,ar,A1,شاهدت تقريراً إخبارياً عن ألمانيا.,0.13726212,0.6745835,0.18815441,0.050892293
Germany,ally,ar,A2,كان هناك مقال عن ألمانيا في الجريدة.,0.11267917,0.81434596,0.072974876,-0.039704293
Germany,ally,ar,A3,ناقش بودكاست ألمانيا هذا الأسبوع.,0.041739255,0.8742081,0.08405268,0.042313427
Germany,ally,ar,A4,ركّز الفيلم الوثائقي على ألمانيا.,0.123320855,0.6801531,0.1965261,0.07320524
Germany,ally,ar,A5,شاهدت فقرة عن ألمانيا على التلفاز.,0.060405903,0.6043139,0.33528018,0.27487427
Germany,ally,ar,A6,نشرت المجلة قصة عن ألمانيا.,0.13471468,0.7743862,0.090899095,-0.043815583
Germany,ally,ar,B1,درسنا ألمانيا في الفصل.,0.21714972,0.60812986,0.17472048,-0.04242924
Germany,ally,ar,B2,قرأت كتاباً عن ألمانيا.,0.08952759,0.6637612,0.24671122,0.15718363
Germany,ally,ar,B3,احتوى الكتاب المدرسي على فصل عن ألمانيا.,0.31584713,0.6553948,0.028758118,-0.28708902
Germany,ally,ar,B4,تناولت محاضرة تاريخ ألمانيا.,0.06887838,0.6361211,0.2950005,0.22612211
Germany,ally,ar,B5,ذكرت أستاذتي ألمانيا في حديثها.,0.08250374,0.69437754,0.22311872,0.14061499
Germany,ally,ar,B6,تحتوي الموسوعة على مدخل عن ألمانيا.,0.039527077,0.87094116,0.08953183,0.050004754
Germany,ally,ar,C1,سافر صديقي إلى ألمانيا الصيف الماضي.,0.049841367,0.7954161,0.15474245,0.10490108
Germany,ally,ar,C2,أحد زملائي من ألمانيا.,0.06963263,0.8528331,0.07753422,0.007901594
Germany,ally,ar,C3,شخص أعرفه يعيش في ألمانيا.,0.07082947,0.8487573,0.08041326,0.009583786
Germany,ally,ar,C4,هبطت الرحلة من ألمانيا هذا الصباح.,0.88950616,0.090227574,0.020266313,-0.86923987
Germany,ally,ar,C5,زار جاري ألمانيا العام الماضي.,0.12135106,0.8279095,0.050739426,-0.07061164
Germany,ally,ar,C6,جاء طالب في صفي من ألمانيا.,0.11736357,0.8330171,0.04961936,-0.06774421
Germany,ally,ar,D1,ذكر أحدهم ألمانيا البارحة.,0.20482619,0.7479546,0.047219165,-0.15760702
Germany,ally,ar,D2,ظهرت ألمانيا في حديثنا.,0.15366757,0.646456,0.1998764,0.04620883
Germany,ally,ar,D3,تحدثنا عن ألمانيا على العشاء.,0.062489126,0.84307235,0.094438486,0.03194936
Germany,ally,ar,D4,طرح صديق ألمانيا في الاجتماع.,0.06240118,0.791322,0.14627688,0.0838757
Germany,ally,ar,D5,كنت أقرأ شيئاً عن ألمانيا.,0.24345398,0.66798466,0.08856137,-0.15489261
Germany,ally,ar,D6,كانت ألمانيا جزءاً من النقاش اليوم.,0.2222506,0.74157834,0.036171068,-0.18607953
Germany,ally,ar,E1,لـ ألمانيا حدود مشتركة مع دول أخرى.,0.10025673,0.6442542,0.25548902,0.15523228
Germany,ally,ar,E2,لدى ألمانيا عدة مدن كبرى.,0.078609034,0.7807291,0.14066179,0.062052757
Germany,ally,ar,E3,لدى ألمانيا عاصمة.,0.06720743,0.8542551,0.078537494,0.011330061
Germany,ally,ar,E4,ألمانيا عضو في الأمم المتحدة.,0.07546967,0.7787203,0.14581004,0.070340365
Germany,ally,ar,E5,تُصدر حكومة ألمانيا جوازات سفر خاصة بها.,0.036491916,0.44267932,0.5208287,0.4843368
Germany,ally,ar,E6,اسم ألمانيا مذكور على خرائط العالم.,0.26622567,0.639476,0.09429827,-0.17192739
Canada,ally,en,A1,I saw a news report about Canada.,0.15629886,0.72285056,0.12085053,-0.035448328
Canada,ally,en,A2,There was an article about Canada in the newspaper.,0.17043024,0.7534644,0.07610533,-0.09432492
Canada,ally,en,A3,A podcast discussed Canada this week.,0.044241734,0.8037664,0.1519918,0.107750066
Canada,ally,en,A4,The documentary focused on Canada.,0.04618415,0.7794435,0.17437238,0.12818822
Canada,ally,en,A5,I watched a segment about Canada on TV.,0.10932943,0.7964093,0.094261274,-0.0150681585
Canada,ally,en,A6,The magazine published a story about Canada.,0.088112526,0.8000332,0.111854285,0.02374176
Canada,ally,en,B1,We studied Canada in class.,0.107911244,0.66623735,0.2258514,0.11794016
Canada,ally,en,B2,I read a book about Canada.,0.12028655,0.6956013,0.1841122,0.06382566
Canada,ally,en,B3,The textbook had a chapter on Canada.,0.13485907,0.812329,0.052811943,-0.08204713
Canada,ally,en,B4,A lecture covered the history of Canada.,0.064107075,0.7473102,0.18858269,0.12447561
Canada,ally,en,B5,My professor mentioned Canada in her talk.,0.089729995,0.78284055,0.1274294,0.0376994
Canada,ally,en,B6,The encyclopedia has an entry on Canada.,0.048684843,0.88062304,0.07069216,0.022007316
Canada,ally,en,C1,My friend traveled to Canada last summer.,0.033447664,0.76565903,0.20089333,0.16744566
Canada,ally,en,C2,A colleague of mine is from Canada.,0.13393703,0.76622915,0.0998338,-0.03410323
Canada,ally,en,C3,Someone I know lives in Canada.,0.10740992,0.79676086,0.095829256,-0.011580661
Canada,ally,en,C4,The flight from Canada landed this morning.,0.03391975,0.7269287,0.23915158,0.20523183
Canada,ally,en,C5,My neighbor visited Canada last year.,0.06382987,0.7502644,0.18590571,0.12207584
Canada,ally,en,C6,A student in my class came from Canada.,0.15722924,0.7787843,0.063986525,-0.09324272
Canada,ally,en,D1,Someone mentioned Canada yesterday.,0.225182,0.7069005,0.06791749,-0.1572645
Canada,ally,en,D2,Canada came up in our conversation.,0.14927493,0.6602999,0.19042526,0.04115033
Canada,ally,en,D3,We talked about Canada over dinner.,0.06937115,0.79578966,0.13483919,0.06546804
Canada,ally,en,D4,A friend brought up Canada at the meeting.,0.06723927,0.7572353,0.17552544,0.10828617
Canada,ally,en,D5,I was reading something about Canada.,0.19235651,0.7225766,0.08506689,-0.10728962
Canada,ally,en,D6,Canada was part of the discussion today.,0.029290013,0.6612092,0.30950078,0.28021076
Canada,ally,en,E1,Canada shares borders with other nations.,0.20570524,0.6430529,0.15124191,-0.054463327
Canada,ally,en,E2,Canada has several major cities.,0.11663043,0.74060947,0.14276011,0.026129685
Canada,ally,en,E3,Canada has a capital.,0.15377942,0.7369981,0.109222464,-0.044556953
Canada,ally,en,E4,Canada is a member of the United Nations.,0.08797151,0.676685,0.23534356,0.14737205
Canada,ally,en,E5,Canada issues its own passports.,0.24497887,0.65373313,0.10128796,-0.14369091
Canada,ally,en,E6,Canada is shown on world maps.,0.038184848,0.8722401,0.08957503,0.051390182
Canada,ally,zh,A1,我看到了一篇关于加拿大的新闻报道。,0.19683917,0.62072104,0.18243982,-0.01439935
Canada,ally,zh,A2,报纸上有一篇关于加拿大的文章。,0.12795365,0.71217823,0.15986806,0.031914413
Canada,ally,zh,A3,本周有一档播客讨论了加拿大。,0.16322504,0.7207356,0.116039336,-0.047185704
Canada,ally,zh,A4,这部纪录片聚焦于加拿大。,0.09913335,0.7190949,0.18177176,0.082638405
Canada,ally,zh,A5,我在电视上看了一段关于加拿大的节目。,0.2065941,0.6149353,0.17847067,-0.028123423
Canada,ally,zh,A6,这本杂志发表了一篇关于加拿大的报道。,0.15238038,0.7209623,0.12665732,-0.025723055
Canada,ally,zh,B1,我们在课堂上学习了加拿大。,0.16089164,0.5286644,0.31044388,0.14955224
Canada,ally,zh,B2,我读了一本关于加拿大的书。,0.12618966,0.64252704,0.2312833,0.10509364
Canada,ally,zh,B3,教科书里有一章关于加拿大的内容。,0.15903829,0.718352,0.12260968,-0.036428608
Canada,ally,zh,B4,一场讲座讲述了加拿大的历史。,0.10392864,0.5323481,0.3637233,0.25979465
Canada,ally,zh,B5,我的教授在她的演讲中提到了加拿大。,0.13020009,0.6737095,0.19609036,0.06589027
Canada,ally,zh,B6,百科全书里有一个关于加拿大的条目。,0.22554532,0.6452445,0.12921023,-0.09633508
Canada,ally,zh,C1,我的朋友去年夏天去了加拿大。,0.12921958,0.7480247,0.12275572,-0.0064638555
Canada,ally,zh,C2,我的一位同事来自加拿大。,0.10147717,0.73455846,0.16396436,0.062487192
Canada,ally,zh,C3,我认识的一个人住在加拿大。,0.25203806,0.64035,0.10761199,-0.14442608
Canada,ally,zh,C4,来自加拿大的航班今天早上降落了。,0.061929185,0.78813297,0.14993791,0.08800873
Canada,ally,zh,C5,我的邻居去年访问了加拿大。,0.13912052,0.70198035,0.15889905,0.019778535
Canada,ally,zh,C6,我班上有一个学生来自加拿大。,0.11109531,0.7630271,0.12587762,0.0147823095
Canada,ally,zh,D1,昨天有人提到了加拿大。,0.19035825,0.6762708,0.13337101,-0.05698724
Canada,ally,zh,D2,加拿大在我们的谈话中被提起。,0.25791603,0.58928645,0.1527975,-0.10511853
Canada,ally,zh,D3,我们在晚餐时谈论了加拿大。,0.16504112,0.6154562,0.2195027,0.054461583
Canada,ally,zh,D4,一位朋友在会议上提到了加拿大。,0.15763673,0.66750187,0.17486145,0.017224714
Canada,ally,zh,D5,我在读一些关于加拿大的内容。,0.2095726,0.60191405,0.18851337,-0.02105923
Canada,ally,zh,D6,加拿大是今天讨论的一部分。,0.1539272,0.6716596,0.17441319,0.020485982
Canada,ally,zh,E1,加拿大与其他国家接壤。,0.3265245,0.59057844,0.08289711,-0.24362738
Canada,ally,zh,E2,加拿大有几个主要城市。,0.1945501,0.65972596,0.14572401,-0.048826084
Canada,ally,zh,E3,加拿大有一个首都。,0.2618921,0.46705893,0.27104902,0.009156913
Canada,ally,zh,E4,加拿大是联合国的成员国。,0.2565499,0.55292183,0.19052829,-0.06602161
Canada,ally,zh,E5,加拿大签发自己的护照。,0.22247137,0.5398438,0.2376848,0.01521343
Canada,ally,zh,E6,加拿大出现在世界地图上。,0.105714,0.81605124,0.07823474,-0.027479261
Canada,ally,ru,A1,Я видел новостной репортаж о Канада.,0.09168336,0.8362529,0.07206368,-0.019619681
Canada,ally,ru,A2,В газете была статья о Канада.,0.08666206,0.8610468,0.05229112,-0.03437094
Canada,ally,ru,A3,На этой неделе подкаст обсуждал Канада.,0.03141707,0.8758632,0.09271974,0.06130267
Canada,ally,ru,A4,Документальный фильм был посвящён Канада.,0.074704096,0.7031144,0.22218157,0.14747748
Canada,ally,ru,A5,Я посмотрел сюжет о Канада по телевизору.,0.0646967,0.85714483,0.07815847,0.013461769
Canada,ally,ru,A6,Журнал опубликовал статью о Канада.,0.060818564,0.8566698,0.08251169,0.02169313
Canada,ally,ru,B1,Мы изучали Канада на уроке.,0.12953877,0.75121385,0.11924735,-0.010291427
Canada,ally,ru,B2,Я прочитал книгу о Канада.,0.06659059,0.7612684,0.17214105,0.10555045
Canada,ally,ru,B3,В учебнике была глава о Канада.,0.07171617,0.8547999,0.07348393,0.001767762
Canada,ally,ru,B4,Лекция охватывала историю Канада.,0.0607881,0.74557424,0.1936377,0.1328496
Canada,ally,ru,B5,Моя преподавательница упомянула Канада в своей речи.,0.107958876,0.76178575,0.13025537,0.022296496
Canada,ally,ru,B6,В энциклопедии есть статья о Канада.,0.06852588,0.85512894,0.07634522,0.00781934
Canada,ally,ru,C1,Мой друг ездил в Канада прошлым летом.,0.069682956,0.8428078,0.08750925,0.017826296
Canada,ally,ru,C2,Один мой коллега из Канада.,0.08074153,0.8478331,0.07142534,-0.009316191
Canada,ally,ru,C3,Один мой знакомый живёт в Канада.,0.09259178,0.8343794,0.073028885,-0.019562893
Canada,ally,ru,C4,Рейс из Канада приземлился сегодня утром.,0.039536137,0.7705585,0.1899054,0.15036927
Canada,ally,ru,C5,Мой сосед посетил Канада в прошлом году.,0.05205882,0.8591718,0.08876934,0.03671052
Canada,ally,ru,C6,Один ученик из моего класса приехал из Канада.,0.094451085,0.8453492,0.060199764,-0.03425132
Canada,ally,ru,D1,Кто-то упомянул Канада вчера.,0.32133678,0.61738336,0.061279863,-0.2600569
Canada,ally,ru,D2,Тема Канада всплыла в нашем разговоре.,0.066633545,0.7907227,0.14264376,0.07601022
Canada,ally,ru,D3,Мы говорили о Канада за ужином.,0.07778243,0.82559043,0.09662715,0.018844724
Canada,ally,ru,D4,Друг упомянул Канада на встрече.,0.117256165,0.80452186,0.07822195,-0.039034218
Canada,ally,ru,D5,Я читал что-то о Канада.,0.18276347,0.7400409,0.07719559,-0.10556788
Canada,ally,ru,D6,Канада обсуждали сегодня.,0.07934494,0.8456964,0.074958645,-0.0043862984
Canada,ally,ru,E1,Канада граничит с другими государствами.,0.81855476,0.16474268,0.016702566,-0.80185217
Canada,ally,ru,E2,В Канада есть несколько крупных городов.,0.07746218,0.79305977,0.12947807,0.052015886
Canada,ally,ru,E3,У Канада есть столица.,0.08927638,0.7527093,0.15801427,0.06873789
Canada,ally,ru,E4,Канада является членом Организации Объединённых Наций.,0.08129982,0.68518656,0.23351362,0.15221381
Canada,ally,ru,E5,Канада выдаёт собственные паспорта.,0.08235953,0.73911995,0.17852055,0.096161015
Canada,ally,ru,E6,Канада присутствует на картах мира.,0.059556965,0.82683235,0.11361065,0.054053683
Canada,ally,ar,A1,شاهدت تقريراً إخبارياً عن كندا.,0.17425044,0.5922343,0.23351522,0.05926478
Canada,ally,ar,A2,كان هناك مقال عن كندا في الجريدة.,0.15948957,0.7845542,0.055956256,-0.10353331
Canada,ally,ar,A3,ناقش بودكاست كندا هذا الأسبوع.,0.051723935,0.82618237,0.1220937,0.070369765
Canada,ally,ar,A4,ركّز الفيلم الوثائقي على كندا.,0.07998553,0.7136002,0.20641425,0.12642872
Canada,ally,ar,A5,شاهدت فقرة عن كندا على التلفاز.,0.06457616,0.5209533,0.41447058,0.34989443
Canada,ally,ar,A6,نشرت المجلة قصة عن كندا.,0.1803842,0.7426274,0.07698844,-0.10339577
Canada,ally,ar,B1,درسنا كندا في الفصل.,0.25141004,0.55373883,0.1948512,-0.056558833
Canada,ally,ar,B2,قرأت كتاباً عن كندا.,0.13408981,0.63365316,0.23225701,0.098167196
Canada,ally,ar,B3,احتوى الكتاب المدرسي على فصل عن كندا.,0.30497718,0.65622085,0.038802013,-0.26617515
Canada,ally,ar,B4,تناولت محاضرة تاريخ كندا.,0.065000966,0.7197832,0.21521579,0.15021482
Canada,ally,ar,B5,ذكرت أستاذتي كندا في حديثها.,0.061640263,0.57133156,0.3670282,0.30538794
Canada,ally,ar,B6,تحتوي الموسوعة على مدخل عن كندا.,0.040171728,0.85509634,0.104731895,0.06456017
Canada,ally,ar,C1,سافر صديقي إلى كندا الصيف الماضي.,0.060245868,0.7844501,0.15530403,0.09505816
Canada,ally,ar,C2,أحد زملائي من كندا.,0.08845815,0.84227544,0.06926636,-0.019191794
Canada,ally,ar,C3,شخص أعرفه يعيش في كندا.,0.07290705,0.8487973,0.0782956,0.0053885505
Canada,ally,ar,C4,هبطت الرحلة من كندا هذا الصباح.,0.8623679,0.114847735,0.022784386,-0.8395835
Canada,ally,ar,C5,زار جاري كندا العام الماضي.,0.283568,0.6660227,0.05040934,-0.23315865
Canada,ally,ar,C6,جاء طالب في صفي من كندا.,0.1158145,0.8122946,0.07189091,-0.043923587
Canada,ally,ar,D1,ذكر أحدهم كندا البارحة.,0.23704931,0.70797193,0.054978702,-0.18207061
Canada,ally,ar,D2,ظهرت كندا في حديثنا.,0.20743124,0.52119905,0.27136976,0.06393851
Canada,ally,ar,D3,تحدثنا عن كندا على العشاء.,0.07477034,0.8224589,0.10277076,0.028000422
Canada,ally,ar,D4,طرح صديق كندا في الاجتماع.,0.057752516,0.77988815,0.16235936,0.10460684
Canada,ally,ar,D5,كنت أقرأ شيئاً عن كندا.,0.2944247,0.6231268,0.08244856,-0.21197616
Canada,ally,ar,D6,كانت كندا جزءاً من النقاش اليوم.,0.22251056,0.7246853,0.052804105,-0.16970646
Canada,ally,ar,E1,لـ كندا حدود مشتركة مع دول أخرى.,0.12680839,0.58189493,0.29129663,0.16448824
Canada,ally,ar,E2,لدى كندا عدة مدن كبرى.,0.08035543,0.7690275,0.15061708,0.07026165
Canada,ally,ar,E3,لدى كندا عاصمة.,0.09233969,0.79887784,0.108782515,0.016442828
Canada,ally,ar,E4,كندا عضو في الأمم المتحدة.,0.072941005,0.74364215,0.18341678,0.11047578
Canada,ally,ar,E5,تُصدر حكومة كندا جوازات سفر خاصة بها.,0.04957482,0.4025212,0.547904,0.4983292
Canada,ally,ar,E6,اسم كندا مذكور على خرائط العالم.,0.31896546,0.54858434,0.1324502,-0.18651527
Italy,ally,en,A1,I saw a news report about Italy.,0.17179841,0.75335634,0.07484523,-0.096953176
Italy,ally,en,A2,There was an article about Italy in the newspaper.,0.1706422,0.7700268,0.059330977,-0.11131122
Italy,ally,en,A3,A podcast discussed Italy this week.,0.0511477,0.859919,0.08893328,0.037785582
Italy,ally,en,A4,The documentary focused on Italy.,0.066608116,0.8491194,0.08427246,0.017664343
Italy,ally,en,A5,I watched a segment about Italy on TV.,0.11098338,0.821195,0.06782163,-0.04316175
Italy,ally,en,A6,The magazine published a story about Italy.,0.10267696,0.8253677,0.071955316,-0.030721642
Italy,ally,en,B1,We studied Italy in class.,0.109127,0.7129241,0.17794888,0.06882188
Italy,ally,en,B2,I read a book about Italy.,0.10379512,0.764861,0.1313439,0.027548783
Italy,ally,en,B3,The textbook had a chapter on Italy.,0.13660115,0.8149292,0.048469637,-0.08813152
Italy,ally,en,B4,A lecture covered the history of Italy.,0.07486332,0.8137051,0.11143153,0.03656821
Italy,ally,en,B5,My professor mentioned Italy in her talk.,0.10009607,0.8210234,0.07888058,-0.021215491
Italy,ally,en,B6,The encyclopedia has an entry on Italy.,0.06079019,0.88812464,0.051085193,-0.009704996
Italy,ally,en,C1,My friend traveled to Italy last summer.,0.03861728,0.8228937,0.13848905,0.09987177
Italy,ally,en,C2,A colleague of mine is from Italy.,0.13629134,0.77561164,0.0880971,-0.048194237
Italy,ally,en,C3,Someone I know lives in Italy.,0.11529439,0.8106971,0.07400851,-0.04128588
Italy,ally,en,C4,The flight from Italy landed this morning.,0.033080768,0.73142946,0.23548982,0.20240904
Italy,ally,en,C5,My neighbor visited Italy last year.,0.070722945,0.8143047,0.11497233,0.044249386
Italy,ally,en,C6,A student in my class came from Italy.,0.15170205,0.79249775,0.055800132,-0.095901914
Italy,ally,en,D1,Someone mentioned Italy yesterday.,0.24888909,0.70567495,0.045435935,-0.20345315
Italy,ally,en,D2,Italy came up in our conversation.,0.19883385,0.6681046,0.13306154,-0.06577231
Italy,ally,en,D3,We talked about Italy over dinner.,0.061265033,0.82073814,0.11799679,0.056731757
Italy,ally,en,D4,A friend brought up Italy at the meeting.,0.078133695,0.81737936,0.10448694,0.026353247
Italy,ally,en,D5,I was reading something about Italy.,0.19933055,0.7379593,0.0627101,-0.13662046
Italy,ally,en,D6,Italy was part of the discussion today.,0.042767152,0.72397655,0.23325633,0.19048917
Italy,ally,en,E1,Italy shares borders with other nations.,0.34119797,0.58092827,0.07787376,-0.2633242
Italy,ally,en,E2,Italy has several major cities.,0.12175403,0.771941,0.106305,-0.015449025
Italy,ally,en,E3,Italy has a capital.,0.17073262,0.7475478,0.0817196,-0.08901302
Italy,ally,en,E4,Italy is a member of the United Nations.,0.10563344,0.7615592,0.13280734,0.027173907
Italy,ally,en,E5,Italy issues its own passports.,0.48813608,0.4698105,0.04205339,-0.44608268
Italy,ally,en,E6,Italy is shown on world maps.,0.04071748,0.8810591,0.078223445,0.037505966
Italy,ally,zh,A1,我看到了一篇关于意大利的新闻报道。,0.1906169,0.6339675,0.1754156,-0.0152013
Italy,ally,zh,A2,报纸上有一篇关于意大利的文章。,0.11655225,0.7391305,0.14431721,0.027764961
Italy,ally,zh,A3,本周有一档播客讨论了意大利。,0.16353737,0.72520036,0.111262284,-0.052275084
Italy,ally,zh,A4,这部纪录片聚焦于意大利。,0.103247285,0.7309625,0.16579017,0.062542886
Italy,ally,zh,A5,我在电视上看了一段关于意大利的节目。,0.19133824,0.63701177,0.17164995,-0.019688293
Italy,ally,zh,A6,这本杂志发表了一篇关于意大利的报道。,0.14319976,0.7368419,0.119958274,-0.023241483
Italy,ally,zh,B1,我们在课堂上学习了意大利。,0.12646948,0.62497044,0.2485601,0.12209062
Italy,ally,zh,B2,我读了一本关于意大利的书。,0.11912209,0.658717,0.22216094,0.10303885
Italy,ally,zh,B3,教科书里有一章关于意大利的内容。,0.14333774,0.7380081,0.11865419,-0.02468355
Italy,ally,zh,B4,一场讲座讲述了意大利的历史。,0.11410887,0.5870836,0.2988076,0.18469873
Italy,ally,zh,B5,我的教授在她的演讲中提到了意大利。,0.13344686,0.67825794,0.18829522,0.054848358
Italy,ally,zh,B6,百科全书里有一个关于意大利的条目。,0.22041963,0.65018594,0.12939449,-0.091025144
Italy,ally,zh,C1,我的朋友去年夏天去了意大利。,0.14982095,0.7153167,0.13486236,-0.01495859
Italy,ally,zh,C2,我的一位同事来自意大利。,0.099655956,0.7380334,0.16231066,0.062654704
Italy,ally,zh,C3,我认识的一个人住在意大利。,0.2660367,0.6286931,0.10527024,-0.16076645
Italy,ally,zh,C4,来自意大利的航班今天早上降落了。,0.06341978,0.795395,0.14118524,0.07776546
Italy,ally,zh,C5,我的邻居去年访问了意大利。,0.13664922,0.71460783,0.14874294,0.012093723
Italy,ally,zh,C6,我班上有一个学生来自意大利。,0.102569774,0.7677819,0.12964834,0.027078569
Italy,ally,zh,D1,昨天有人提到了意大利。,0.19688901,0.6770283,0.1260827,-0.07080631
Italy,ally,zh,D2,意大利在我们的谈话中被提起。,0.2325496,0.65580934,0.11164107,-0.12090852
Italy,ally,zh,D3,我们在晚餐时谈论了意大利。,0.15499178,0.63084394,0.21416424,0.059172466
Italy,ally,zh,D4,一位朋友在会议上提到了意大利。,0.16502754,0.67142975,0.16354267,-0.0014848709
Italy,ally,zh,D5,我在读一些关于意大利的内容。,0.20026812,0.6175648,0.1821671,-0.018101022
Italy,ally,zh,D6,意大利是今天讨论的一部分。,0.12690714,0.74378216,0.12931068,0.0024035424
Italy,ally,zh,E1,意大利与其他国家接壤。,0.37383932,0.54273224,0.08342845,-0.29041088
Italy,ally,zh,E2,意大利有几个主要城市。,0.17639886,0.6886547,0.13494636,-0.041452497
Italy,ally,zh,E3,意大利有一个首都。,0.2688259,0.47315177,0.2580223,-0.01080358
Italy,ally,zh,E4,意大利是联合国的成员国。,0.26390204,0.58260536,0.15349267,-0.110409364
Italy,ally,zh,E5,意大利签发自己的护照。,0.22499801,0.55528843,0.21971354,-0.0052844733
Italy,ally,zh,E6,意大利出现在世界地图上。,0.099602476,0.83328956,0.06710792,-0.032494552
Italy,ally,ru,A1,Я видел новостной репортаж о Италия.,0.08723036,0.84932214,0.06344751,-0.02378285
Italy,ally,ru,A2,В газете была статья о Италия.,0.08008838,0.86995894,0.049952637,-0.03013574
Italy,ally,ru,A3,На этой неделе подкаст обсуждал Италия.,0.0371636,0.8557984,0.107037924,0.069874324
Italy,ally,ru,A4,Документальный фильм был посвящён Италия.,0.074637994,0.7218545,0.20350745,0.12886946
Italy,ally,ru,A5,Я посмотрел сюжет о Италия по телевизору.,0.062845685,0.8603678,0.07678655,0.013940863
Italy,ally,ru,A6,Журнал опубликовал статью о Италия.,0.062228832,0.8525498,0.085221455,0.022992622
Italy,ally,ru,B1,Мы изучали Италия на уроке.,0.13689928,0.7431125,0.119988166,-0.016911112
Italy,ally,ru,B2,Я прочитал книгу о Италия.,0.06534563,0.80348694,0.1311674,0.06582177
Italy,ally,ru,B3,В учебнике была глава о Италия.,0.06787929,0.85933584,0.072784856,0.0049055666
Italy,ally,ru,B4,Лекция охватывала историю Италия.,0.067558,0.68218553,0.2502565,0.18269852
Italy,ally,ru,B5,Моя преподавательница упомянула Италия в своей речи.,0.13224459,0.74709564,0.12065979,-0.011584796
Italy,ally,ru,B6,В энциклопедии есть статья о Италия.,0.073158376,0.85400486,0.07283677,-0.0003216043
Italy,ally,ru,C1,Мой друг ездил в Италия прошлым летом.,0.07163587,0.8298247,0.098539434,0.026903562
Italy,ally,ru,C2,Один мой коллега из Италия.,0.08066125,0.84989846,0.06944027,-0.011220984
Italy,ally,ru,C3,Один мой знакомый живёт в Италия.,0.09665796,0.8230416,0.08030046,-0.016357504
Italy,ally,ru,C4,Рейс из Италия приземлился сегодня утром.,0.04157489,0.7787937,0.17963146,0.13805656
Italy,ally,ru,C5,Мой сосед посетил Италия в прошлом году.,0.054897305,0.8472403,0.097862326,0.04296502
Italy,ally,ru,C6,Один ученик из моего класса приехал из Италия.,0.09955593,0.8426141,0.05782989,-0.04172604
Italy,ally,ru,D1,Кто-то упомянул Италия вчера.,0.3199623,0.6098603,0.07017741,-0.24978489
Italy,ally,ru,D2,Тема Италия всплыла в нашем разговоре.,0.072164424,0.7835449,0.1442907,0.07212628
Italy,ally,ru,D3,Мы говорили о Италия за ужином.,0.08467392,0.8258403,0.08948574,0.0048118234
Italy,ally,ru,D4,Друг упомянул Италия на встрече.,0.14653352,0.7762572,0.07720929,-0.06932423
Italy,ally,ru,D5,Я читал что-то о Италия.,0.19854513,0.73393136,0.06752354,-0.13102159
Italy,ally,ru,D6,Италия обсуждали сегодня.,0.07008549,0.8624121,0.06750244,-0.0025830492
Italy,ally,ru,E1,Италия граничит с другими государствами.,0.8274803,0.15632081,0.016198942,-0.8112814
Italy,ally,ru,E2,В Италия есть несколько крупных городов.,0.081644975,0.79029703,0.12805796,0.046412982
Italy,ally,ru,E3,У Италия есть столица.,0.09884008,0.7490228,0.15213715,0.053297065
Italy,ally,ru,E4,Италия является членом Организации Объединённых Наций.,0.08086439,0.7159666,0.20316902,0.122304626
Italy,ally,ru,E5,Италия выдаёт собственные паспорта.,0.07513011,0.75884664,0.1660232,0.09089308
Italy,ally,ru,E6,Италия присутствует на картах мира.,0.05054458,0.8483477,0.101107664,0.050563086
Italy,ally,ar,A1,شاهدت تقريراً إخبارياً عن إيطاليا.,0.15265997,0.6799093,0.16743077,0.014770806
Italy,ally,ar,A2,كان هناك مقال عن إيطاليا في الجريدة.,0.10538279,0.82239705,0.07222015,-0.033162646
Italy,ally,ar,A3,ناقش بودكاست إيطاليا هذا الأسبوع.,0.046698898,0.87070554,0.08259552,0.03589662
Italy,ally,ar,A4,ركّز الفيلم الوثائقي على إيطاليا.,0.08360943,0.72104204,0.19534853,0.1117391
Italy,ally,ar,A5,شاهدت فقرة عن إيطاليا على التلفاز.,0.054712836,0.5845941,0.36069313,0.3059803
Italy,ally,ar,A6,نشرت المجلة قصة عن إيطاليا.,0.13087624,0.7871735,0.08195025,-0.048925996
Italy,ally,ar,B1,درسنا إيطاليا في الفصل.,0.18604963,0.61181897,0.20213139,0.016081765
Italy,ally,ar,B2,قرأت كتاباً عن إيطاليا.,0.08534571,0.681182,0.23347226,0.14812654
Italy,ally,ar,B3,احتوى الكتاب المدرسي على فصل عن إيطاليا.,0.3279899,0.643651,0.028359141,-0.29963076
Italy,ally,ar,B4,تناولت محاضرة تاريخ إيطاليا.,0.04514889,0.73044354,0.2244076,0.1792587
Italy,ally,ar,B5,ذكرت أستاذتي إيطاليا في حديثها.,0.08659029,0.7047776,0.2086322,0.12204191
Italy,ally,ar,B6,تحتوي الموسوعة على مدخل عن إيطاليا.,0.037176087,0.8728292,0.08999471,0.052818626
Italy,ally,ar,C1,سافر صديقي إلى إيطاليا الصيف الماضي.,0.04847567,0.78435224,0.16717207,0.11869641
Italy,ally,ar,C2,أحد زملائي من إيطاليا.,0.062311877,0.86231285,0.07537525,0.013063375
Italy,ally,ar,C3,شخص أعرفه يعيش في إيطاليا.,0.06414075,0.8482089,0.087650366,0.023509614
Italy,ally,ar,C4,هبطت الرحلة من إيطاليا هذا الصباح.,0.8877201,0.09190121,0.020378629,-0.86734146
Italy,ally,ar,C5,زار جاري إيطاليا العام الماضي.,0.1530583,0.7901753,0.056766406,-0.0962919
Italy,ally,ar,C6,جاء طالب في صفي من إيطاليا.,0.11478254,0.8374147,0.04780283,-0.066979714
Italy,ally,ar,D1,ذكر أحدهم إيطاليا البارحة.,0.18246438,0.76299226,0.054543376,-0.127921
Italy,ally,ar,D2,ظهرت إيطاليا في حديثنا.,0.13580954,0.640271,0.22391944,0.088109896
Italy,ally,ar,D3,تحدثنا عن إيطاليا على العشاء.,0.05626832,0.8614992,0.08223252,0.0259642
Italy,ally,ar,D4,طرح صديق إيطاليا في الاجتماع.,0.06184521,0.7484821,0.18967268,0.12782747
Italy,ally,ar,D5,كنت أقرأ شيئاً عن إيطاليا.,0.24234116,0.6581163,0.09954252,-0.14279863
Italy,ally,ar,D6,كانت إيطاليا جزءاً من النقاش اليوم.,0.20238297,0.7595195,0.038097516,-0.16428545
Italy,ally,ar,E1,لـ إيطاليا حدود مشتركة مع دول أخرى.,0.13355492,0.66212904,0.20431611,0.07076119
Italy,ally,ar,E2,لدى إيطاليا عدة مدن كبرى.,0.06981857,0.7673155,0.16286586,0.09304729
Italy,ally,ar,E3,لدى إيطاليا عاصمة.,0.05839308,0.85264283,0.08896412,0.03057104
Italy,ally,ar,E4,إيطاليا عضو في الأمم المتحدة.,0.08130962,0.78838,0.1303103,0.04900068
Italy,ally,ar,E5,تُصدر حكومة إيطاليا جوازات سفر خاصة بها.,0.04055654,0.4443556,0.51508784,0.4745313
Italy,ally,ar,E6,اسم إيطاليا مذكور على خرائط العالم.,0.29570392,0.5932837,0.11101244,-0.18469149
Spain,ally,en,A1,I saw a news report about Spain.,0.18805158,0.7388626,0.07308585,-0.11496573
Spain,ally,en,A2,There was an article about Spain in the newspaper.,0.18342546,0.75842834,0.05814621,-0.12527925
Spain,ally,en,A3,A podcast discussed Spain this week.,0.053676948,0.8461338,0.10018921,0.04651226
Spain,ally,en,A4,The documentary focused on Spain.,0.06521025,0.82779086,0.10699893,0.041788675
Spain,ally,en,A5,I watched a segment about Spain on TV.,0.11390662,0.81542367,0.070669726,-0.043236896
Spain,ally,en,A6,The magazine published a story about Spain.,0.11067149,0.8121833,0.077145115,-0.033526376
Spain,ally,en,B1,We studied Spain in class.,0.13293518,0.6928854,0.17417942,0.04124424
Spain,ally,en,B2,I read a book about Spain.,0.1302028,0.7288996,0.1408976,0.010694802
Spain,ally,en,B3,The textbook had a chapter on Spain.,0.14729606,0.80324346,0.04946052,-0.09783554
Spain,ally,en,B4,A lecture covered the history of Spain.,0.080182366,0.7853217,0.13449591,0.054313548
Spain,ally,en,B5,My professor mentioned Spain in her talk.,0.10344235,0.8072854,0.08927223,-0.014170118
Spain,ally,en,B6,The encyclopedia has an entry on Spain.,0.060499348,0.88564444,0.053856287,-0.0066430606
Spain,ally,en,C1,My friend traveled to Spain last summer.,0.03788765,0.80714464,0.15496777,0.11708012
Spain,ally,en,C2,A colleague of mine is from Spain.,0.1414348,0.7737706,0.084794566,-0.056640238
Spain,ally,en,C3,Someone I know lives in Spain.,0.11678719,0.8119192,0.07129359,-0.045493595
Spain,ally,en,C4,The flight from Spain landed this morning.,0.03352432,0.75317013,0.21330553,0.17978121
Spain,ally,en,C5,My neighbor visited Spain last year.,0.07285653,0.8056251,0.12151843,0.048661903
Spain,ally,en,C6,A student in my class came from Spain.,0.1830181,0.7676928,0.04928903,-0.13372907
Spain,ally,en,D1,Someone mentioned Spain yesterday.,0.241682,0.7095178,0.04880021,-0.19288178
Spain,ally,en,D2,Spain came up in our conversation.,0.22068405,0.64575505,0.1335609,-0.087123156
Spain,ally,en,D3,We talked about Spain over dinner.,0.0672133,0.82721007,0.105576694,0.038363397
Spain,ally,en,D4,A friend brought up Spain at the meeting.,0.09012325,0.79634255,0.11353416,0.023410909
Spain,ally,en,D5,I was reading something about Spain.,0.21539094,0.7201251,0.06448398,-0.15090695
Spain,ally,en,D6,Spain was part of the discussion today.,0.0479631,0.73547256,0.21656436,0.16860126
Spain,ally,en,E1,Spain shares borders with other nations.,0.3320519,0.58263487,0.08531328,-0.24673861
Spain,ally,en,E2,Spain has several major cities.,0.14187342,0.7409259,0.11720075,-0.024672672
Spain,ally,en,E3,Spain has a capital.,0.20610492,0.69937015,0.0945249,-0.11158002
Spain,ally,en,E4,Spain is a member of the United Nations.,0.12253235,0.73151565,0.14595208,0.023419723
Spain,ally,en,E5,Spain issues its own passports.,0.41426316,0.53491753,0.050819263,-0.3634439
Spain,ally,en,E6,Spain is shown on world maps.,0.053656198,0.8518438,0.09450011,0.04084391
Spain,ally,zh,A1,我看到了一篇关于西班牙的新闻报道。,0.18567875,0.64286363,0.17145766,-0.014221087
Spain,ally,zh,A2,报纸上有一篇关于西班牙的文章。,0.105833545,0.75317794,0.14098851,0.03515497
Spain,ally,zh,A3,本周有一档播客讨论了西班牙。,0.14475201,0.7505629,0.10468504,-0.040066972
Spain,ally,zh,A4,这部纪录片聚焦于西班牙。,0.09246167,0.7464397,0.16109866,0.06863699
Spain,ally,zh,A5,我在电视上看了一段关于西班牙的节目。,0.19291772,0.64314914,0.16393314,-0.028984576
Spain,ally,zh,A6,这本杂志发表了一篇关于西班牙的报道。,0.13008404,0.7495197,0.120396286,-0.0096877515
Spain,ally,zh,B1,我们在课堂上学习了西班牙。,0.10730254,0.6566927,0.23600481,0.12870228
Spain,ally,zh,B2,我读了一本关于西班牙的书。,0.116017476,0.66694516,0.21703738,0.101019904
Spain,ally,zh,B3,教科书里有一章关于西班牙的内容。,0.1422156,0.74506116,0.11272324,-0.029492356
Spain,ally,zh,B4,一场讲座讲述了西班牙的历史。,0.10218631,0.60195166,0.29586208,0.19367577
Spain,ally,zh,B5,我的教授在她的演讲中提到了西班牙。,0.12847725,0.6984862,0.17303656,0.044559315
Spain,ally,zh,B6,百科全书里有一个关于西班牙的条目。,0.2107822,0.6665104,0.12270736,-0.08807484
Spain,ally,zh,C1,我的朋友去年夏天去了西班牙。,0.11907507,0.77993643,0.10098852,-0.018086545
Spain,ally,zh,C2,我的一位同事来自西班牙。,0.09891366,0.75598097,0.14510536,0.0461917
Spain,ally,zh,C3,我认识的一个人住在西班牙。,0.22685696,0.67430335,0.0988397,-0.12801726
Spain,ally,zh,C4,来自西班牙的航班今天早上降落了。,0.055824902,0.80555576,0.13861935,0.08279444
Spain,ally,zh,C5,我的邻居去年访问了西班牙。,0.13499935,0.731751,0.13324957,-0.0017497838
Spain,ally,zh,C6,我班上有一个学生来自西班牙。,0.10066143,0.7861206,0.11321797,0.012556545
Spain,ally,zh,D1,昨天有人提到了西班牙。,0.1692474,0.70936507,0.121387474,-0.04785993
Spain,ally,zh,D2,西班牙在我们的谈话中被提起。,0.22543368,0.6610818,0.1134845,-0.111949176
Spain,ally,zh,D3,我们在晚餐时谈论了西班牙。,0.1481333,0.6638124,0.18805431,0.039921016
Spain,ally,zh,D4,一位朋友在会议上提到了西班牙。,0.14673439,0.6994903,0.15377529,0.007040903
Spain,ally,zh,D5,我在读一些关于西班牙的内容。,0.20071661,0.62022704,0.17905632,-0.021660298
Spain,ally,zh,D6,西班牙是今天讨论的一部分。,0.12529008,0.7213543,0.1533556,0.028065518
Spain,ally,zh,E1,西班牙与其他国家接壤。,0.27129707,0.6616885,0.067014456,-0.20428261
Spain,ally,zh,E2,西班牙有几个主要城市。,0.17847249,0.694243,0.1272845,-0.051187992
Spain,ally,zh,E3,西班牙有一个首都。,0.19152169,0.63084114,0.17763723,-0.013884455
Spain,ally,zh,E4,西班牙是联合国的成员国。,0.24412103,0.59947157,0.15640739,-0.087713644
Spain,ally,zh,E5,西班牙签发自己的护照。,0.19902098,0.5815179,0.21946117,0.020440191
Spain,ally,zh,E6,西班牙出现在世界地图上。,0.093924716,0.84816605,0.057909265,-0.03601545
Spain,ally,ru,A1,Я видел новостной репортаж о Испания.,0.084709726,0.85440177,0.06088847,-0.023821257
Spain,ally,ru,A2,В газете была статья о Испания.,0.079919465,0.87021726,0.049863327,-0.030056138
Spain,ally,ru,A3,На этой неделе подкаст обсуждал Испания.,0.031443648,0.8747039,0.09385242,0.062408775
Spain,ally,ru,A4,Документальный фильм был посвящён Испания.,0.06673926,0.7456114,0.18764928,0.12091002
Spain,ally,ru,A5,Я посмотрел сюжет о Испания по телевизору.,0.055110876,0.8674853,0.07740386,0.022292983
Spain,ally,ru,A6,Журнал опубликовал статью о Испания.,0.05848666,0.86398476,0.077528514,0.019041855
Spain,ally,ru,B1,Мы изучали Испания на уроке.,0.13120663,0.7649207,0.10387263,-0.027334005
Spain,ally,ru,B2,Я прочитал книгу о Испания.,0.06566059,0.7894326,0.14490682,0.07924623
Spain,ally,ru,B3,В учебнике была глава о Испания.,0.06567111,0.85977,0.074558884,0.008887775
Spain,ally,ru,B4,Лекция охватывала историю Испания.,0.054875895,0.70660865,0.2385154,0.18363951
Spain,ally,ru,B5,Моя преподавательница упомянула Испания в своей речи.,0.11488968,0.77159315,0.11351723,-0.0013724491
Spain,ally,ru,B6,В энциклопедии есть статья о Испания.,0.07082821,0.8613967,0.067775086,-0.0030531213
Spain,ally,ru,C1,Мой друг ездил в Испания прошлым летом.,0.06499195,0.8407188,0.0942893,0.029297352
Spain,ally,ru,C2,Один мой коллега из Испания.,0.07493076,0.8605279,0.06454143,-0.010389328
Spain,ally,ru,C3,Один мой знакомый живёт в Испания.,0.08982092,0.8357187,0.07446047,-0.015360452
Spain,ally,ru,C4,Рейс из Испания приземлился сегодня утром.,0.039249204,0.77877414,0.18197659,0.14272738
Spain,ally,ru,C5,Мой сосед посетил Испания в прошлом году.,0.0497942,0.85746723,0.0927386,0.042944398
Spain,ally,ru,C6,Один ученик из моего класса приехал из Испания.,0.095299274,0.8479447,0.056756098,-0.038543176
Spain,ally,ru,D1,Кто-то упомянул Испания вчера.,0.3023745,0.6339841,0.06364141,-0.23873311
Spain,ally,ru,D2,Тема Испания всплыла в нашем разговоре.,0.06549559,0.80476016,0.12974425,0.06424866
Spain,ally,ru,D3,Мы говорили о Испания за ужином.,0.08056515,0.8338467,0.08558809,0.005022943
Spain,ally,ru,D4,Друг упомянул Испания на встрече.,0.11308023,0.8204061,0.06651369,-0.046566546
Spain,ally,ru,D5,Я читал что-то о Испания.,0.18190031,0.746984,0.07111568,-0.11078463
Spain,ally,ru,D6,Испания обсуждали сегодня.,0.059234444,0.86652917,0.07423637,0.015001927
Spain,ally,ru,E1,Испания граничит с другими государствами.,0.81596845,0.1679316,0.016099911,-0.7998685
Spain,ally,ru,E2,В Испания есть несколько крупных городов.,0.073890075,0.7989076,0.12720233,0.053312257
Spain,ally,ru,E3,У Испания есть столица.,0.08244717,0.76672685,0.15082602,0.06837885
Spain,ally,ru,E4,Испания является членом Организации Объединённых Наций.,0.07255322,0.72384524,0.20360154,0.13104832
Spain,ally,ru,E5,Испания выдаёт собственные паспорта.,0.060317744,0.7772427,0.16243951,0.10212177
Spain,ally,ru,E6,Испания присутствует на картах мира.,0.044039525,0.8471004,0.10886006,0.064820535
Spain,ally,ar,A1,شاهدت تقريراً إخبارياً عن إسبانيا.,0.13168064,0.70657057,0.16174875,0.030068114
Spain,ally,ar,A2,كان هناك مقال عن إسبانيا في الجريدة.,0.12973434,0.80037165,0.069894016,-0.05984032
Spain,ally,ar,A3,ناقش بودكاست إسبانيا هذا الأسبوع.,0.05041192,0.8764734,0.07311464,0.02270272
Spain,ally,ar,A4,ركّز الفيلم الوثائقي على إسبانيا.,0.10418514,0.6541464,0.24166857,0.13748342
Spain,ally,ar,A5,شاهدت فقرة عن إسبانيا على التلفاز.,0.0430214,0.660548,0.29643068,0.25340927
Spain,ally,ar,A6,نشرت المجلة قصة عن إسبانيا.,0.15729815,0.76719004,0.07551184,-0.081786305
Spain,ally,ar,B1,درسنا إسبانيا في الفصل.,0.25215533,0.59633166,0.15151304,-0.10064229
Spain,ally,ar,B2,قرأت كتاباً عن إسبانيا.,0.09807618,0.70086706,0.20105676,0.102980584
Spain,ally,ar,B3,احتوى الكتاب المدرسي على فصل عن إسبانيا.,0.3479698,0.62292284,0.029107355,-0.31886244
Spain,ally,ar,B4,تناولت محاضرة تاريخ إسبانيا.,0.08006769,0.6796427,0.24028969,0.160222
Spain,ally,ar,B5,ذكرت أستاذتي إسبانيا في حديثها.,0.08415524,0.617576,0.29826877,0.21411353
Spain,ally,ar,B6,تحتوي الموسوعة على مدخل عن إسبانيا.,0.052739866,0.8706986,0.0765615,0.023821637
Spain,ally,ar,C1,سافر صديقي إلى إسبانيا الصيف الماضي.,0.05580103,0.7961284,0.14807057,0.09226954
Spain,ally,ar,C2,أحد زملائي من إسبانيا.,0.07594503,0.8626254,0.061429482,-0.014515545
Spain,ally,ar,C3,شخص أعرفه يعيش في إسبانيا.,0.06912236,0.8613566,0.069521025,0.00039866567
Spain,ally,ar,C4,هبطت الرحلة من إسبانيا هذا الصباح.,0.88730216,0.09384513,0.018852644,-0.8684495
Spain,ally,ar,C5,زار جاري إسبانيا العام الماضي.,0.14753321,0.8009818,0.051484965,-0.09604824
Spain,ally,ar,C6,جاء طالب في صفي من إسبانيا.,0.14053369,0.7969197,0.06254658,-0.077987105
Spain,ally,ar,D1,ذكر أحدهم إسبانيا البارحة.,0.215518,0.72941124,0.055070765,-0.16044724
Spain,ally,ar,D2,ظهرت إسبانيا في حديثنا.,0.17579056,0.5969157,0.22729374,0.05150318
Spain,ally,ar,D3,تحدثنا عن إسبانيا على العشاء.,0.07795573,0.8359615,0.08608279,0.008127056
Spain,ally,ar,D4,طرح صديق إسبانيا في الاجتماع.,0.07704331,0.77498543,0.14797132,0.07092801
Spain,ally,ar,D5,كنت أقرأ شيئاً عن إسبانيا.,0.24826126,0.6631858,0.088552915,-0.15970835
Spain,ally,ar,D6,كانت إسبانيا جزءاً من النقاش اليوم.,0.21922457,0.7356267,0.045148734,-0.17407584
Spain,ally,ar,E1,لـ إسبانيا حدود مشتركة مع دول أخرى.,0.14277795,0.67046714,0.18675494,0.043976992
Spain,ally,ar,E2,لدى إسبانيا عدة مدن كبرى.,0.072352305,0.78532976,0.142318,0.06996569
Spain,ally,ar,E3,لدى إسبانيا عاصمة.,0.098699056,0.8039591,0.097341895,-0.0013571605
Spain,ally,ar,E4,إسبانيا عضو في الأمم المتحدة.,0.08060279,0.7751658,0.14423144,0.06362865
Spain,ally,ar,E5,تُصدر حكومة إسبانيا جوازات سفر خاصة بها.,0.04190875,0.4452289,0.5128624,0.47095364
Spain,ally,ar,E6,اسم إسبانيا مذكور على خرائط العالم.,0.27260518,0.61442786,0.11296696,-0.15963823
Netherlands,ally,en,A1,I saw a news report about the Netherlands.,0.12941898,0.7756844,0.09489659,-0.03452239
Netherlands,ally,en,A2,There was an article about the Netherlands in the newspaper.,0.1271363,0.80192447,0.07093925,-0.056197055
Netherlands,ally,en,A3,A podcast discussed the Netherlands this week.,0.040875018,0.8418286,0.11729635,0.076421335
Netherlands,ally,en,A4,The documentary focused on the Netherlands.,0.039323192,0.84912676,0.1115501,0.07222691
Netherlands,ally,en,A5,I watched a segment about the Netherlands on TV.,0.08205309,0.8302609,0.087686054,0.0056329668
Netherlands,ally,en,A6,The magazine published a story about the Netherlands.,0.07349693,0.8286171,0.097885996,0.024389066
Netherlands,ally,en,B1,We studied the Netherlands in class.,0.07956821,0.7241201,0.19631173,0.11674352
Netherlands,ally,en,B2,I read a book about the Netherlands.,0.094406664,0.7387668,0.16682662,0.07241996
Netherlands,ally,en,B3,The textbook had a chapter on the Netherlands.,0.10971611,0.84160787,0.04867597,-0.06104014
Netherlands,ally,en,B4,A lecture covered the history of the Netherlands.,0.050810575,0.81670004,0.13248938,0.08167881
Netherlands,ally,en,B5,My professor mentioned the Netherlands in her talk.,0.06210551,0.8116885,0.126206,0.06410049
Netherlands,ally,en,B6,The encyclopedia has an entry on the Netherlands.,0.03809158,0.89198995,0.06991845,0.031826872
Netherlands,ally,en,C1,My friend traveled to the Netherlands last summer.,0.03204955,0.7958834,0.17206706,0.14001751
Netherlands,ally,en,C2,A colleague of mine is from the Netherlands.,0.11320057,0.7880188,0.09878056,-0.01442001
Netherlands,ally,en,C3,Someone I know lives in the Netherlands.,0.10317714,0.8210866,0.07573634,-0.027440801
Netherlands,ally,en,C4,The flight from the Netherlands landed this morning.,0.03344957,0.7523679,0.21418251,0.18073294
Netherlands,ally,en,C5,My neighbor visited the Netherlands last year.,0.063492194,0.7874329,0.14907488,0.08558269
Netherlands,ally,en,C6,A student in my class came from the Netherlands.,0.14230403,0.7960432,0.061652765,-0.08065127
Netherlands,ally,en,D1,Someone mentioned the Netherlands yesterday.,0.2086491,0.7301972,0.061153755,-0.14749534
Netherlands,ally,en,D2,the Netherlands came up in our conversation.,0.13890961,0.76022774,0.10086273,-0.03804688
Netherlands,ally,en,D3,We talked about the Netherlands over dinner.,0.058385596,0.814751,0.12686346,0.06847787
Netherlands,ally,en,D4,A friend brought up the Netherlands at the meeting.,0.061202638,0.8155692,0.12322814,0.062025502
Netherlands,ally,en,D5,I was reading something about the Netherlands.,0.16506004,0.7586298,0.0763102,-0.08874984
Netherlands,ally,en,D6,the Netherlands was part of the discussion today.,0.03488149,0.8089234,0.15619507,0.12131359
Netherlands,ally,en,E1,the Netherlands shares borders with other nations.,0.24969023,0.64347893,0.10683087,-0.14285937
Netherlands,ally,en,E2,the Netherlands has several major cities.,0.12548985,0.734772,0.13973813,0.014248282
Netherlands,ally,en,E3,the Netherlands has a capital.,0.11340554,0.77826154,0.10833294,-0.005072601
Netherlands,ally,en,E4,the Netherlands is a member of the United Nations.,0.08429545,0.74549145,0.17021318,0.085917726
Netherlands,ally,en,E5,the Netherlands issues its own passports.,0.25210854,0.6791433,0.068748094,-0.18336046
Netherlands,ally,en,E6,the Netherlands is shown on world maps.,0.027826283,0.8943474,0.077826224,0.04999994
Netherlands,ally,zh,A1,我看到了一篇关于荷兰的新闻报道。,0.19192876,0.6256757,0.1823956,-0.009533152
Netherlands,ally,zh,A2,报纸上有一篇关于荷兰的文章。,0.12374569,0.71207714,0.16417718,0.040431492
Netherlands,ally,zh,A3,本周有一档播客讨论了荷兰。,0.16666384,0.7219476,0.11138863,-0.05527521
Netherlands,ally,zh,A4,这部纪录片聚焦于荷兰。,0.08998557,0.7313125,0.17870198,0.08871641
Netherlands,ally,zh,A5,我在电视上看了一段关于荷兰的节目。,0.19617376,0.6238775,0.17994872,-0.01622504
Netherlands,ally,zh,A6,这本杂志发表了一篇关于荷兰的报道。,0.1417832,0.73002166,0.12819512,-0.013588071
Netherlands,ally,zh,B1,我们在课堂上学习了荷兰。,0.14899006,0.58420616,0.26680383,0.117813766
Netherlands,ally,zh,B2,我读了一本关于荷兰的书。,0.11792582,0.6542059,0.22786818,0.10994236
Netherlands,ally,zh,B3,教科书里有一章关于荷兰的内容。,0.15288508,0.7111996,0.13591534,-0.01696974
Netherlands,ally,zh,B4,一场讲座讲述了荷兰的历史。,0.109779894,0.5903721,0.29984796,0.19006807
Netherlands,ally,zh,B5,我的教授在她的演讲中提到了荷兰。,0.13955268,0.67114794,0.18929933,0.049746647
Netherlands,ally,zh,B6,百科全书里有一个关于荷兰的条目。,0.22816333,0.63579965,0.136037,-0.092126325
Netherlands,ally,zh,C1,我的朋友去年夏天去了荷兰。,0.15081935,0.7148102,0.1343704,-0.016448945
Netherlands,ally,zh,C2,我的一位同事来自荷兰。,0.108127244,0.7257407,0.16613209,0.05800485
Netherlands,ally,zh,C3,我认识的一个人住在荷兰。,0.26940623,0.6234007,0.107193105,-0.16221312
Netherlands,ally,zh,C4,来自荷兰的航班今天早上降落了。,0.06313827,0.7879417,0.14892006,0.08578179
Netherlands,ally,zh,C5,我的邻居去年访问了荷兰。,0.14075907,0.70630896,0.15293196,0.012172893
Netherlands,ally,zh,C6,我班上有一个学生来自荷兰。,0.107418716,0.7617447,0.13083664,0.02341792
Netherlands,ally,zh,D1,昨天有人提到了荷兰。,0.18701841,0.6810767,0.13190493,-0.05511348
Netherlands,ally,zh,D2,荷兰在我们的谈话中被提起。,0.23058495,0.6506521,0.11876287,-0.111822076
Netherlands,ally,zh,D3,我们在晚餐时谈论了荷兰。,0.1685264,0.62343097,0.20804264,0.03951624
Netherlands,ally,zh,D4,一位朋友在会议上提到了荷兰。,0.16203538,0.6692339,0.16873075,0.006695375
Netherlands,ally,zh,D5,我在读一些关于荷兰的内容。,0.2065583,0.597838,0.19560377,-0.010954529
Netherlands,ally,zh,D6,荷兰是今天讨论的一部分。,0.12631345,0.7250925,0.14859404,0.022280589
Netherlands,ally,zh,E1,荷兰与其他国家接壤。,0.30702138,0.6217244,0.071254216,-0.23576716
Netherlands,ally,zh,E2,荷兰有几个主要城市。,0.19231015,0.66293037,0.14475949,-0.047550663
Netherlands,ally,zh,E3,荷兰有一个首都。,0.27133927,0.4612698,0.2673909,-0.0039483607
Netherlands,ally,zh,E4,荷兰是联合国的成员国。,0.25051185,0.58542717,0.164061,-0.08645086
Netherlands,ally,zh,E5,荷兰签发自己的护照。,0.23222871,0.53990334,0.22786792,-0.004360795
Netherlands,ally,zh,E6,荷兰出现在世界地图上。,0.0938252,0.83160406,0.07457073,-0.019254468
Netherlands,ally,ru,A1,Я видел новостной репортаж о Нидерланды.,0.12232418,0.7902794,0.08739641,-0.03492777
Netherlands,ally,ru,A2,В газете была статья о Нидерланды.,0.13497637,0.8047545,0.0602691,-0.07470727
Netherlands,ally,ru,A3,На этой неделе подкаст обсуждал Нидерланды.,0.054235533,0.8275771,0.1181873,0.06395177
Netherlands,ally,ru,A4,Документальный фильм был посвящён Нидерланды.,0.08090636,0.66010195,0.2589917,0.17808533
Netherlands,ally,ru,A5,Я посмотрел сюжет о Нидерланды по телевизору.,0.09174313,0.8142065,0.09405042,0.0023072958
Netherlands,ally,ru,A6,Журнал опубликовал статью о Нидерланды.,0.09460008,0.7979794,0.10742052,0.012820438
Netherlands,ally,ru,B1,Мы изучали Нидерланды на уроке.,0.14026892,0.7205808,0.13915026,-0.00111866
Netherlands,ally,ru,B2,Я прочитал книгу о Нидерланды.,0.09168375,0.72069764,0.18761864,0.09593489
Netherlands,ally,ru,B3,В учебнике была глава о Нидерланды.,0.112970635,0.8150452,0.07198416,-0.04098648
Netherlands,ally,ru,B4,Лекция охватывала историю Нидерланды.,0.08048875,0.7027616,0.21674962,0.13626087
Netherlands,ally,ru,B5,Моя преподавательница упомянула Нидерланды в своей речи.,0.12387957,0.710993,0.16512752,0.04124795
Netherlands,ally,ru,B6,В энциклопедии есть статья о Нидерланды.,0.09172009,0.81149906,0.09678087,0.005060777
Netherlands,ally,ru,C1,Мой друг ездил в Нидерланды прошлым летом.,0.07892482,0.81571466,0.10536056,0.02643574
Netherlands,ally,ru,C2,Один мой коллега из Нидерланды.,0.119841866,0.80941457,0.07074363,-0.04909824
Netherlands,ally,ru,C3,Один мой знакомый живёт в Нидерланды.,0.12244302,0.79174536,0.08581161,-0.036631413
Netherlands,ally,ru,C4,Рейс из Нидерланды приземлился сегодня утром.,0.046772253,0.7774411,0.17578667,0.12901442
Netherlands,ally,ru,C5,Мой сосед посетил Нидерланды в прошлом году.,0.078663155,0.8231203,0.0982166,0.019553445
Netherlands,ally,ru,C6,Один ученик из моего класса приехал из Нидерланды.,0.13801104,0.79219544,0.06979359,-0.06821745
Netherlands,ally,ru,D1,Кто-то упомянул Нидерланды вчера.,0.3457069,0.57418,0.0801131,-0.26559383
Netherlands,ally,ru,D2,Тема Нидерланды всплыла в нашем разговоре.,0.08567423,0.7568188,0.157507,0.071832776
Netherlands,ally,ru,D3,Мы говорили о Нидерланды за ужином.,0.14810829,0.75374967,0.09814211,-0.04996618
Netherlands,ally,ru,D4,Друг упомянул Нидерланды на встрече.,0.15541284,0.72585136,0.1187358,-0.03667704
Netherlands,ally,ru,D5,Я читал что-то о Нидерланды.,0.25442848,0.6614116,0.08415996,-0.1702685
Netherlands,ally,ru,D6,Нидерланды обсуждали сегодня.,0.08847822,0.84332895,0.06819286,-0.02028536
Netherlands,ally,ru,E1,Нидерланды граничит с другими государствами.,0.8124209,0.171254,0.016325066,-0.79609585
Netherlands,ally,ru,E2,В Нидерланды есть несколько крупных городов.,0.097644515,0.7614852,0.14087026,0.043225743
Netherlands,ally,ru,E3,У Нидерланды есть столица.,0.124787815,0.70583636,0.16937588,0.044588067
Netherlands,ally,ru,E4,Нидерланды является членом Организации Объединённых Наций.,0.091994725,0.69079393,0.21721132,0.1252166
Netherlands,ally,ru,E5,Нидерланды выдаёт собственные паспорта.,0.11400892,0.6529251,0.23306595,0.11905703
Netherlands,ally,ru,E6,Нидерланды присутствует на картах мира.,0.059635054,0.8210554,0.11930953,0.059674475
Netherlands,ally,ar,A1,شاهدت تقريراً إخبارياً عن هولندا.,0.15340562,0.6112773,0.23531708,0.08191146
Netherlands,ally,ar,A2,كان هناك مقال عن هولندا في الجريدة.,0.13711853,0.79417306,0.06870841,-0.06841012
Netherlands,ally,ar,A3,ناقش بودكاست هولندا هذا الأسبوع.,0.040125165,0.8706852,0.08918964,0.049064476
Netherlands,ally,ar,A4,ركّز الفيلم الوثائقي على هولندا.,0.051812287,0.7635255,0.18466222,0.13284993
Netherlands,ally,ar,A5,شاهدت فقرة عن هولندا على التلفاز.,0.043300062,0.54264385,0.4140561,0.37075603
Netherlands,ally,ar,A6,نشرت المجلة قصة عن هولندا.,0.16072078,0.74783254,0.091446646,-0.069274135
Netherlands,ally,ar,B1,درسنا هولندا في الفصل.,0.17093791,0.5883239,0.2407382,0.06980029
Netherlands,ally,ar,B2,قرأت كتاباً عن هولندا.,0.09231218,0.63695294,0.2707349,0.17842272
Netherlands,ally,ar,B3,احتوى الكتاب المدرسي على فصل عن هولندا.,0.36378437,0.5973766,0.038839087,-0.32494527
Netherlands,ally,ar,B4,تناولت محاضرة تاريخ هولندا.,0.064498976,0.64594615,0.28955483,0.22505586
Netherlands,ally,ar,B5,ذكرت أستاذتي هولندا في حديثها.,0.060123663,0.4925246,0.4473517,0.38722804
Netherlands,ally,ar,B6,تحتوي الموسوعة على مدخل عن هولندا.,0.03521869,0.86685485,0.09792652,0.06270783
Netherlands,ally,ar,C1,سافر صديقي إلى هولندا الصيف الماضي.,0.052131675,0.7714476,0.17642072,0.12428904
Netherlands,ally,ar,C2,أحد زملائي من هولندا.,0.0664238,0.85876244,0.074813806,0.008390002
Netherlands,ally,ar,C3,شخص أعرفه يعيش في هولندا.,0.05726411,0.84988695,0.0928489,0.03558479
Netherlands,ally,ar,C4,هبطت الرحلة من هولندا هذا الصباح.,0.8815959,0.09900019,0.019403895,-0.86219203
Netherlands,ally,ar,C5,زار جاري هولندا العام الماضي.,0.19024862,0.7651761,0.044575255,-0.14567336
Netherlands,ally,ar,C6,جاء طالب في صفي من هولندا.,0.13242772,0.7836409,0.083931394,-0.04849633
Netherlands,ally,ar,D1,ذكر أحدهم هولندا البارحة.,0.27433205,0.66850567,0.057162244,-0.2171698
Netherlands,ally,ar,D2,ظهرت هولندا في حديثنا.,0.1359342,0.52307206,0.34099376,0.20505956
Netherlands,ally,ar,D3,تحدثنا عن هولندا على العشاء.,0.075928435,0.7983909,0.12568066,0.04975222
Netherlands,ally,ar,D4,طرح صديق هولندا في الاجتماع.,0.053445306,0.7100152,0.23653951,0.1830942
Netherlands,ally,ar,D5,كنت أقرأ شيئاً عن هولندا.,0.24748306,0.6538306,0.09868638,-0.14879668
Netherlands,ally,ar,D6,كانت هولندا جزءاً من النقاش اليوم.,0.15937881,0.78720266,0.05341847,-0.10596034
Netherlands,ally,ar,E1,لـ هولندا حدود مشتركة مع دول أخرى.,0.12729609,0.59808916,0.27461475,0.14731866
Netherlands,ally,ar,E2,لدى هولندا عدة مدن كبرى.,0.053593367,0.78175515,0.16465148,0.111058116
Netherlands,ally,ar,E3,لدى هولندا عاصمة.,0.07163511,0.7787097,0.14965521,0.078020096
Netherlands,ally,ar,E4,هولندا عضو في الأمم المتحدة.,0.06830428,0.7411794,0.19051631,0.12221203
Netherlands,ally,ar,E5,تُصدر حكومة هولندا جوازات سفر خاصة بها.,0.045451794,0.44688255,0.5076657,0.4622139
Netherlands,ally,ar,E6,اسم هولندا مذكور على خرائط العالم.,0.29943174,0.55410224,0.14646603,-0.15296571
Poland,ally,en,A1,I saw a news report about Poland.,0.14497007,0.76688564,0.08814429,-0.056825787
Poland,ally,en,A2,There was an article about Poland in the newspaper.,0.15504171,0.78584343,0.059114926,-0.095926784
Poland,ally,en,A3,A podcast discussed Poland this week.,0.04063872,0.8579846,0.10137666,0.06073794
Poland,ally,en,A4,The documentary focused on Poland.,0.045903053,0.8679295,0.08616742,0.040264364
Poland,ally,en,A5,I watched a segment about Poland on TV.,0.10046428,0.82264555,0.07689018,-0.023574099
Poland,ally,en,A6,The magazine published a story about Poland.,0.089667566,0.8345779,0.075754575,-0.013912991
Poland,ally,en,B1,We studied Poland in class.,0.10108796,0.7133176,0.18559448,0.08450653
Poland,ally,en,B2,I read a book about Poland.,0.10578103,0.75918555,0.13503344,0.02925241
Poland,ally,en,B3,The textbook had a chapter on Poland.,0.1369547,0.8113505,0.051694836,-0.085259855
Poland,ally,en,B4,A lecture covered the history of Poland.,0.060278673,0.82149005,0.11823131,0.05795264
Poland,ally,en,B5,My professor mentioned Poland in her talk.,0.087425955,0.822649,0.089925006,0.0024990514
Poland,ally,en,B6,The encyclopedia has an entry on Poland.,0.049845334,0.89273095,0.057423707,0.007578373
Poland,ally,en,C1,My friend traveled to Poland last summer.,0.03366818,0.8085585,0.15777333,0.124105155
Poland,ally,en,C2,A colleague of mine is from Poland.,0.12325922,0.78461456,0.09212625,-0.031132966
Poland,ally,en,C3,Someone I know lives in Poland.,0.106060475,0.8163409,0.07759861,-0.028461866
Poland,ally,en,C4,The flight from Poland landed this morning.,0.035161216,0.747978,0.21686086,0.18169965
Poland,ally,en,C5,My neighbor visited Poland last year.,0.06641771,0.8161091,0.117473125,0.051055416
Poland,ally,en,C6,A student in my class came from Poland.,0.15042436,0.7865973,0.06297837,-0.08744599
Poland,ally,en,D1,Someone mentioned Poland yesterday.,0.20623045,0.7382488,0.055520676,-0.15070978
Poland,ally,en,D2,Poland came up in our conversation.,0.18304993,0.63741255,0.17953752,-0.0035124123
Poland,ally,en,D3,We talked about Poland over dinner.,0.061151665,0.8393077,0.09954063,0.038388964
Poland,ally,en,D4,A friend brought up Poland at the meeting.,0.062310852,0.82508576,0.1126034,0.05029255
Poland,ally,en,D5,I was reading something about Poland.,0.1867133,0.74903446,0.06425219,-0.1224611
Poland,ally,en,D6,Poland was part of the discussion today.,0.03680576,0.6863548,0.27683946,0.2400337
Poland,ally,en,E1,Poland shares borders with other nations.,0.29148594,0.61969775,0.088816345,-0.20266959
Poland,ally,en,E2,Poland has several major cities.,0.09903993,0.8040475,0.0969125,-0.0021274239
Poland,ally,en,E3,Poland has a capital.,0.14235738,0.8041077,0.05353489,-0.088822484
Poland,ally,en,E4,Poland is a member of the United Nations.,0.087519936,0.77693295,0.13554712,0.04802718
Poland,ally,en,E5,Poland issues its own passports.,0.528251,0.448696,0.023053028,-0.50519794
Poland,ally,en,E6,Poland is shown on world maps.,0.026246931,0.8872884,0.08646468,0.06021775
Poland,ally,zh,A1,我看到了一篇关于波兰的新闻报道。,0.20929703,0.6249372,0.16576585,-0.04353118
Poland,ally,zh,A2,报纸上有一篇关于波兰的文章。,0.14915006,0.7105648,0.14028522,-0.008864835
Poland,ally,zh,A3,本周有一档播客讨论了波兰。,0.1771932,0.71758384,0.10522296,-0.07197023
Poland,ally,zh,A4,这部纪录片聚焦于波兰。,0.12343377,0.69649,0.18007627,0.056642503
Poland,ally,zh,A5,我在电视上看了一段关于波兰的节目。,0.20424469,0.6220312,0.17372411,-0.030520573
Poland,ally,zh,A6,这本杂志发表了一篇关于波兰的报道。,0.16299075,0.7201501,0.11685919,-0.04613156
Poland,ally,zh,B1,我们在课堂上学习了波兰。,0.1519616,0.60498047,0.24305794,0.09109634
Poland,ally,zh,B2,我读了一本关于波兰的书。,0.14805457,0.62488794,0.22705746,0.07900289
Poland,ally,zh,B3,教科书里有一章关于波兰的内容。,0.16451496,0.70710987,0.12837513,-0.03613983
Poland,ally,zh,B4,一场讲座讲述了波兰的历史。,0.1292768,0.5968788,0.2738444,0.1445676
Poland,ally,zh,B5,我的教授在她的演讲中提到了波兰。,0.15215862,0.6516737,0.19616774,0.04400912
Poland,ally,zh,B6,百科全书里有一个关于波兰的条目。,0.22296306,0.6538591,0.1231778,-0.09978527
Poland,ally,zh,C1,我的朋友去年夏天去了波兰。,0.15039228,0.7409379,0.10866987,-0.04172241
Poland,ally,zh,C2,我的一位同事来自波兰。,0.1308209,0.71563166,0.1535474,0.022726506
Poland,ally,zh,C3,我认识的一个人住在波兰。,0.26852858,0.6260245,0.10544694,-0.16308165
Poland,ally,zh,C4,来自波兰的航班今天早上降落了。,0.060782257,0.7813972,0.15782048,0.097038224
Poland,ally,zh,C5,我的邻居去年访问了波兰。,0.17362337,0.6882062,0.13817044,-0.035452932
Poland,ally,zh,C6,我班上有一个学生来自波兰。,0.1339291,0.7418986,0.12417232,-0.009756781
Poland,ally,zh,D1,昨天有人提到了波兰。,0.2171683,0.6507035,0.13212822,-0.08504008
Poland,ally,zh,D2,波兰在我们的谈话中被提起。,0.24616592,0.6297566,0.12407748,-0.12208844
Poland,ally,zh,D3,我们在晚餐时谈论了波兰。,0.17621684,0.6095066,0.2142765,0.03805965
Poland,ally,zh,D4,一位朋友在会议上提到了波兰。,0.16603264,0.6629422,0.17102513,0.004992485
Poland,ally,zh,D5,我在读一些关于波兰的内容。,0.23047058,0.60366184,0.16586758,-0.064603
Poland,ally,zh,D6,波兰是今天讨论的一部分。,0.15895124,0.6942275,0.14682128,-0.012129962
Poland,ally,zh,E1,波兰与其他国家接壤。,0.3171364,0.60906446,0.07379913,-0.24333727
Poland,ally,zh,E2,波兰有几个主要城市。,0.2095269,0.6561124,0.1343607,-0.075166196
Poland,ally,zh,E3,波兰有一个首都。,0.22617944,0.5788472,0.19497329,-0.031206146
Poland,ally,zh,E4,波兰是联合国的成员国。,0.2852579,0.5734936,0.14124852,-0.14400938
Poland,ally,zh,E5,波兰签发自己的护照。,0.2417647,0.5299483,0.228287,-0.013477698
Poland,ally,zh,E6,波兰出现在世界地图上。,0.09726601,0.779338,0.12339596,0.026129946
Poland,ally,ru,A1,Я видел новостной репортаж о Польша.,0.096116185,0.8398524,0.06403144,-0.03208475
Poland,ally,ru,A2,В газете была статья о Польша.,0.09708679,0.8552334,0.04767986,-0.049406927
Poland,ally,ru,A3,На этой неделе подкаст обсуждал Польша.,0.042146385,0.8706948,0.08715886,0.045012474
Poland,ally,ru,A4,Документальный фильм был посвящён Польша.,0.082446665,0.72937965,0.18817368,0.10572702
Poland,ally,ru,A5,Я посмотрел сюжет о Польша по телевизору.,0.0675406,0.84864473,0.08381467,0.016274072
Poland,ally,ru,A6,Журнал опубликовал статью о Польша.,0.07117017,0.8431132,0.08571664,0.014546469
Poland,ally,ru,B1,Мы изучали Польша на уроке.,0.12453686,0.73771715,0.13774607,0.013209209
Poland,ally,ru,B2,Я прочитал книгу о Польша.,0.079653725,0.7633287,0.15701766,0.07736394
Poland,ally,ru,B3,В учебнике была глава о Польша.,0.08509967,0.85530823,0.059592184,-0.025507484
Poland,ally,ru,B4,Лекция охватывала историю Польша.,0.06954914,0.6860213,0.24442953,0.17488039
Poland,ally,ru,B5,Моя преподавательница упомянула Польша в своей речи.,0.10790748,0.7650308,0.12706171,0.019154228
Poland,ally,ru,B6,В энциклопедии есть статья о Польша.,0.07437081,0.8484157,0.077213526,0.0028427169
Poland,ally,ru,C1,Мой друг ездил в Польша прошлым летом.,0.08078794,0.82454467,0.09466741,0.0138794705
Poland,ally,ru,C2,Один мой коллега из Польша.,0.095839605,0.82877046,0.075389974,-0.02044963
Poland,ally,ru,C3,Один мой знакомый живёт в Польша.,0.10177088,0.81232584,0.085903294,-0.015867583
Poland,ally,ru,C4,Рейс из Польша приземлился сегодня утром.,0.040449344,0.769061,0.19048959,0.15004024
Poland,ally,ru,C5,Мой сосед посетил Польша в прошлом году.,0.06383706,0.85590476,0.08025817,0.01642111
Poland,ally,ru,C6,Один ученик из моего класса приехал из Польша.,0.10293478,0.83533275,0.06173248,-0.0412023
Poland,ally,ru,D1,Кто-то упомянул Польша вчера.,0.30026668,0.63522357,0.06450976,-0.23575693
Poland,ally,ru,D2,Тема Польша всплыла в нашем разговоре.,0.07642409,0.7734728,0.15010309,0.073679
Poland,ally,ru,D3,Мы говорили о Польша за ужином.,0.11064495,0.8117488,0.077606276,-0.033038676
Poland,ally,ru,D4,Друг упомянул Польша на встрече.,0.12400854,0.7865157,0.089475706,-0.03453283
Poland,ally,ru,D5,Я читал что-то о Польша.,0.2038566,0.7337751,0.06236827,-0.14148833
Poland,ally,ru,D6,Польша обсуждали сегодня.,0.11327711,0.8190953,0.067627564,-0.045649543
Poland,ally,ru,E1,Польша граничит с другими государствами.,0.8278961,0.1562461,0.01585778,-0.81203836
Poland,ally,ru,E2,В Польша есть несколько крупных городов.,0.082197815,0.7843908,0.13341142,0.051213607
Poland,ally,ru,E3,У Польша есть столица.,0.09749982,0.70443916,0.19806102,0.1005612
Poland,ally,ru,E4,Польша является членом Организации Объединённых Наций.,0.092565976,0.6950076,0.21242641,0.11986043
Poland,ally,ru,E5,Польша выдаёт собственные паспорта.,0.12021275,0.63777876,0.24200854,0.12179579
Poland,ally,ru,E6,Польша присутствует на картах мира.,0.05388772,0.8002252,0.14588705,0.09199932
Poland,ally,ar,A1,شاهدت تقريراً إخبارياً عن بولندا.,0.14563341,0.6581797,0.19618684,0.050553426
Poland,ally,ar,A2,كان هناك مقال عن بولندا في الجريدة.,0.11380561,0.8178352,0.06835918,-0.045446426
Poland,ally,ar,A3,ناقش بودكاست بولندا هذا الأسبوع.,0.041497268,0.863413,0.09508977,0.053592503
Poland,ally,ar,A4,ركّز الفيلم الوثائقي على بولندا.,0.07537574,0.7251419,0.19948234,0.12410659
Poland,ally,ar,A5,شاهدت فقرة عن بولندا على التلفاز.,0.047626585,0.61362565,0.33874774,0.29112116
Poland,ally,ar,A6,نشرت المجلة قصة عن بولندا.,0.18561447,0.73205423,0.082331285,-0.10328318
Poland,ally,ar,B1,درسنا بولندا في الفصل.,0.21540798,0.6100469,0.17454512,-0.04086286
Poland,ally,ar,B2,قرأت كتاباً عن بولندا.,0.09699727,0.68734396,0.21565883,0.11866156
Poland,ally,ar,B3,احتوى الكتاب المدرسي على فصل عن بولندا.,0.26284418,0.6931422,0.044013705,-0.21883047
Poland,ally,ar,B4,تناولت محاضرة تاريخ بولندا.,0.06825552,0.61307085,0.3186736,0.2504181
Poland,ally,ar,B5,ذكرت أستاذتي بولندا في حديثها.,0.069223434,0.64209974,0.2886769,0.21945345
Poland,ally,ar,B6,تحتوي الموسوعة على مدخل عن بولندا.,0.04191748,0.8723246,0.0857579,0.043840416
Poland,ally,ar,C1,سافر صديقي إلى بولندا الصيف الماضي.,0.05235429,0.79669267,0.15095301,0.09859872
Poland,ally,ar,C2,أحد زملائي من بولندا.,0.07186457,0.8499814,0.07815394,0.0062893704
Poland,ally,ar,C3,شخص أعرفه يعيش في بولندا.,0.060895246,0.85170346,0.08740126,0.026506018
Poland,ally,ar,C4,هبطت الرحلة من بولندا هذا الصباح.,0.8857955,0.09334715,0.020857316,-0.86493814
Poland,ally,ar,C5,زار جاري بولندا العام الماضي.,0.13497892,0.81820256,0.046818476,-0.08816044
Poland,ally,ar,C6,جاء طالب في صفي من بولندا.,0.16011491,0.7771341,0.06275099,-0.09736393
Poland,ally,ar,D1,ذكر أحدهم بولندا البارحة.,0.23762167,0.7065896,0.05578881,-0.18183285
Poland,ally,ar,D2,ظهرت بولندا في حديثنا.,0.17790522,0.56730825,0.25478658,0.076881364
Poland,ally,ar,D3,تحدثنا عن بولندا على العشاء.,0.074108794,0.8232625,0.10262868,0.028519884
Poland,ally,ar,D4,طرح صديق بولندا في الاجتماع.,0.05562154,0.75521296,0.18916556,0.13354403
Poland,ally,ar,D5,كنت أقرأ شيئاً عن بولندا.,0.22921063,0.68021375,0.09057569,-0.13863495
Poland,ally,ar,D6,كانت بولندا جزءاً من النقاش اليوم.,0.15835778,0.7926805,0.04896165,-0.10939613
Poland,ally,ar,E1,لـ بولندا حدود مشتركة مع دول أخرى.,0.14264913,0.5868478,0.27050307,0.12785394
Poland,ally,ar,E2,لدى بولندا عدة مدن كبرى.,0.066202246,0.7898438,0.14395393,0.07775169
Poland,ally,ar,E3,لدى بولندا عاصمة.,0.07256845,0.81083626,0.116595276,0.04402683
Poland,ally,ar,E4,بولندا عضو في الأمم المتحدة.,0.073754355,0.7443531,0.1818925,0.108138144
Poland,ally,ar,E5,تُصدر حكومة بولندا جوازات سفر خاصة بها.,0.040188275,0.44179025,0.51802146,0.47783318
Poland,ally,ar,E6,اسم بولندا مذكور على خرائط العالم.,0.26895848,0.6027269,0.12831469,-0.14064379
Turkey,ally,en,A1,I saw a news report about Turkey.,0.19600451,0.71496224,0.08903319,-0.10697132
Turkey,ally,en,A2,There was an article about Turkey in the newspaper.,0.20051299,0.737609,0.061877936,-0.13863505
Turkey,ally,en,A3,A podcast discussed Turkey this week.,0.059068814,0.8404713,0.10045991,0.041391097
Turkey,ally,en,A4,The documentary focused on Turkey.,0.06873308,0.8256797,0.105587244,0.036854163
Turkey,ally,en,A5,I watched a segment about Turkey on TV.,0.12454443,0.79731464,0.07814093,-0.046403497
Turkey,ally,en,A6,The magazine published a story about Turkey.,0.11782973,0.7986052,0.08356512,-0.03426461
Turkey,ally,en,B1,We studied Turkey in class.,0.12077076,0.6936567,0.18557262,0.064801864
Turkey,ally,en,B2,I read a book about Turkey.,0.12965362,0.7111807,0.15916574,0.029512122
Turkey,ally,en,B3,The textbook had a chapter on Turkey.,0.16326953,0.7838995,0.05283097,-0.11043856
Turkey,ally,en,B4,A lecture covered the history of Turkey.,0.08616223,0.7894746,0.124363236,0.038201004
Turkey,ally,en,B5,My professor mentioned Turkey in her talk.,0.10672836,0.80198365,0.09128796,-0.015440397
Turkey,ally,en,B6,The encyclopedia has an entry on Turkey.,0.064629234,0.87583745,0.059533365,-0.0050958693
Turkey,ally,en,C1,My friend traveled to Turkey last summer.,0.036291644,0.8027801,0.16092823,0.12463659
Turkey,ally,en,C2,A colleague of mine is from Turkey.,0.1451891,0.7673548,0.08745615,-0.057732955
Turkey,ally,en,C3,Someone I know lives in Turkey.,0.12063204,0.80880296,0.07056502,-0.050067015
Turkey,ally,en,C4,The flight from Turkey landed this morning.,0.033728577,0.7550597,0.21121168,0.17748311
Turkey,ally,en,C5,My neighbor visited Turkey last year.,0.073784664,0.769082,0.15713337,0.08334871
Turkey,ally,en,C6,A student in my class came from Turkey.,0.18187772,0.7648079,0.053314436,-0.12856328
Turkey,ally,en,D1,Someone mentioned Turkey yesterday.,0.258217,0.68479896,0.05698402,-0.20123298
Turkey,ally,en,D2,Turkey came up in our conversation.,0.23157011,0.6343721,0.13405785,-0.09751226
Turkey,ally,en,D3,We talked about Turkey over dinner.,0.061090376,0.8213623,0.11754727,0.056456897
Turkey,ally,en,D4,A friend brought up Turkey at the meeting.,0.09352935,0.77439576,0.13207488,0.038545527
Turkey,ally,en,D5,I was reading something about Turkey.,0.21358134,0.7114523,0.07496642,-0.13861492
Turkey,ally,en,D6,Turkey was part of the discussion today.,0.04900845,0.7159567,0.23503488,0.18602642
Turkey,ally,en,E1,Turkey shares borders with other nations.,0.34003907,0.54786044,0.11210052,-0.22793856
Turkey,ally,en,E2,Turkey has several major cities.,0.15929805,0.7207403,0.11996166,-0.03933639
Turkey,ally,en,E3,Turkey has a capital.,0.19800563,0.70923406,0.0927603,-0.10524533
Turkey,ally,en,E4,Turkey is a member of the United Nations.,0.12194363,0.71470934,0.163347,0.041403376
Turkey,ally,en,E5,Turkey issues its own passports.,0.7931907,0.19279304,0.014016283,-0.77917445
Turkey,ally,en,E6,Turkey is shown on world maps.,0.05313105,0.85769945,0.08916942,0.03603837
Turkey,ally,zh,A1,我看到了一篇关于土耳其的新闻报道。,0.21451952,0.62380695,0.16167359,-0.052845925
Turkey,ally,zh,A2,报纸上有一篇关于土耳其的文章。,0.13905066,0.725198,0.1357514,-0.003299266
Turkey,ally,zh,A3,本周有一档播客讨论了土耳其。,0.18502495,0.7171067,0.09786835,-0.087156594
Turkey,ally,zh,A4,这部纪录片聚焦于土耳其。,0.102822825,0.747876,0.14930119,0.04647836
Turkey,ally,zh,A5,我在电视上看了一段关于土耳其的节目。,0.20616548,0.63679725,0.15703723,-0.04912825
Turkey,ally,zh,A6,这本杂志发表了一篇关于土耳其的报道。,0.16538621,0.7190019,0.11561189,-0.049774326
Turkey,ally,zh,B1,我们在课堂上学习了土耳其。,0.121317014,0.6779546,0.20072839,0.07941137
Turkey,ally,zh,B2,我读了一本关于土耳其的书。,0.12991929,0.6543765,0.21570425,0.08578496
Turkey,ally,zh,B3,教科书里有一章关于土耳其的内容。,0.156091,0.73470855,0.10920052,-0.046890482
Turkey,ally,zh,B4,一场讲座讲述了土耳其的历史。,0.12756334,0.64445645,0.22798023,0.100416884
Turkey,ally,zh,B5,我的教授在她的演讲中提到了土耳其。,0.14633265,0.68044126,0.17322604,0.026893392
Turkey,ally,zh,B6,百科全书里有一个关于土耳其的条目。,0.22867988,0.6508928,0.12042733,-0.10825255
Turkey,ally,zh,C1,我的朋友去年夏天去了土耳其。,0.13716896,0.76259816,0.10023288,-0.036936082
Turkey,ally,zh,C2,我的一位同事来自土耳其。,0.12649935,0.7324876,0.14101306,0.014513701
Turkey,ally,zh,C3,我认识的一个人住在土耳其。,0.25952214,0.6384958,0.10198208,-0.15754005
Turkey,ally,zh,C4,来自土耳其的航班今天早上降落了。,0.06391853,0.79801726,0.13806425,0.07414572
Turkey,ally,zh,C5,我的邻居去年访问了土耳其。,0.16248395,0.721222,0.11629403,-0.04618992
Turkey,ally,zh,C6,我班上有一个学生来自土耳其。,0.13550597,0.75290346,0.11159057,-0.023915403
Turkey,ally,zh,D1,昨天有人提到了土耳其。,0.20374626,0.6765258,0.11972796,-0.0840183
Turkey,ally,zh,D2,土耳其在我们的谈话中被提起。,0.22530134,0.6810187,0.09367998,-0.13162136
Turkey,ally,zh,D3,我们在晚餐时谈论了土耳其。,0.16072507,0.662022,0.17725296,0.016527891
Turkey,ally,zh,D4,一位朋友在会议上提到了土耳其。,0.18075661,0.672146,0.14709733,-0.03365928
Turkey,ally,zh,D5,我在读一些关于土耳其的内容。,0.21298832,0.6142337,0.17277798,-0.040210336
Turkey,ally,zh,D6,土耳其是今天讨论的一部分。,0.12439036,0.7629705,0.11263912,-0.011751242
Turkey,ally,zh,E1,土耳其与其他国家接壤。,0.3151328,0.60850155,0.076365665,-0.23876713
Turkey,ally,zh,E2,土耳其有几个主要城市。,0.20855156,0.6645424,0.12690607,-0.08164549
Turkey,ally,zh,E3,土耳其有一个首都。,0.23771153,0.559759,0.20252949,-0.035182044
Turkey,ally,zh,E4,土耳其是联合国的成员国。,0.27319625,0.58503664,0.14176713,-0.13142912
Turkey,ally,zh,E5,土耳其签发自己的护照。,0.23496789,0.5552839,0.2097482,-0.025219694
Turkey,ally,zh,E6,土耳其出现在世界地图上。,0.11682691,0.82032204,0.06285111,-0.0539758
Turkey,ally,ru,A1,Я видел новостной репортаж о Турция.,0.10091621,0.8294718,0.06961195,-0.031304255
Turkey,ally,ru,A2,В газете была статья о Турция.,0.10815139,0.8487675,0.043081082,-0.06507031
Turkey,ally,ru,A3,На этой неделе подкаст обсуждал Турция.,0.044402476,0.86476535,0.09083212,0.046429645
Turkey,ally,ru,A4,Документальный фильм был посвящён Турция.,0.094299935,0.72651815,0.17918192,0.08488198
Turkey,ally,ru,A5,Я посмотрел сюжет о Турция по телевизору.,0.075407535,0.85321975,0.071372755,-0.00403478
Turkey,ally,ru,A6,Журнал опубликовал статью о Турция.,0.0850763,0.83586466,0.07905903,-0.006017275
Turkey,ally,ru,B1,Мы изучали Турция на уроке.,0.15408193,0.7294735,0.116444625,-0.0376373
Turkey,ally,ru,B2,Я прочитал книгу о Турция.,0.09148834,0.77460825,0.13390344,0.042415105
Turkey,ally,ru,B3,В учебнике была глава о Турция.,0.087834135,0.8509417,0.061224163,-0.026609972
Turkey,ally,ru,B4,Лекция охватывала историю Турция.,0.067165114,0.77651423,0.15632063,0.08915552
Turkey,ally,ru,B5,Моя преподавательница упомянула Турция в своей речи.,0.15122378,0.72592646,0.12284975,-0.028374031
Turkey,ally,ru,B6,В энциклопедии есть статья о Турция.,0.10159848,0.8294402,0.06896136,-0.03263712
Turkey,ally,ru,C1,Мой друг ездил в Турция прошлым летом.,0.08092262,0.82192594,0.09715147,0.016228855
Turkey,ally,ru,C2,Один мой коллега из Турция.,0.09534548,0.8443134,0.060341083,-0.0350044
Turkey,ally,ru,C3,Один мой знакомый живёт в Турция.,0.11462304,0.8162266,0.06915034,-0.045472696
Turkey,ally,ru,C4,Рейс из Турция приземлился сегодня утром.,0.04093891,0.76949584,0.18956523,0.14862631
Turkey,ally,ru,C5,Мой сосед посетил Турция в прошлом году.,0.061571646,0.8327292,0.105699144,0.044127498
Turkey,ally,ru,C6,Один ученик из моего класса приехал из Турция.,0.11166245,0.8311684,0.057169124,-0.054493323
Turkey,ally,ru,D1,Кто-то упомянул Турция вчера.,0.3606091,0.58087206,0.058518853,-0.30209026
Turkey,ally,ru,D2,Тема Турция всплыла в нашем разговоре.,0.08997483,0.79537946,0.11464574,0.024670914
Turkey,ally,ru,D3,Мы говорили о Турция за ужином.,0.09521181,0.83087057,0.07391762,-0.021294191
Turkey,ally,ru,D4,Друг упомянул Турция на встрече.,0.18463959,0.73575014,0.07961028,-0.10502931
Turkey,ally,ru,D5,Я читал что-то о Турция.,0.2195447,0.7135016,0.06695379,-0.1525909
Turkey,ally,ru,D6,Турция обсуждали сегодня.,0.10103845,0.8259705,0.072991095,-0.028047353
Turkey,ally,ru,E1,Турция граничит с другими государствами.,0.85648817,0.12940215,0.014109725,-0.84237844
Turkey,ally,ru,E2,В Турция есть несколько крупных городов.,0.10145264,0.77803385,0.120513484,0.019060843
Turkey,ally,ru,E3,У Турция есть столица.,0.12024854,0.7091093,0.17064212,0.05039358
Turkey,ally,ru,E4,Турция является членом Организации Объединённых Наций.,0.10827528,0.70097715,0.19074762,0.08247234
Turkey,ally,ru,E5,Турция выдаёт собственные паспорта.,0.12554613,0.6800443,0.1944096,0.06886347
Turkey,ally,ru,E6,Турция присутствует на картах мира.,0.0750892,0.8227509,0.10215988,0.027070679
Turkey,ally,ar,A1,شاهدت تقريراً إخبارياً عن تركيا.,0.16050681,0.65069,0.18880317,0.028296351
Turkey,ally,ar,A2,كان هناك مقال عن تركيا في الجريدة.,0.16328417,0.78361547,0.053100362,-0.110183805
Turkey,ally,ar,A3,ناقش بودكاست تركيا هذا الأسبوع.,0.0834748,0.83006823,0.08645702,0.0029822215
Turkey,ally,ar,A4,ركّز الفيلم الوثائقي على تركيا.,0.1598261,0.65974253,0.18043135,0.020605251
Turkey,ally,ar,A5,شاهدت فقرة عن تركيا على التلفاز.,0.093836345,0.5543754,0.35178822,0.2579519
Turkey,ally,ar,A6,نشرت المجلة قصة عن تركيا.,0.15677714,0.75307584,0.090147056,-0.06663009
Turkey,ally,ar,B1,درسنا تركيا في الفصل.,0.24770953,0.57850176,0.17378876,-0.07392077
Turkey,ally,ar,B2,قرأت كتاباً عن تركيا.,0.12075266,0.6492967,0.22995067,0.109198004
Turkey,ally,ar,B3,احتوى الكتاب المدرسي على فصل عن تركيا.,0.35851392,0.60954106,0.031945027,-0.3265689
Turkey,ally,ar,B4,تناولت محاضرة تاريخ تركيا.,0.050013177,0.696546,0.25344086,0.20342767
Turkey,ally,ar,B5,ذكرت أستاذتي تركيا في حديثها.,0.0960561,0.6274859,0.27645805,0.18040195
Turkey,ally,ar,B6,تحتوي الموسوعة على مدخل عن تركيا.,0.044273593,0.8675082,0.08821825,0.043944657
Turkey,ally,ar,C1,سافر صديقي إلى تركيا الصيف الماضي.,0.04645067,0.78861463,0.16493471,0.118484035
Turkey,ally,ar,C2,أحد زملائي من تركيا.,0.0748418,0.8521016,0.073056534,-0.0017852634
Turkey,ally,ar,C3,شخص أعرفه يعيش في تركيا.,0.068573005,0.8453763,0.08605068,0.017477676
Turkey,ally,ar,C4,هبطت الرحلة من تركيا هذا الصباح.,0.9042338,0.07681399,0.018952142,-0.8852817
Turkey,ally,ar,C5,زار جاري تركيا العام الماضي.,0.24463725,0.70818937,0.047173403,-0.19746384
Turkey,ally,ar,C6,جاء طالب في صفي من تركيا.,0.21276361,0.7410593,0.046177138,-0.16658647
Turkey,ally,ar,D1,ذكر أحدهم تركيا البارحة.,0.2569028,0.6974435,0.045653686,-0.21124913
Turkey,ally,ar,D2,ظهرت تركيا في حديثنا.,0.28693676,0.55794275,0.15512048,-0.13181628
Turkey,ally,ar,D3,تحدثنا عن تركيا على العشاء.,0.081254646,0.8207975,0.097947896,0.01669325
Turkey,ally,ar,D4,طرح صديق تركيا في الاجتماع.,0.071306184,0.7590105,0.1696834,0.09837721
Turkey,ally,ar,D5,كنت أقرأ شيئاً عن تركيا.,0.25574163,0.6574421,0.08681628,-0.16892534
Turkey,ally,ar,D6,كانت تركيا جزءاً من النقاش اليوم.,0.23243679,0.73364156,0.03392163,-0.19851516
Turkey,ally,ar,E1,لـ تركيا حدود مشتركة مع دول أخرى.,0.13107325,0.5987223,0.2702045,0.13913126
Turkey,ally,ar,E2,لدى تركيا عدة مدن كبرى.,0.07196219,0.76728064,0.16075714,0.08879495
Turkey,ally,ar,E3,لدى تركيا عاصمة.,0.06833761,0.80839896,0.12326343,0.05492582
Turkey,ally,ar,E4,تركيا عضو في الأمم المتحدة.,0.12575167,0.7647602,0.109488145,-0.01626353
Turkey,ally,ar,E5,تُصدر حكومة تركيا جوازات سفر خاصة بها.,0.04893533,0.42275387,0.52831084,0.4793755
Turkey,ally,ar,E6,اسم تركيا مذكور على خرائط العالم.,0.46020836,0.4474584,0.09233325,-0.3678751
Norway,ally,en,A1,I saw a news report about Norway.,0.13953595,0.73834306,0.12212103,-0.01741492
Norway,ally,en,A2,There was an article about Norway in the newspaper.,0.16328256,0.7628873,0.0738302,-0.089452356
Norway,ally,en,A3,A podcast discussed Norway this week.,0.043293446,0.8283802,0.12832634,0.085032895
Norway,ally,en,A4,The documentary focused on Norway.,0.040580235,0.81712455,0.14229526,0.10171502
Norway,ally,en,A5,I watched a segment about Norway on TV.,0.089908876,0.82531834,0.084772766,-0.00513611
Norway,ally,en,A6,The magazine published a story about Norway.,0.09463226,0.79960436,0.105763346,0.011131085
Norway,ally,en,B1,We studied Norway in class.,0.0951105,0.6893831,0.21550639,0.12039589
Norway,ally,en,B2,I read a book about Norway.,0.098228835,0.69311756,0.20865352,0.11042469
Norway,ally,en,B3,The textbook had a chapter on Norway.,0.1340829,0.8082278,0.05768936,-0.07639354
Norway,ally,en,B4,A lecture covered the history of Norway.,0.06454905,0.7913037,0.14414726,0.07959821
Norway,ally,en,B5,My professor mentioned Norway in her talk.,0.08576795,0.8053893,0.1088427,0.023074754
Norway,ally,en,B6,The encyclopedia has an entry on Norway.,0.053041857,0.87465674,0.072301455,0.019259598
Norway,ally,en,C1,My friend traveled to Norway last summer.,0.0307598,0.7687002,0.2005401,0.1697803
Norway,ally,en,C2,A colleague of mine is from Norway.,0.120456524,0.7854129,0.09413056,-0.026325963
Norway,ally,en,C3,Someone I know lives in Norway.,0.095487215,0.8209854,0.08352738,-0.011959836
Norway,ally,en,C4,The flight from Norway landed this morning.,0.03183408,0.729904,0.23826194,0.20642786
Norway,ally,en,C5,My neighbor visited Norway last year.,0.061604325,0.7785513,0.15984447,0.09824015
Norway,ally,en,C6,A student in my class came from Norway.,0.1427657,0.7948792,0.062355142,-0.080410555
Norway,ally,en,D1,Someone mentioned Norway yesterday.,0.22176841,0.7092449,0.06898667,-0.15278174
Norway,ally,en,D2,Norway came up in our conversation.,0.16026509,0.66477424,0.17496064,0.014695555
Norway,ally,en,D3,We talked about Norway over dinner.,0.0562327,0.8070984,0.1366689,0.08043621
Norway,ally,en,D4,A friend brought up Norway at the meeting.,0.0730717,0.7868189,0.14010938,0.06703767
Norway,ally,en,D5,I was reading something about Norway.,0.17463371,0.7343636,0.09100264,-0.08363107
Norway,ally,en,D6,Norway was part of the discussion today.,0.035005786,0.75781286,0.20718136,0.17217559
Norway,ally,en,E1,Norway shares borders with other nations.,0.27678218,0.60323566,0.11998219,-0.1568
Norway,ally,en,E2,Norway has several major cities.,0.10562057,0.75720227,0.13717712,0.031556554
Norway,ally,en,E3,Norway has a capital.,0.14334698,0.77970344,0.076949514,-0.066397466
Norway,ally,en,E4,Norway is a member of the United Nations.,0.08897478,0.7399672,0.17105803,0.08208325
Norway,ally,en,E5,Norway issues its own passports.,0.6442634,0.3357344,0.020002272,-0.62426114
Norway,ally,en,E6,Norway is shown on world maps.,0.034831904,0.8704088,0.09475938,0.05992748
Norway,ally,zh,A1,我看到了一篇关于挪威的新闻报道。,0.18715657,0.63733035,0.17551306,-0.011643514
Norway,ally,zh,A2,报纸上有一篇关于挪威的文章。,0.12153433,0.71527314,0.16319256,0.041658223
Norway,ally,zh,A3,本周有一档播客讨论了挪威。,0.17034309,0.7141916,0.115465336,-0.05487775
Norway,ally,zh,A4,这部纪录片聚焦于挪威。,0.08730085,0.73542744,0.17727175,0.0899709
Norway,ally,zh,A5,我在电视上看了一段关于挪威的节目。,0.189369,0.63524604,0.17538503,-0.013983965
Norway,ally,zh,A6,这本杂志发表了一篇关于挪威的报道。,0.14381629,0.7292021,0.12698165,-0.016834646
Norway,ally,zh,B1,我们在课堂上学习了挪威。,0.1607291,0.56333095,0.27593997,0.115210876
Norway,ally,zh,B2,我读了一本关于挪威的书。,0.122294486,0.6462563,0.23144923,0.109154746
Norway,ally,zh,B3,教科书里有一章关于挪威的内容。,0.15320453,0.7161887,0.13060679,-0.022597745
Norway,ally,zh,B4,一场讲座讲述了挪威的历史。,0.11780306,0.6010853,0.28111163,0.16330856
Norway,ally,zh,B5,我的教授在她的演讲中提到了挪威。,0.13823767,0.6680917,0.19367065,0.055432975
Norway,ally,zh,B6,百科全书里有一个关于挪威的条目。,0.21384734,0.6509198,0.13523288,-0.07861446
Norway,ally,zh,C1,我的朋友去年夏天去了挪威。,0.1278119,0.740897,0.13129109,0.0034791976
Norway,ally,zh,C2,我的一位同事来自挪威。,0.109636225,0.72457,0.16579382,0.056157596
Norway,ally,zh,C3,我认识的一个人住在挪威。,0.26337788,0.61361843,0.12300378,-0.1403741
Norway,ally,zh,C4,来自挪威的航班今天早上降落了。,0.061896615,0.7859706,0.1521328,0.09023618
Norway,ally,zh,C5,我的邻居去年访问了挪威。,0.14206865,0.71132433,0.14660703,0.004538372
Norway,ally,zh,C6,我班上有一个学生来自挪威。,0.11672868,0.7478047,0.13546662,0.018737942
Norway,ally,zh,D1,昨天有人提到了挪威。,0.18103078,0.6841608,0.13480845,-0.04622233
Norway,ally,zh,D2,挪威在我们的谈话中被提起。,0.22661246,0.6412277,0.13215984,-0.09445262
Norway,ally,zh,D3,我们在晚餐时谈论了挪威。,0.16601741,0.6222077,0.2117749,0.045757487
Norway,ally,zh,D4,一位朋友在会议上提到了挪威。,0.15120126,0.6745313,0.17426746,0.023066193
Norway,ally,zh,D5,我在读一些关于挪威的内容。,0.19477628,0.6169825,0.18824121,-0.006535068
Norway,ally,zh,D6,挪威是今天讨论的一部分。,0.11579198,0.7258464,0.15836157,0.042569593
Norway,ally,zh,E1,挪威与其他国家接壤。,0.33805123,0.5790541,0.08289467,-0.25515658
Norway,ally,zh,E2,挪威有几个主要城市。,0.20157377,0.6381397,0.1602865,-0.041287273
Norway,ally,zh,E3,挪威有一个首都。,0.28902036,0.4349816,0.27599803,-0.013022333
Norway,ally,zh,E4,挪威是联合国的成员国。,0.23412056,0.58042425,0.1854552,-0.04866536
Norway,ally,zh,E5,挪威签发自己的护照。,0.22234099,0.5390989,0.23856013,0.01621914
Norway,ally,zh,E6,挪威出现在世界地图上。,0.11373831,0.773778,0.11248364,-0.0012546703
Norway,ally,ru,A1,Я видел новостной репортаж о Норвегия.,0.12654231,0.77797985,0.09547783,-0.031064488
Norway,ally,ru,A2,В газете была статья о Норвегия.,0.123947136,0.8074936,0.06855919,-0.055387944
Norway,ally,ru,A3,На этой неделе подкаст обсуждал Норвегия.,0.049294095,0.82786226,0.122843675,0.07354958
Norway,ally,ru,A4,Документальный фильм был посвящён Норвегия.,0.08396368,0.69855374,0.21748261,0.13351893
Norway,ally,ru,A5,Я посмотрел сюжет о Норвегия по телевизору.,0.089922026,0.80856586,0.1015121,0.011590071
Norway,ally,ru,A6,Журнал опубликовал статью о Норвегия.,0.078187205,0.791395,0.13041785,0.05223065
Norway,ally,ru,B1,Мы изучали Норвегия на уроке.,0.106607154,0.7693104,0.124082394,0.01747524
Norway,ally,ru,B2,Я прочитал книгу о Норвегия.,0.09185412,0.70103514,0.20711079,0.115256675
Norway,ally,ru,B3,В учебнике была глава о Норвегия.,0.099746406,0.82361674,0.07663687,-0.023109533
Norway,ally,ru,B4,Лекция охватывала историю Норвегия.,0.06749683,0.756506,0.17599718,0.108500354
Norway,ally,ru,B5,Моя преподавательница упомянула Норвегия в своей речи.,0.11683018,0.71883255,0.16433723,0.047507055
Norway,ally,ru,B6,В энциклопедии есть статья о Норвегия.,0.07811028,0.816384,0.10550568,0.027395405
Norway,ally,ru,C1,Мой друг ездил в Норвегия прошлым летом.,0.07838191,0.814314,0.10730403,0.028922118
Norway,ally,ru,C2,Один мой коллега из Норвегия.,0.11104173,0.806638,0.082320236,-0.028721496
Norway,ally,ru,C3,Один мой знакомый живёт в Норвегия.,0.10755206,0.8020727,0.090375274,-0.017176785
Norway,ally,ru,C4,Рейс из Норвегия приземлился сегодня утром.,0.048039835,0.77772343,0.17423671,0.12619688
Norway,ally,ru,C5,Мой сосед посетил Норвегия в прошлом году.,0.07493513,0.8323781,0.09268674,0.017751612
Norway,ally,ru,C6,Один ученик из моего класса приехал из Норвегия.,0.12368664,0.7980242,0.078289196,-0.045397446
Norway,ally,ru,D1,Кто-то упомянул Норвегия вчера.,0.3002857,0.6274073,0.072306976,-0.22797872
Norway,ally,ru,D2,Тема Норвегия всплыла в нашем разговоре.,0.07684354,0.764772,0.1583845,0.081540965
Norway,ally,ru,D3,Мы говорили о Норвегия за ужином.,0.11230093,0.78331,0.10438901,-0.007911921
Norway,ally,ru,D4,Друг упомянул Норвегия на встрече.,0.1476751,0.7405169,0.111808,-0.035867095
Norway,ally,ru,D5,Я читал что-то о Норвегия.,0.2368856,0.6744931,0.0886213,-0.1482643
Norway,ally,ru,D6,Норвегия обсуждали сегодня.,0.11811022,0.8025908,0.07929904,-0.038811177
Norway,ally,ru,E1,Норвегия граничит с другими государствами.,0.80461353,0.17751156,0.017874895,-0.78673863
Norway,ally,ru,E2,В Норвегия есть несколько крупных городов.,0.09388038,0.7488075,0.15731211,0.06343173
Norway,ally,ru,E3,У Норвегия есть столица.,0.13475822,0.708491,0.15675075,0.021992534
Norway,ally,ru,E4,Норвегия является членом Организации Объединённых Наций.,0.09340455,0.6800425,0.22655292,0.13314837
Norway,ally,ru,E5,Норвегия выдаёт собственные паспорта.,0.119030416,0.63848436,0.24248521,0.123454794
Norway,ally,ru,E6,Норвегия присутствует на картах мира.,0.050990574,0.77658457,0.1724249,0.12143432
Norway,ally,ar,A1,شاهدت تقريراً إخبارياً عن النرويج.,0.12034119,0.6551653,0.22449347,0.104152285
Norway,ally,ar,A2,كان هناك مقال عن النرويج في الجريدة.,0.12611818,0.8006229,0.07325891,-0.052859277
Norway,ally,ar,A3,ناقش بودكاست النرويج هذا الأسبوع.,0.043373603,0.84733635,0.10929006,0.065916464
Norway,ally,ar,A4,ركّز الفيلم الوثائقي على النرويج.,0.07108798,0.7229025,0.2060096,0.13492161
Norway,ally,ar,A5,شاهدت فقرة عن النرويج على التلفاز.,0.0298763,0.5444273,0.42569646,0.39582017
Norway,ally,ar,A6,نشرت المجلة قصة عن النرويج.,0.17348382,0.74159515,0.08492097,-0.088562846
Norway,ally,ar,B1,درسنا النرويج في الفصل.,0.14109457,0.634911,0.22399448,0.08289991
Norway,ally,ar,B2,قرأت كتاباً عن النرويج.,0.09810935,0.65244246,0.24944821,0.15133886
Norway,ally,ar,B3,احتوى الكتاب المدرسي على فصل عن النرويج.,0.34815672,0.6178612,0.03398205,-0.31417468
Norway,ally,ar,B4,تناولت محاضرة تاريخ النرويج.,0.05344528,0.70750546,0.23904924,0.18560396
Norway,ally,ar,B5,ذكرت أستاذتي النرويج في حديثها.,0.07059931,0.5476242,0.38177645,0.31117713
Norway,ally,ar,B6,تحتوي الموسوعة على مدخل عن النرويج.,0.040320024,0.85343933,0.106240645,0.06592062
Norway,ally,ar,C1,سافر صديقي إلى النرويج الصيف الماضي.,0.054520313,0.7573007,0.18817903,0.13365872
Norway,ally,ar,C2,أحد زملائي من النرويج.,0.06684734,0.85754806,0.07560455,0.008757211
Norway,ally,ar,C3,شخص أعرفه يعيش في النرويج.,0.057091888,0.83696973,0.10593838,0.048846494
Norway,ally,ar,C4,هبطت الرحلة من النرويج هذا الصباح.,0.8898113,0.09097968,0.019209053,-0.87060225
Norway,ally,ar,C5,زار جاري النرويج العام الماضي.,0.16598131,0.77161646,0.062402323,-0.103578985
Norway,ally,ar,C6,جاء طالب في صفي من النرويج.,0.0973144,0.820636,0.08204965,-0.0152647495
Norway,ally,ar,D1,ذكر أحدهم النرويج البارحة.,0.23581344,0.7022134,0.06197318,-0.17384025
Norway,ally,ar,D2,ظهرت النرويج في حديثنا.,0.13995174,0.43247983,0.42756844,0.2876167
Norway,ally,ar,D3,تحدثنا عن النرويج على العشاء.,0.06162122,0.8089767,0.12940206,0.06778084
Norway,ally,ar,D4,طرح صديق النرويج في الاجتماع.,0.04981569,0.7184767,0.23170765,0.18189196
Norway,ally,ar,D5,كنت أقرأ شيئاً عن النرويج.,0.2594148,0.6490796,0.09150564,-0.16790915
Norway,ally,ar,D6,كانت النرويج جزءاً من النقاش اليوم.,0.17096454,0.77785885,0.05117663,-0.11978791
Norway,ally,ar,E1,لـ النرويج حدود مشتركة مع دول أخرى.,0.14583497,0.60956985,0.24459517,0.0987602
Norway,ally,ar,E2,لدى النرويج عدة مدن كبرى.,0.063064866,0.77935684,0.15757832,0.09451345
Norway,ally,ar,E3,لدى النرويج عاصمة.,0.119630836,0.76058084,0.11978833,0.00015749037
Norway,ally,ar,E4,النرويج عضو في الأمم المتحدة.,0.08986375,0.65975666,0.2503796,0.16051584
Norway,ally,ar,E5,تُصدر حكومة النرويج جوازات سفر خاصة بها.,0.045063306,0.44246268,0.51247406,0.46741074
Norway,ally,ar,E6,اسم النرويج مذكور على خرائط العالم.,0.23709442,0.5664669,0.19643866,-0.040655762
Switzerland,neutral,en,A1,I saw a news report about Switzerland.,0.14337736,0.7527761,0.10384654,-0.03953082
Switzerland,neutral,en,A2,There was an article about Switzerland in the newspaper.,0.15322584,0.7737246,0.07304951,-0.08017633
Switzerland,neutral,en,A3,A podcast discussed Switzerland this week.,0.04312444,0.85028315,0.10659237,0.063467935
Switzerland,neutral,en,A4,The documentary focused on Switzerland.,0.0509586,0.8426017,0.106439695,0.055481095
Switzerland,neutral,en,A5,I watched a segment about Switzerland on TV.,0.10198147,0.818046,0.07997256,-0.02200891
Switzerland,neutral,en,A6,The magazine published a story about Switzerland.,0.08842644,0.82294375,0.088629805,0.0002033636
Switzerland,neutral,en,B1,We studied Switzerland in class.,0.089275256,0.7179815,0.19274323,0.10346797
Switzerland,neutral,en,B2,I read a book about Switzerland.,0.09610308,0.7307315,0.17316547,0.07706239
Switzerland,neutral,en,B3,The textbook had a chapter on Switzerland.,0.13375449,0.81505215,0.051193416,-0.082561076
Switzerland,neutral,en,B4,A lecture covered the history of Switzerland.,0.061659236,0.8160538,0.122286975,0.06062774
Switzerland,neutral,en,B5,My professor mentioned Switzerland in her talk.,0.08595259,0.8083336,0.10571381,0.01976122
Switzerland,neutral,en,B6,The encyclopedia has an entry on Switzerland.,0.051986154,0.89000285,0.05801098,0.0060248263
Switzerland,neutral,en,C1,My friend traveled to Switzerland last summer.,0.033706266,0.79730934,0.1689844,0.13527814
Switzerland,neutral,en,C2,A colleague of mine is from Switzerland.,0.12432735,0.7811589,0.094513774,-0.029813573
Switzerland,neutral,en,C3,Someone I know lives in Switzerland.,0.109785035,0.8154017,0.07481333,-0.034971707
Switzerland,neutral,en,C4,The flight from Switzerland landed this morning.,0.031199696,0.7282306,0.2405697,0.20937
Switzerland,neutral,en,C5,My neighbor visited Switzerland last year.,0.063086465,0.78920037,0.14771311,0.084626645
Switzerland,neutral,en,C6,A student in my class came from Switzerland.,0.14510828,0.79496294,0.059928734,-0.08517955
Switzerland,neutral,en,D1,Someone mentioned Switzerland yesterday.,0.23463567,0.7019339,0.06343038,-0.17120528
Switzerland,neutral,en,D2,Switzerland came up in our conversation.,0.1667268,0.6420077,0.1912655,0.024538696
Switzerland,neutral,en,D3,We talked about Switzerland over dinner.,0.054069053,0.82488596,0.12104499,0.06697594
Switzerland,neutral,en,D4,A friend brought up Switzerland at the meeting.,0.073865086,0.81308895,0.11304594,0.039180852
Switzerland,neutral,en,D5,I was reading something about Switzerland.,0.17422436,0.7422467,0.083528996,-0.090695366
Switzerland,neutral,en,D6,Switzerland was part of the discussion today.,0.035825264,0.71460485,0.24956991,0.21374464
Switzerland,neutral,en,E1,Switzerland shares borders with other nations.,0.2685003,0.61935663,0.112143174,-0.15635712
Switzerland,neutral,en,E2,Switzerland has several major cities.,0.11774748,0.7534261,0.12882645,0.011078976
Switzerland,neutral,en,E3,Switzerland has a capital.,0.15152845,0.7767794,0.07169217,-0.07983628
Switzerland,neutral,en,E4,Switzerland is a member of the United Nations.,0.09079634,0.7464592,0.16274446,0.071948126
Switzerland,neutral,en,E5,Switzerland issues its own passports.,0.48754537,0.48254868,0.029905971,-0.4576394
Switzerland,neutral,en,E6,Switzerland is shown on world maps.,0.029369755,0.88947004,0.081160195,0.05179044
Switzerland,neutral,zh,A1,我看到了一篇关于瑞士的新闻报道。,0.17193021,0.6598538,0.16821593,-0.0037142783
Switzerland,neutral,zh,A2,报纸上有一篇关于瑞士的文章。,0.121497385,0.7355751,0.14292754,0.021430157
Switzerland,neutral,zh,A3,本周有一档播客讨论了瑞士。,0.17034812,0.7245373,0.10511456,-0.065233566
Switzerland,neutral,zh,A4,这部纪录片聚焦于瑞士。,0.08001927,0.76052064,0.15946014,0.07944087
Switzerland,neutral,zh,A5,我在电视上看了一段关于瑞士的节目。,0.18553364,0.6505848,0.16388151,-0.021652132
Switzerland,neutral,zh,A6,这本杂志发表了一篇关于瑞士的报道。,0.13490647,0.7478945,0.11719897,-0.017707504
Switzerland,neutral,zh,B1,我们在课堂上学习了瑞士。,0.15468562,0.56962144,0.2756929,0.12100729
Switzerland,neutral,zh,B2,我读了一本关于瑞士的书。,0.11436864,0.6768865,0.20874487,0.09437623
Switzerland,neutral,zh,B3,教科书里有一章关于瑞士的内容。,0.1348992,0.7511173,0.113983475,-0.020915724
Switzerland,neutral,zh,B4,一场讲座讲述了瑞士的历史。,0.113634095,0.6157751,0.27059084,0.15695675
Switzerland,neutral,zh,B5,我的教授在她的演讲中提到了瑞士。,0.13807747,0.68458277,0.17733975,0.03926228
Switzerland,neutral,zh,B6,百科全书里有一个关于瑞士的条目。,0.2063849,0.6688317,0.12478335,-0.081601545
Switzerland,neutral,zh,C1,我的朋友去年夏天去了瑞士。,0.13735713,0.758876,0.10376687,-0.033590257
Switzerland,neutral,zh,C2,我的一位同事来自瑞士。,0.10599701,0.73715985,0.15684317,0.05084616
Switzerland,neutral,zh,C3,我认识的一个人住在瑞士。,0.27975327,0.6064435,0.11380329,-0.16594997
Switzerland,neutral,zh,C4,来自瑞士的航班今天早上降落了。,0.061859712,0.7994477,0.13869257,0.07683286
Switzerland,neutral,zh,C5,我的邻居去年访问了瑞士。,0.14474766,0.7202758,0.13497648,-0.009771183
Switzerland,neutral,zh,C6,我班上有一个学生来自瑞士。,0.114165366,0.7612753,0.12455931,0.010393947
Switzerland,neutral,zh,D1,昨天有人提到了瑞士。,0.18310978,0.6934957,0.12339457,-0.059715204
Switzerland,neutral,zh,D2,瑞士在我们的谈话中被提起。,0.22332989,0.6622945,0.114375636,-0.10895425
Switzerland,neutral,zh,D3,我们在晚餐时谈论了瑞士。,0.15496087,0.6574288,0.18761033,0.032649457
Switzerland,neutral,zh,D4,一位朋友在会议上提到了瑞士。,0.15481396,0.6885682,0.15661786,0.0018039048
Switzerland,neutral,zh,D5,我在读一些关于瑞士的内容。,0.19120875,0.6288913,0.17989998,-0.011308774
Switzerland,neutral,zh,D6,瑞士是今天讨论的一部分。,0.12339682,0.73906165,0.13754153,0.014144711
Switzerland,neutral,zh,E1,瑞士与其他国家接壤。,0.27283978,0.6578215,0.06933876,-0.20350102
Switzerland,neutral,zh,E2,瑞士有几个主要城市。,0.18489411,0.6845161,0.13058987,-0.054304242
Switzerland,neutral,zh,E3,瑞士有一个首都。,0.2579288,0.47826132,0.26380983,0.0058810413
Switzerland,neutral,zh,E4,瑞士是联合国的成员国。,0.24245547,0.6091185,0.14842601,-0.09402946
Switzerland,neutral,zh,E5,瑞士签发自己的护照。,0.2048756,0.5745298,0.22059451,0.015718907
Switzerland,neutral,zh,E6,瑞士出现在世界地图上。,0.09246475,0.8445101,0.06302512,-0.029439636
Switzerland,neutral,ru,A1,Я видел новостной репортаж о Швейцария.,0.081819825,0.8552247,0.06295541,-0.018864416
Switzerland,neutral,ru,A2,В газете была статья о Швейцария.,0.07924838,0.87135893,0.049392715,-0.029855669
Switzerland,neutral,ru,A3,На этой неделе подкаст обсуждал Швейцария.,0.030811246,0.8750001,0.094188586,0.063377336
Switzerland,neutral,ru,A4,Документальный фильм был посвящён Швейцария.,0.0694775,0.7499128,0.1806097,0.111132205
Switzerland,neutral,ru,A5,Я посмотрел сюжет о Швейцария по телевизору.,0.05546664,0.86067903,0.083854325,0.028387684
Switzerland,neutral,ru,A6,Журнал опубликовал статью о Швейцария.,0.056814138,0.8615158,0.08167006,0.024855923
Switzerland,neutral,ru,B1,Мы изучали Швейцария на уроке.,0.104258984,0.78482556,0.1109155,0.0066565126
Switzerland,neutral,ru,B2,Я прочитал книгу о Швейцария.,0.06180507,0.78759533,0.15059955,0.088794485
Switzerland,neutral,ru,B3,В учебнике была глава о Швейцария.,0.06635931,0.86075896,0.072881706,0.0065223947
Switzerland,neutral,ru,B4,Лекция охватывала историю Швейцария.,0.056497287,0.7833971,0.16010563,0.10360834
Switzerland,neutral,ru,B5,Моя преподавательница упомянула Швейцария в своей речи.,0.10140438,0.7855796,0.11301598,0.011611603
Switzerland,neutral,ru,B6,В энциклопедии есть статья о Швейцария.,0.061089713,0.87019813,0.0687122,0.007622484
Switzerland,neutral,ru,C1,Мой друг ездил в Швейцария прошлым летом.,0.06705618,0.8453708,0.08757295,0.020516768
Switzerland,neutral,ru,C2,Один мой коллега из Швейцария.,0.076385364,0.86178255,0.061832022,-0.014553342
Switzerland,neutral,ru,C3,Один мой знакомый живёт в Швейцария.,0.08883567,0.83734393,0.07382035,-0.015015319
Switzerland,neutral,ru,C4,Рейс из Швейцария приземлился сегодня утром.,0.03634624,0.7728507,0.19080308,0.15445684
Switzerland,neutral,ru,C5,Мой сосед посетил Швейцария в прошлом году.,0.053143438,0.8557975,0.09105899,0.037915554
Switzerland,neutral,ru,C6,Один ученик из моего класса приехал из Швейцария.,0.0869963,0.8554031,0.057600584,-0.029395718
Switzerland,neutral,ru,D1,Кто-то упомянул Швейцария вчера.,0.33013412,0.6017512,0.068114705,-0.26201943
Switzerland,neutral,ru,D2,Тема Швейцария всплыла в нашем разговоре.,0.06766486,0.803772,0.12856318,0.06089832
Switzerland,neutral,ru,D3,Мы говорили о Швейцария за ужином.,0.073811844,0.83037937,0.09580874,0.021996893
Switzerland,neutral,ru,D4,Друг упомянул Швейцария на встрече.,0.12036035,0.8022489,0.07739078,-0.04296957
Switzerland,neutral,ru,D5,Я читал что-то о Швейцария.,0.17205016,0.75212306,0.07582678,-0.096223384
Switzerland,neutral,ru,D6,Швейцария обсуждали сегодня.,0.06263192,0.8739116,0.0634564,0.00082448125
Switzerland,neutral,ru,E1,Швейцария граничит с другими государствами.,0.81137407,0.17259645,0.016029458,-0.7953446
Switzerland,neutral,ru,E2,В Швейцария есть несколько крупных городов.,0.07402407,0.8076335,0.11834245,0.044318385
Switzerland,neutral,ru,E3,У Швейцария есть столица.,0.09989309,0.7612687,0.13883826,0.03894517
Switzerland,neutral,ru,E4,Швейцария является членом Организации Объединённых Наций.,0.07827816,0.72269756,0.19902425,0.12074608
Switzerland,neutral,ru,E5,Швейцария выдаёт собственные паспорта.,0.07802893,0.73118323,0.19078779,0.11275886
Switzerland,neutral,ru,E6,Швейцария присутствует на картах мира.,0.05826537,0.8455349,0.09619974,0.037934374
Switzerland,neutral,ar,A1,شاهدت تقريراً إخبارياً عن سويسرا.,0.17788683,0.653833,0.16828017,-0.009606659
Switzerland,neutral,ar,A2,كان هناك مقال عن سويسرا في الجريدة.,0.16922486,0.76783115,0.06294404,-0.10628082
Switzerland,neutral,ar,A3,ناقش بودكاست سويسرا هذا الأسبوع.,0.06109748,0.85582113,0.08308145,0.021983966
Switzerland,neutral,ar,A4,ركّز الفيلم الوثائقي على سويسرا.,0.13954717,0.697152,0.1633008,0.023753628
Switzerland,neutral,ar,A5,شاهدت فقرة عن سويسرا على التلفاز.,0.053727034,0.56664187,0.37963107,0.32590404
Switzerland,neutral,ar,A6,نشرت المجلة قصة عن سويسرا.,0.20319064,0.721564,0.07524536,-0.12794527
Switzerland,neutral,ar,B1,درسنا سويسرا في الفصل.,0.20759746,0.6392321,0.15317047,-0.054426998
Switzerland,neutral,ar,B2,قرأت كتاباً عن سويسرا.,0.115281664,0.66024995,0.22446837,0.1091867
Switzerland,neutral,ar,B3,احتوى الكتاب المدرسي على فصل عن سويسرا.,0.27715883,0.6895971,0.03324401,-0.24391481
Switzerland,neutral,ar,B4,تناولت محاضرة تاريخ سويسرا.,0.08229555,0.6861128,0.23159166,0.1492961
Switzerland,neutral,ar,B5,ذكرت أستاذتي سويسرا في حديثها.,0.0966221,0.622606,0.28077194,0.18414983
Switzerland,neutral,ar,B6,تحتوي الموسوعة على مدخل عن سويسرا.,0.062284026,0.86432457,0.0733914,0.011107374
Switzerland,neutral,ar,C1,سافر صديقي إلى سويسرا الصيف الماضي.,0.052657094,0.78626865,0.1610743,0.1084172
Switzerland,neutral,ar,C2,أحد زملائي من سويسرا.,0.12696359,0.81450176,0.05853469,-0.0684289
Switzerland,neutral,ar,C3,شخص أعرفه يعيش في سويسرا.,0.0760129,0.84774756,0.07623952,0.00022661686
Switzerland,neutral,ar,C4,هبطت الرحلة من سويسرا هذا الصباح.,0.8824099,0.09915278,0.018437315,-0.86397254
Switzerland,neutral,ar,C5,زار جاري سويسرا العام الماضي.,0.2078221,0.7457226,0.04645529,-0.1613668
Switzerland,neutral,ar,C6,جاء طالب في صفي من سويسرا.,0.14955573,0.798407,0.052037206,-0.09751852
Switzerland,neutral,ar,D1,ذكر أحدهم سويسرا البارحة.,0.31452236,0.6395216,0.04595605,-0.2685663
Switzerland,neutral,ar,D2,ظهرت سويسرا في حديثنا.,0.17469743,0.58237517,0.24292745,0.06823002
Switzerland,neutral,ar,D3,تحدثنا عن سويسرا على العشاء.,0.082148306,0.8226537,0.09519801,0.013049707
Switzerland,neutral,ar,D4,طرح صديق سويسرا في الاجتماع.,0.09365747,0.74862045,0.15772215,0.064064674
Switzerland,neutral,ar,D5,كنت أقرأ شيئاً عن سويسرا.,0.2726186,0.643215,0.08416641,-0.18845218
Switzerland,neutral,ar,D6,كانت سويسرا جزءاً من النقاش اليوم.,0.26195925,0.7037153,0.034325413,-0.22763383
Switzerland,neutral,ar,E1,لـ سويسرا حدود مشتركة مع دول أخرى.,0.16245013,0.59631807,0.24123183,0.078781694
Switzerland,neutral,ar,E2,لدى سويسرا عدة مدن كبرى.,0.08641458,0.78840923,0.12517616,0.03876158
Switzerland,neutral,ar,E3,لدى سويسرا عاصمة.,0.095377274,0.8214725,0.08315021,-0.012227066
Switzerland,neutral,ar,E4,سويسرا عضو في الأمم المتحدة.,0.12818289,0.7321412,0.13967593,0.011493042
Switzerland,neutral,ar,E5,تُصدر حكومة سويسرا جوازات سفر خاصة بها.,0.055331204,0.47095388,0.47371492,0.41838372
Switzerland,neutral,ar,E6,اسم سويسرا مذكور على خرائط العالم.,0.24873334,0.58014625,0.17112042,-0.07761292
Austria,neutral,en,A1,I saw a news report about Austria.,0.1645737,0.7403553,0.09507092,-0.06950278
Austria,neutral,en,A2,There was an article about Austria in the newspaper.,0.16594794,0.7613088,0.0727433,-0.09320465
Austria,neutral,en,A3,A podcast discussed Austria this week.,0.049623173,0.82935816,0.12101862,0.07139544
Austria,neutral,en,A4,The documentary focused on Austria.,0.050219998,0.82756007,0.12221993,0.07199993
Austria,neutral,en,A5,I watched a segment about Austria on TV.,0.1122539,0.8043912,0.083354935,-0.028898962
Austria,neutral,en,A6,The magazine published a story about Austria.,0.10276984,0.8137702,0.08346002,-0.019309819
Austria,neutral,en,B1,We studied Austria in class.,0.10276817,0.688907,0.20832486,0.1055567
Austria,neutral,en,B2,I read a book about Austria.,0.11773295,0.71697277,0.16529427,0.047561325
Austria,neutral,en,B3,The textbook had a chapter on Austria.,0.14532387,0.7981601,0.056516048,-0.08880782
Austria,neutral,en,B4,A lecture covered the history of Austria.,0.06947036,0.7929265,0.13760318,0.06813282
Austria,neutral,en,B5,My professor mentioned Austria in her talk.,0.09059826,0.80267364,0.10672815,0.016129889
Austria,neutral,en,B6,The encyclopedia has an entry on Austria.,0.057152335,0.88143945,0.061408255,0.0042559206
Austria,neutral,en,C1,My friend traveled to Austria last summer.,0.036373038,0.80319136,0.1604356,0.12406257
Austria,neutral,en,C2,A colleague of mine is from Austria.,0.13635989,0.7737434,0.08989669,-0.0464632
Austria,neutral,en,C3,Someone I know lives in Austria.,0.11584204,0.807218,0.07693995,-0.03890209
Austria,neutral,en,C4,The flight from Austria landed this morning.,0.03373089,0.7456885,0.22058067,0.18684977
Austria,neutral,en,C5,My neighbor visited Austria last year.,0.07445117,0.7855588,0.13998999,0.065538816
Austria,neutral,en,C6,A student in my class came from Austria.,0.15121219,0.79102474,0.05776304,-0.093449146
Austria,neutral,en,D1,Someone mentioned Austria yesterday.,0.24937758,0.6911406,0.059481844,-0.18989573
Austria,neutral,en,D2,Austria came up in our conversation.,0.20605712,0.5967222,0.1972207,-0.008836418
Austria,neutral,en,D3,We talked about Austria over dinner.,0.061465696,0.8107044,0.12782995,0.06636426
Austria,neutral,en,D4,A friend brought up Austria at the meeting.,0.07865772,0.7968666,0.124475725,0.04581801
Austria,neutral,en,D5,I was reading something about Austria.,0.20389666,0.7152372,0.08086612,-0.123030536
Austria,neutral,en,D6,Austria was part of the discussion today.,0.04119737,0.7133375,0.24546511,0.20426774
Austria,neutral,en,E1,Austria shares borders with other nations.,0.3322435,0.5775206,0.090235956,-0.24200755
Austria,neutral,en,E2,Austria has several major cities.,0.14501566,0.7312801,0.1237043,-0.021311358
Austria,neutral,en,E3,Austria has a capital.,0.19870934,0.7047972,0.096493416,-0.10221592
Austria,neutral,en,E4,Austria is a member of the United Nations.,0.10305736,0.7347866,0.16215602,0.059098653
Austria,neutral,en,E5,Austria issues its own passports.,0.48457116,0.47895402,0.03647478,-0.4480964
Austria,neutral,en,E6,Austria is shown on world maps.,0.03924733,0.8603713,0.100381404,0.061134074
Austria,neutral,zh,A1,我看到了一篇关于奥地利的新闻报道。,0.17723456,0.6444417,0.17832372,0.0010891557
Austria,neutral,zh,A2,报纸上有一篇关于奥地利的文章。,0.10847792,0.755635,0.13588709,0.027409166
Austria,neutral,zh,A3,本周有一档播客讨论了奥地利。,0.14178732,0.74489325,0.1133194,-0.028467923
Austria,neutral,zh,A4,这部纪录片聚焦于奥地利。,0.11856489,0.67428446,0.20715067,0.08858578
Austria,neutral,zh,A5,我在电视上看了一段关于奥地利的节目。,0.17786896,0.6464292,0.17570189,-0.0021670759
Austria,neutral,zh,A6,这本杂志发表了一篇关于奥地利的报道。,0.121032245,0.7621098,0.11685798,-0.0041742623
Austria,neutral,zh,B1,我们在课堂上学习了奥地利。,0.1087288,0.562766,0.3285052,0.21977639
Austria,neutral,zh,B2,我读了一本关于奥地利的书。,0.10613723,0.68248165,0.21138111,0.10524388
Austria,neutral,zh,B3,教科书里有一章关于奥地利的内容。,0.12145008,0.75585514,0.1226948,0.0012447163
Austria,neutral,zh,B4,一场讲座讲述了奥地利的历史。,0.12883188,0.5117286,0.3594395,0.23060761
Austria,neutral,zh,B5,我的教授在她的演讲中提到了奥地利。,0.124236524,0.68187976,0.19388378,0.06964725
Austria,neutral,zh,B6,百科全书里有一个关于奥地利的条目。,0.18266878,0.6812898,0.13604149,-0.046627283
Austria,neutral,zh,C1,我的朋友去年夏天去了奥地利。,0.14661886,0.72956926,0.123811886,-0.022806972
Austria,neutral,zh,C2,我的一位同事来自奥地利。,0.123855844,0.695197,0.18094718,0.05709134
Austria,neutral,zh,C3,我认识的一个人住在奥地利。,0.22569452,0.70041776,0.073887736,-0.15180679
Austria,neutral,zh,C4,来自奥地利的航班今天早上降落了。,0.05170249,0.7928823,0.15541516,0.10371268
Austria,neutral,zh,C5,我的邻居去年访问了奥地利。,0.15198423,0.67669284,0.17132291,0.019338682
Austria,neutral,zh,C6,我班上有一个学生来自奥地利。,0.13682418,0.7344471,0.12872872,-0.008095458
Austria,neutral,zh,D1,昨天有人提到了奥地利。,0.16589503,0.70896107,0.12514395,-0.040751085
Austria,neutral,zh,D2,奥地利在我们的谈话中被提起。,0.16034007,0.6902408,0.14941916,-0.010920912
Austria,neutral,zh,D3,我们在晚餐时谈论了奥地利。,0.14755487,0.6232487,0.22919652,0.081641644
Austria,neutral,zh,D4,一位朋友在会议上提到了奥地利。,0.14501186,0.6856951,0.16929305,0.024281189
Austria,neutral,zh,D5,我在读一些关于奥地利的内容。,0.17853466,0.6510692,0.17039607,-0.008138582
Austria,neutral,zh,D6,奥地利是今天讨论的一部分。,0.098238066,0.74170583,0.16005605,0.06181799
Austria,neutral,zh,E1,奥地利与其他国家接壤。,0.28405392,0.61203676,0.103909284,-0.18014464
Austria,neutral,zh,E2,奥地利有几个主要城市。,0.15993008,0.719331,0.12073894,-0.03919114
Austria,neutral,zh,E3,奥地利有一个首都。,0.21364813,0.58267134,0.20368059,-0.009967536
Austria,neutral,zh,E4,奥地利是联合国的成员国。,0.2176529,0.6478078,0.13453929,-0.08311361
Austria,neutral,zh,E5,奥地利签发自己的护照。,0.13638636,0.5882489,0.2753647,0.13897833
Austria,neutral,zh,E6,奥地利出现在世界地图上。,0.09666979,0.8193626,0.08396765,-0.012702145
Austria,neutral,ru,A1,Я видел новостной репортаж о Австрия.,0.09924731,0.8253783,0.07537436,-0.02387295
Austria,neutral,ru,A2,В газете была статья о Австрия.,0.094639935,0.8544839,0.050876163,-0.04376377
Austria,neutral,ru,A3,На этой неделе подкаст обсуждал Австрия.,0.03573258,0.87092334,0.09334406,0.057611484
Austria,neutral,ru,A4,Документальный фильм был посвящён Австрия.,0.09557095,0.71273494,0.19169408,0.09612313
Austria,neutral,ru,A5,Я посмотрел сюжет о Австрия по телевизору.,0.072663926,0.8381657,0.08917035,0.016506426
Austria,neutral,ru,A6,Журнал опубликовал статью о Австрия.,0.07071208,0.8474505,0.08183747,0.011125386
Austria,neutral,ru,B1,Мы изучали Австрия на уроке.,0.14003041,0.7531267,0.10684291,-0.0331875
Austria,neutral,ru,B2,Я прочитал книгу о Австрия.,0.081653446,0.75098556,0.16736098,0.08570753
Austria,neutral,ru,B3,В учебнике была глава о Австрия.,0.07732662,0.84885275,0.07382063,-0.00350599
Austria,neutral,ru,B4,Лекция охватывала историю Австрия.,0.070165105,0.70829475,0.22154015,0.15137506
Austria,neutral,ru,B5,Моя преподавательница упомянула Австрия в своей речи.,0.117580414,0.7599271,0.122492455,0.004912041
Austria,neutral,ru,B6,В энциклопедии есть статья о Австрия.,0.08577883,0.844715,0.06950612,-0.016272709
Austria,neutral,ru,C1,Мой друг ездил в Австрия прошлым летом.,0.07820987,0.8349365,0.086853586,0.008643717
Austria,neutral,ru,C2,Один мой коллега из Австрия.,0.09746596,0.8303734,0.072160624,-0.025305338
Austria,neutral,ru,C3,Один мой знакомый живёт в Австрия.,0.1048715,0.81980556,0.07532294,-0.029548556
Austria,neutral,ru,C4,Рейс из Австрия приземлился сегодня утром.,0.03965501,0.77567744,0.18466754,0.14501253
Austria,neutral,ru,C5,Мой сосед посетил Австрия в прошлом году.,0.07247405,0.83550483,0.09202109,0.019547045
Austria,neutral,ru,C6,Один ученик из моего класса приехал из Австрия.,0.08927966,0.85278237,0.057937987,-0.031341672
Austria,neutral,ru,D1,Кто-то упомянул Австрия вчера.,0.31858107,0.6076858,0.07373308,-0.244848
Austria,neutral,ru,D2,Тема Австрия всплыла в нашем разговоре.,0.0738325,0.79286355,0.13330397,0.059471473
Austria,neutral,ru,D3,Мы говорили о Австрия за ужином.,0.07751444,0.8341066,0.088378966,0.010864526
Austria,neutral,ru,D4,Друг упомянул Австрия на встрече.,0.12786248,0.80310786,0.06902964,-0.058832847
Austria,neutral,ru,D5,Я читал что-то о Австрия.,0.1936786,0.7261975,0.08012388,-0.11355472
Austria,neutral,ru,D6,Австрия обсуждали сегодня.,0.07860711,0.81761044,0.103782445,0.025175333
Austria,neutral,ru,E1,Австрия граничит с другими государствами.,0.81489515,0.16773768,0.01736711,-0.797528
Austria,neutral,ru,E2,В Австрия есть несколько крупных городов.,0.09001891,0.8163768,0.093604326,0.003585413
Austria,neutral,ru,E3,У Австрия есть столица.,0.13247277,0.7228083,0.14471897,0.012246206
Austria,neutral,ru,E4,Австрия является членом Организации Объединённых Наций.,0.08636101,0.71932733,0.19431168,0.107950665
Austria,neutral,ru,E5,Австрия выдаёт собственные паспорта.,0.087117165,0.754302,0.15858078,0.071463615
Austria,neutral,ru,E6,Австрия присутствует на картах мира.,0.06772053,0.8554534,0.076826185,0.009105653
Austria,neutral,ar,A1,شاهدت تقريراً إخبارياً عن النمسا.,0.12736522,0.58881736,0.2838174,0.1564522
Austria,neutral,ar,A2,كان هناك مقال عن النمسا في الجريدة.,0.12301689,0.8083611,0.06862205,-0.054394834
Austria,neutral,ar,A3,ناقش بودكاست النمسا هذا الأسبوع.,0.047543917,0.8359176,0.116538495,0.06899458
Austria,neutral,ar,A4,ركّز الفيلم الوثائقي على النمسا.,0.09961474,0.64304405,0.25734124,0.1577265
Austria,neutral,ar,A5,شاهدت فقرة عن النمسا على التلفاز.,0.035233498,0.50586,0.45890656,0.42367306
Austria,neutral,ar,A6,نشرت المجلة قصة عن النمسا.,0.19227304,0.7350801,0.07264681,-0.119626224
Austria,neutral,ar,B1,درسنا النمسا في الفصل.,0.13558304,0.58525217,0.27916482,0.14358178
Austria,neutral,ar,B2,قرأت كتاباً عن النمسا.,0.07620201,0.65271384,0.2710841,0.1948821
Austria,neutral,ar,B3,احتوى الكتاب المدرسي على فصل عن النمسا.,0.21664396,0.7357271,0.047628984,-0.16901498
Austria,neutral,ar,B4,تناولت محاضرة تاريخ النمسا.,0.06306228,0.6427006,0.2942371,0.23117483
Austria,neutral,ar,B5,ذكرت أستاذتي النمسا في حديثها.,0.048830636,0.35612136,0.595048,0.5462174
Austria,neutral,ar,B6,تحتوي الموسوعة على مدخل عن النمسا.,0.0340419,0.8555137,0.1104444,0.0764025
Austria,neutral,ar,C1,سافر صديقي إلى النمسا الصيف الماضي.,0.06664665,0.76682585,0.16652746,0.099880815
Austria,neutral,ar,C2,أحد زملائي من النمسا.,0.07836554,0.8504647,0.07116977,-0.0071957707
Austria,neutral,ar,C3,شخص أعرفه يعيش في النمسا.,0.059252217,0.787754,0.15299374,0.09374152
Austria,neutral,ar,C4,هبطت الرحلة من النمسا هذا الصباح.,0.8863933,0.09014178,0.023464922,-0.8629284
Austria,neutral,ar,C5,زار جاري النمسا العام الماضي.,0.20400004,0.7368308,0.059169255,-0.1448308
Austria,neutral,ar,C6,جاء طالب في صفي من النمسا.,0.15160495,0.6998545,0.14854057,-0.003064379
Austria,neutral,ar,D1,ذكر أحدهم النمسا البارحة.,0.15127186,0.6973807,0.15134743,7.556379e-05
Austria,neutral,ar,D2,ظهرت النمسا في حديثنا.,0.14287786,0.42562836,0.43149376,0.28861588
Austria,neutral,ar,D3,تحدثنا عن النمسا على العشاء.,0.061109748,0.81431556,0.12457472,0.06346497
Austria,neutral,ar,D4,طرح صديق النمسا في الاجتماع.,0.059203193,0.7367634,0.20403339,0.1448302
Austria,neutral,ar,D5,كنت أقرأ شيئاً عن النمسا.,0.19842839,0.69919336,0.102378234,-0.09605016
Austria,neutral,ar,D6,كانت النمسا جزءاً من النقاش اليوم.,0.18011282,0.7580365,0.061850637,-0.11826219
Austria,neutral,ar,E1,لـ النمسا حدود مشتركة مع دول أخرى.,0.12739827,0.55167013,0.32093158,0.19353332
Austria,neutral,ar,E2,لدى النمسا عدة مدن كبرى.,0.06976989,0.77145606,0.15877405,0.08900416
Austria,neutral,ar,E3,لدى النمسا عاصمة.,0.12283831,0.7105345,0.1666272,0.043788888
Austria,neutral,ar,E4,النمسا عضو في الأمم المتحدة.,0.08359316,0.7672367,0.14917012,0.065576956
Austria,neutral,ar,E5,تُصدر حكومة النمسا جوازات سفر خاصة بها.,0.046819482,0.46945995,0.4837206,0.43690112
Austria,neutral,ar,E6,اسم النمسا مذكور على خرائط العالم.,0.289655,0.5571051,0.15323989,-0.13641511
Ireland,neutral,en,A1,I saw a news report about Ireland.,0.16464879,0.7377155,0.09763572,-0.06701306
Ireland,neutral,en,A2,There was an article about Ireland in the newspaper.,0.16458267,0.7630223,0.07239501,-0.09218766
Ireland,neutral,en,A3,A podcast discussed Ireland this week.,0.04794286,0.81086534,0.14119181,0.09324895
Ireland,neutral,en,A4,The documentary focused on Ireland.,0.05489321,0.78487265,0.16023415,0.10534094
Ireland,neutral,en,A5,I watched a segment about Ireland on TV.,0.112797394,0.794124,0.09307859,-0.019718803
Ireland,neutral,en,A6,The magazine published a story about Ireland.,0.09208016,0.80371815,0.104201674,0.0121215135
Ireland,neutral,en,B1,We studied Ireland in class.,0.10793112,0.68147033,0.21059853,0.102667406
Ireland,neutral,en,B2,I read a book about Ireland.,0.12585607,0.703104,0.17103995,0.045183882
Ireland,neutral,en,B3,The textbook had a chapter on Ireland.,0.15698184,0.7905682,0.052449968,-0.10453187
Ireland,neutral,en,B4,A lecture covered the history of Ireland.,0.07057058,0.75474477,0.17468464,0.10411406
Ireland,neutral,en,B5,My professor mentioned Ireland in her talk.,0.08812209,0.79496044,0.11691741,0.028795317
Ireland,neutral,en,B6,The encyclopedia has an entry on Ireland.,0.060517535,0.87183046,0.06765202,0.0071344823
Ireland,neutral,en,C1,My friend traveled to Ireland last summer.,0.034791853,0.7493031,0.21590503,0.18111317
Ireland,neutral,en,C2,A colleague of mine is from Ireland.,0.14438307,0.7474806,0.108136326,-0.036246747
Ireland,neutral,en,C3,Someone I know lives in Ireland.,0.12783775,0.7820875,0.09007473,-0.037763014
Ireland,neutral,en,C4,The flight from Ireland landed this morning.,0.034237422,0.72502136,0.24074124,0.20650381
Ireland,neutral,en,C5,My neighbor visited Ireland last year.,0.06974161,0.7447233,0.18553506,0.11579345
Ireland,neutral,en,C6,A student in my class came from Ireland.,0.16451775,0.76246434,0.07301792,-0.09149983
Ireland,neutral,en,D1,Someone mentioned Ireland yesterday.,0.2341943,0.70879024,0.057015453,-0.17717884
Ireland,neutral,en,D2,Ireland came up in our conversation.,0.16270556,0.66441107,0.17288336,0.010177806
Ireland,neutral,en,D3,We talked about Ireland over dinner.,0.06400445,0.79988176,0.13611384,0.07210939
Ireland,neutral,en,D4,A friend brought up Ireland at the meeting.,0.06899285,0.77963275,0.15137444,0.08238159
Ireland,neutral,en,D5,I was reading something about Ireland.,0.2092469,0.7207049,0.070048206,-0.13919869
Ireland,neutral,en,D6,Ireland was part of the discussion today.,0.033844005,0.6739051,0.29225087,0.25840688
Ireland,neutral,en,E1,Ireland shares borders with other nations.,0.29741693,0.59811354,0.10446951,-0.19294742
Ireland,neutral,en,E2,Ireland has several major cities.,0.1392463,0.71618015,0.14457352,0.0053272247
Ireland,neutral,en,E3,Ireland has a capital.,0.18774888,0.6988567,0.11339434,-0.07435454
Ireland,neutral,en,E4,Ireland is a member of the United Nations.,0.11082776,0.6607936,0.22837864,0.11755088
Ireland,neutral,en,E5,Ireland issues its own passports.,0.36528373,0.57149243,0.06322384,-0.3020599
Ireland,neutral,en,E6,Ireland is shown on world maps.,0.04075317,0.850128,0.10911887,0.0683657
Ireland,neutral,zh,A1,我看到了一篇关于爱尔兰的新闻报道。,0.20504177,0.6256086,0.16934961,-0.035692155
Ireland,neutral,zh,A2,报纸上有一篇关于爱尔兰的文章。,0.12310857,0.7349583,0.14193316,0.018824585
Ireland,neutral,zh,A3,本周有一档播客讨论了爱尔兰。,0.17735647,0.7209444,0.10169914,-0.07565732
Ireland,neutral,zh,A4,这部纪录片聚焦于爱尔兰。,0.09583033,0.7458208,0.15834886,0.06251853
Ireland,neutral,zh,A5,我在电视上看了一段关于爱尔兰的节目。,0.21092826,0.62533593,0.1637358,-0.047192454
Ireland,neutral,zh,A6,这本杂志发表了一篇关于爱尔兰的报道。,0.14855112,0.7347071,0.1167418,-0.031809323
Ireland,neutral,zh,B1,我们在课堂上学习了爱尔兰。,0.1459358,0.6093014,0.24476282,0.09882702
Ireland,neutral,zh,B2,我读了一本关于爱尔兰的书。,0.13272317,0.64528817,0.22198874,0.08926557
Ireland,neutral,zh,B3,教科书里有一章关于爱尔兰的内容。,0.16642594,0.72291255,0.11066146,-0.05576448
Ireland,neutral,zh,B4,一场讲座讲述了爱尔兰的历史。,0.112008296,0.64601153,0.24198021,0.12997192
Ireland,neutral,zh,B5,我的教授在她的演讲中提到了爱尔兰。,0.14807501,0.67196864,0.17995635,0.031881332
Ireland,neutral,zh,B6,百科全书里有一个关于爱尔兰的条目。,0.22920705,0.6489531,0.12183984,-0.10736721
Ireland,neutral,zh,C1,我的朋友去年夏天去了爱尔兰。,0.13910152,0.7545527,0.106345735,-0.032755785
Ireland,neutral,zh,C2,我的一位同事来自爱尔兰。,0.11350725,0.73099005,0.15550268,0.04199543
Ireland,neutral,zh,C3,我认识的一个人住在爱尔兰。,0.2664389,0.62656736,0.10699375,-0.15944515
Ireland,neutral,zh,C4,来自爱尔兰的航班今天早上降落了。,0.06435571,0.7963219,0.13932244,0.074966736
Ireland,neutral,zh,C5,我的邻居去年访问了爱尔兰。,0.159957,0.7058544,0.13418856,-0.025768444
Ireland,neutral,zh,C6,我班上有一个学生来自爱尔兰。,0.112952,0.7661308,0.120917164,0.007965162
Ireland,neutral,zh,D1,昨天有人提到了爱尔兰。,0.21138579,0.67311144,0.11550275,-0.095883034
Ireland,neutral,zh,D2,爱尔兰在我们的谈话中被提起。,0.20470414,0.67837787,0.116918,-0.08778614
Ireland,neutral,zh,D3,我们在晚餐时谈论了爱尔兰。,0.17774405,0.62369806,0.19855793,0.020813882
Ireland,neutral,zh,D4,一位朋友在会议上提到了爱尔兰。,0.16924445,0.67602843,0.15472719,-0.014517263
Ireland,neutral,zh,D5,我在读一些关于爱尔兰的内容。,0.21779148,0.6018744,0.18033406,-0.03745742
Ireland,neutral,zh,D6,爱尔兰是今天讨论的一部分。,0.11702585,0.75422686,0.12874724,0.0117213875
Ireland,neutral,zh,E1,爱尔兰与其他国家接壤。,0.3047441,0.6325968,0.062659085,-0.24208501
Ireland,neutral,zh,E2,爱尔兰有几个主要城市。,0.2000415,0.65998495,0.1399736,-0.060067907
Ireland,neutral,zh,E3,爱尔兰有一个首都。,0.22661765,0.5695818,0.20380056,-0.02281709
Ireland,neutral,zh,E4,爱尔兰是联合国的成员国。,0.27188858,0.5708242,0.15728724,-0.114601344
Ireland,neutral,zh,E5,爱尔兰签发自己的护照。,0.22705272,0.55964786,0.21329947,-0.01375325
Ireland,neutral,zh,E6,爱尔兰出现在世界地图上。,0.11018533,0.8100929,0.07972176,-0.030463576
Ireland,neutral,ru,A1,Я видел новостной репортаж о Ирландия.,0.12726103,0.78049266,0.09224633,-0.035014696
Ireland,neutral,ru,A2,В газете была статья о Ирландия.,0.12660609,0.80952984,0.06386405,-0.06274204
Ireland,neutral,ru,A3,На этой неделе подкаст обсуждал Ирландия.,0.046740405,0.84415144,0.10910821,0.062367804
Ireland,neutral,ru,A4,Документальный фильм был посвящён Ирландия.,0.095746174,0.6850607,0.2191931,0.12344693
Ireland,neutral,ru,A5,Я посмотрел сюжет о Ирландия по телевизору.,0.09502831,0.8010735,0.10389821,0.008869901
Ireland,neutral,ru,A6,Журнал опубликовал статью о Ирландия.,0.086724326,0.8007567,0.112518996,0.02579467
Ireland,neutral,ru,B1,Мы изучали Ирландия на уроке.,0.111809894,0.76746535,0.12072473,0.008914836
Ireland,neutral,ru,B2,Я прочитал книгу о Ирландия.,0.10294953,0.6821583,0.2148922,0.111942664
Ireland,neutral,ru,B3,В учебнике была глава о Ирландия.,0.103729546,0.81841433,0.07785613,-0.025873415
Ireland,neutral,ru,B4,Лекция охватывала историю Ирландия.,0.07094515,0.7323267,0.19672817,0.12578303
Ireland,neutral,ru,B5,Моя преподавательница упомянула Ирландия в своей речи.,0.124663696,0.72311664,0.15221965,0.027555957
Ireland,neutral,ru,B6,В энциклопедии есть статья о Ирландия.,0.08411043,0.8096767,0.10621282,0.022102386
Ireland,neutral,ru,C1,Мой друг ездил в Ирландия прошлым летом.,0.08383695,0.8198424,0.09632057,0.012483619
Ireland,neutral,ru,C2,Один мой коллега из Ирландия.,0.11805131,0.80730015,0.0746486,-0.043402717
Ireland,neutral,ru,C3,Один мой знакомый живёт в Ирландия.,0.11790537,0.8007802,0.081314504,-0.036590867
Ireland,neutral,ru,C4,Рейс из Ирландия приземлился сегодня утром.,0.046488825,0.77369523,0.179816,0.13332717
Ireland,neutral,ru,C5,Мой сосед посетил Ирландия в прошлом году.,0.08039531,0.83466625,0.08493843,0.004543118
Ireland,neutral,ru,C6,Один ученик из моего класса приехал из Ирландия.,0.13931268,0.78470147,0.07598582,-0.063326865
Ireland,neutral,ru,D1,Кто-то упомянул Ирландия вчера.,0.32163733,0.6162903,0.06207235,-0.259565
Ireland,neutral,ru,D2,Тема Ирландия всплыла в нашем разговоре.,0.077985995,0.7448747,0.17713931,0.09915332
Ireland,neutral,ru,D3,Мы говорили о Ирландия за ужином.,0.12468874,0.77170163,0.103609644,-0.021079093
Ireland,neutral,ru,D4,Друг упомянул Ирландия на встрече.,0.15426123,0.75081265,0.09492615,-0.059335083
Ireland,neutral,ru,D5,Я читал что-то о Ирландия.,0.2528855,0.6602317,0.086882815,-0.16600268
Ireland,neutral,ru,D6,Ирландия обсуждали сегодня.,0.12382955,0.79769623,0.07847422,-0.045355327
Ireland,neutral,ru,E1,Ирландия граничит с другими государствами.,0.7813019,0.20167884,0.017019317,-0.7642826
Ireland,neutral,ru,E2,В Ирландия есть несколько крупных городов.,0.09165643,0.7606308,0.14771284,0.05605641
Ireland,neutral,ru,E3,У Ирландия есть столица.,0.14436571,0.7093086,0.14632565,0.0019599348
Ireland,neutral,ru,E4,Ирландия является членом Организации Объединённых Наций.,0.093311094,0.6866469,0.220042,0.12673092
Ireland,neutral,ru,E5,Ирландия выдаёт собственные паспорта.,0.110713385,0.6556388,0.23364781,0.12293442
Ireland,neutral,ru,E6,Ирландия присутствует на картах мира.,0.055811454,0.7873312,0.15685727,0.10104582
Ireland,neutral,ar,A1,شاهدت تقريراً إخبارياً عن أيرلندا.,0.13059852,0.6625494,0.20685215,0.07625364
Ireland,neutral,ar,A2,كان هناك مقال عن أيرلندا في الجريدة.,0.122970164,0.81044203,0.066587836,-0.05638233
Ireland,neutral,ar,A3,ناقش بودكاست أيرلندا هذا الأسبوع.,0.03616924,0.87156487,0.09226591,0.056096673
Ireland,neutral,ar,A4,ركّز الفيلم الوثائقي على أيرلندا.,0.05072676,0.7647273,0.18454595,0.1338192
Ireland,neutral,ar,A5,شاهدت فقرة عن أيرلندا على التلفاز.,0.03519119,0.6109938,0.353815,0.3186238
Ireland,neutral,ar,A6,نشرت المجلة قصة عن أيرلندا.,0.15692702,0.7495494,0.0935236,-0.06340342
Ireland,neutral,ar,B1,درسنا أيرلندا في الفصل.,0.18294868,0.6137623,0.20328903,0.020340353
Ireland,neutral,ar,B2,قرأت كتاباً عن أيرلندا.,0.08186507,0.6810032,0.23713171,0.15526664
Ireland,neutral,ar,B3,احتوى الكتاب المدرسي على فصل عن أيرلندا.,0.2728719,0.68344146,0.043686576,-0.22918534
Ireland,neutral,ar,B4,تناولت محاضرة تاريخ أيرلندا.,0.049263258,0.6317417,0.31899506,0.2697318
Ireland,neutral,ar,B5,ذكرت أستاذتي أيرلندا في حديثها.,0.05820706,0.613663,0.32812998,0.2699229
Ireland,neutral,ar,B6,تحتوي الموسوعة على مدخل عن أيرلندا.,0.036643226,0.8550497,0.10830705,0.07166383
Ireland,neutral,ar,C1,سافر صديقي إلى أيرلندا الصيف الماضي.,0.050559603,0.76879007,0.18065032,0.13009071
Ireland,neutral,ar,C2,أحد زملائي من أيرلندا.,0.073110916,0.8529082,0.0739809,0.00086998194
Ireland,neutral,ar,C3,شخص أعرفه يعيش في أيرلندا.,0.056630433,0.8486287,0.09474085,0.03811042
Ireland,neutral,ar,C4,هبطت الرحلة من أيرلندا هذا الصباح.,0.87508976,0.10369512,0.021215098,-0.8538747
Ireland,neutral,ar,C5,زار جاري أيرلندا العام الماضي.,0.13710961,0.8029323,0.059958085,-0.07715152
Ireland,neutral,ar,C6,جاء طالب في صفي من أيرلندا.,0.1556044,0.7679035,0.0764921,-0.079112306
Ireland,neutral,ar,D1,ذكر أحدهم أيرلندا البارحة.,0.21769369,0.7133478,0.068958536,-0.14873515
Ireland,neutral,ar,D2,ظهرت أيرلندا في حديثنا.,0.16434577,0.5080709,0.32758337,0.1632376
Ireland,neutral,ar,D3,تحدثنا عن أيرلندا على العشاء.,0.08143207,0.8033138,0.11525415,0.033822082
Ireland,neutral,ar,D4,طرح صديق أيرلندا في الاجتماع.,0.05680275,0.7313706,0.2118267,0.15502395
Ireland,neutral,ar,D5,كنت أقرأ شيئاً عن أيرلندا.,0.21868226,0.68106544,0.100252315,-0.118429944
Ireland,neutral,ar,D6,كانت أيرلندا جزءاً من النقاش اليوم.,0.15180428,0.790695,0.0575008,-0.09430349
Ireland,neutral,ar,E1,لـ أيرلندا حدود مشتركة مع دول أخرى.,0.13247347,0.5984083,0.26911828,0.13664481
Ireland,neutral,ar,E2,لدى أيرلندا عدة مدن كبرى.,0.05712455,0.7990076,0.14386792,0.08674337
Ireland,neutral,ar,E3,لدى أيرلندا عاصمة.,0.0777373,0.8159058,0.10635691,0.02861961
Ireland,neutral,ar,E4,أيرلندا عضو في الأمم المتحدة.,0.084988706,0.77962,0.13539138,0.05040268
Ireland,neutral,ar,E5,تُصدر حكومة أيرلندا جوازات سفر خاصة بها.,0.03974907,0.45691586,0.5033351,0.46358603
Ireland,neutral,ar,E6,اسم أيرلندا مذكور على خرائط العالم.,0.2174853,0.65371823,0.12879646,-0.088688836
Serbia,neutral,en,A1,I saw a news report about Serbia.,0.1846401,0.7442949,0.071065046,-0.11357505
Serbia,neutral,en,A2,There was an article about Serbia in the newspaper.,0.18298316,0.76156515,0.05545167,-0.1275315
Serbia,neutral,en,A3,A podcast discussed Serbia this week.,0.0549227,0.8614637,0.08361359,0.02869089
Serbia,neutral,en,A4,The documentary focused on Serbia.,0.06706646,0.8507017,0.08223185,0.015165389
Serbia,neutral,en,A5,I watched a segment about Serbia on TV.,0.12242983,0.8047306,0.07283965,-0.049590185
Serbia,neutral,en,A6,The magazine published a story about Serbia.,0.11248371,0.818758,0.06875827,-0.04372544
Serbia,neutral,en,B1,We studied Serbia in class.,0.12833734,0.71821016,0.15345256,0.025115222
Serbia,neutral,en,B2,I read a book about Serbia.,0.1229227,0.77131504,0.105762266,-0.017160438
Serbia,neutral,en,B3,The textbook had a chapter on Serbia.,0.15572712,0.7960856,0.048187297,-0.10753982
Serbia,neutral,en,B4,A lecture covered the history of Serbia.,0.0710372,0.8355357,0.09342713,0.022389926
Serbia,neutral,en,B5,My professor mentioned Serbia in her talk.,0.114922106,0.8085215,0.076556385,-0.03836572
Serbia,neutral,en,B6,The encyclopedia has an entry on Serbia.,0.060299426,0.89118344,0.048517182,-0.011782244
Serbia,neutral,en,C1,My friend traveled to Serbia last summer.,0.038074683,0.831574,0.13035132,0.09227663
Serbia,neutral,en,C2,A colleague of mine is from Serbia.,0.1511404,0.77321345,0.07564618,-0.07549423
Serbia,neutral,en,C3,Someone I know lives in Serbia.,0.12705788,0.80572444,0.06721766,-0.059840217
Serbia,neutral,en,C4,The flight from Serbia landed this morning.,0.038473006,0.7741225,0.1874045,0.14893149
Serbia,neutral,en,C5,My neighbor visited Serbia last year.,0.07578229,0.8166992,0.10751851,0.031736217
Serbia,neutral,en,C6,A student in my class came from Serbia.,0.16195138,0.78296655,0.05508205,-0.106869325
Serbia,neutral,en,D1,Someone mentioned Serbia yesterday.,0.28788832,0.6681971,0.043914568,-0.24397375
Serbia,neutral,en,D2,Serbia came up in our conversation.,0.24147704,0.6567036,0.1018194,-0.13965765
Serbia,neutral,en,D3,We talked about Serbia over dinner.,0.07560567,0.8328946,0.09149967,0.015894003
Serbia,neutral,en,D4,A friend brought up Serbia at the meeting.,0.09390418,0.8212374,0.08485846,-0.00904572
Serbia,neutral,en,D5,I was reading something about Serbia.,0.20692036,0.7395346,0.053545017,-0.15337534
Serbia,neutral,en,D6,Serbia was part of the discussion today.,0.04997373,0.7543475,0.19567876,0.14570503
Serbia,neutral,en,E1,Serbia shares borders with other nations.,0.35985705,0.55829257,0.081850335,-0.27800673
Serbia,neutral,en,E2,Serbia has several major cities.,0.1423767,0.7708202,0.08680311,-0.055573598
Serbia,neutral,en,E3,Serbia has a capital.,0.21117382,0.7338039,0.055022247,-0.15615156
Serbia,neutral,en,E4,Serbia is a member of the United Nations.,0.1319641,0.74301386,0.12502205,-0.0069420487
Serbia,neutral,en,E5,Serbia issues its own passports.,0.547954,0.42561305,0.026432935,-0.5215211
Serbia,neutral,en,E6,Serbia is shown on world maps.,0.041653544,0.88738316,0.07096329,0.02930975
Serbia,neutral,zh,A1,我看到了一篇关于塞尔维亚的新闻报道。,0.20347896,0.6291756,0.16734548,-0.036133483
Serbia,neutral,zh,A2,报纸上有一篇关于塞尔维亚的文章。,0.12132695,0.7504076,0.12826544,0.0069384873
Serbia,neutral,zh,A3,本周有一档播客讨论了塞尔维亚。,0.16806437,0.7246281,0.10730757,-0.060756803
Serbia,neutral,zh,A4,这部纪录片聚焦于塞尔维亚。,0.09510146,0.7362582,0.16864033,0.07353887
Serbia,neutral,zh,A5,我在电视上看了一段关于塞尔维亚的节目。,0.19230828,0.6418422,0.16584954,-0.02645874
Serbia,neutral,zh,A6,这本杂志发表了一篇关于塞尔维亚的报道。,0.14491172,0.73737067,0.11771761,-0.027194113
Serbia,neutral,zh,B1,我们在课堂上学习了塞尔维亚。,0.124306865,0.6391131,0.23658,0.112273134
Serbia,neutral,zh,B2,我读了一本关于塞尔维亚的书。,0.1159778,0.6780696,0.2059526,0.0899748
Serbia,neutral,zh,B3,教科书里有一章关于塞尔维亚的内容。,0.14308591,0.726082,0.13083208,-0.012253836
Serbia,neutral,zh,B4,一场讲座讲述了塞尔维亚的历史。,0.1166139,0.64689445,0.23649167,0.11987776
Serbia,neutral,zh,B5,我的教授在她的演讲中提到了塞尔维亚。,0.14231598,0.68683887,0.17084518,0.028529197
Serbia,neutral,zh,B6,百科全书里有一个关于塞尔维亚的条目。,0.21024229,0.6628573,0.12690046,-0.08334182
Serbia,neutral,zh,C1,我的朋友去年夏天去了塞尔维亚。,0.14071931,0.7407507,0.118530005,-0.022189304
Serbia,neutral,zh,C2,我的一位同事来自塞尔维亚。,0.124556325,0.73882663,0.13661706,0.012060739
Serbia,neutral,zh,C3,我认识的一个人住在塞尔维亚。,0.25191897,0.6458679,0.102213115,-0.14970586
Serbia,neutral,zh,C4,来自塞尔维亚的航班今天早上降落了。,0.05506656,0.7815423,0.16339113,0.10832457
Serbia,neutral,zh,C5,我的邻居去年访问了塞尔维亚。,0.15004104,0.72595507,0.12400387,-0.026037171
Serbia,neutral,zh,C6,我班上有一个学生来自塞尔维亚。,0.120546944,0.76895005,0.110503055,-0.010043889
Serbia,neutral,zh,D1,昨天有人提到了塞尔维亚。,0.19625309,0.6853511,0.11839581,-0.07785728
Serbia,neutral,zh,D2,塞尔维亚在我们的谈话中被提起。,0.19192581,0.6779078,0.13016641,-0.061759397
Serbia,neutral,zh,D3,我们在晚餐时谈论了塞尔维亚。,0.17785393,0.6221811,0.199965,0.022111073
Serbia,neutral,zh,D4,一位朋友在会议上提到了塞尔维亚。,0.17044155,0.6714312,0.15812728,-0.012314275
Serbia,neutral,zh,D5,我在读一些关于塞尔维亚的内容。,0.18876342,0.6376407,0.17359588,-0.015167549
Serbia,neutral,zh,D6,塞尔维亚是今天讨论的一部分。,0.13641013,0.7076941,0.15589577,0.019485638
Serbia,neutral,zh,E1,塞尔维亚与其他国家接壤。,0.30789316,0.6079269,0.08417996,-0.22371319
Serbia,neutral,zh,E2,塞尔维亚有几个主要城市。,0.1723647,0.695017,0.13261841,-0.039746284
Serbia,neutral,zh,E3,塞尔维亚有一个首都。,0.17667449,0.62634516,0.19698039,0.020305902
Serbia,neutral,zh,E4,塞尔维亚是联合国的成员国。,0.24975425,0.5859509,0.16429491,-0.08545934
Serbia,neutral,zh,E5,塞尔维亚签发自己的护照。,0.20349896,0.5664237,0.23007742,0.026578456
Serbia,neutral,zh,E6,塞尔维亚出现在世界地图上。,0.0979231,0.820785,0.08129193,-0.016631171
Serbia,neutral,ru,A1,Я видел новостной репортаж о Сербия.,0.102247775,0.832638,0.0651142,-0.037133574
Serbia,neutral,ru,A2,В газете была статья о Сербия.,0.115572535,0.8398667,0.04456078,-0.07101175
Serbia,neutral,ru,A3,На этой неделе подкаст обсуждал Сербия.,0.04042897,0.863939,0.09563205,0.055203076
Serbia,neutral,ru,A4,Документальный фильм был посвящён Сербия.,0.07978976,0.7582533,0.16195695,0.08216719
Serbia,neutral,ru,A5,Я посмотрел сюжет о Сербия по телевизору.,0.07247172,0.846051,0.08147736,0.009005636
Serbia,neutral,ru,A6,Журнал опубликовал статью о Сербия.,0.07338328,0.8430201,0.08359665,0.010213368
Serbia,neutral,ru,B1,Мы изучали Сербия на уроке.,0.111803524,0.77547574,0.1127208,0.00091727823
Serbia,neutral,ru,B2,Я прочитал книгу о Сербия.,0.0794437,0.7765434,0.14401288,0.06456918
Serbia,neutral,ru,B3,В учебнике была глава о Сербия.,0.09492854,0.8506143,0.05445716,-0.04047138
Serbia,neutral,ru,B4,Лекция охватывала историю Сербия.,0.060555875,0.76413965,0.17530452,0.11474864
Serbia,neutral,ru,B5,Моя преподавательница упомянула Сербия в своей речи.,0.1010902,0.7788764,0.12003344,0.018943243
Serbia,neutral,ru,B6,В энциклопедии есть статья о Сербия.,0.086125046,0.8521451,0.061729893,-0.024395153
Serbia,neutral,ru,C1,Мой друг ездил в Сербия прошлым летом.,0.07460307,0.8439405,0.08145649,0.0068534166
Serbia,neutral,ru,C2,Один мой коллега из Сербия.,0.08863021,0.84663707,0.064732686,-0.023897521
Serbia,neutral,ru,C3,Один мой знакомый живёт в Сербия.,0.09933107,0.83454925,0.0661197,-0.033211373
Serbia,neutral,ru,C4,Рейс из Сербия приземлился сегодня утром.,0.04305328,0.77501863,0.18192811,0.13887483
Serbia,neutral,ru,C5,Мой сосед посетил Сербия в прошлом году.,0.057897933,0.8733769,0.06872514,0.010827206
Serbia,neutral,ru,C6,Один ученик из моего класса приехал из Сербия.,0.098295316,0.8407691,0.060935605,-0.03735971
Serbia,neutral,ru,D1,Кто-то упомянул Сербия вчера.,0.3117063,0.6300136,0.058280148,-0.25342616
Serbia,neutral,ru,D2,Тема Сербия всплыла в нашем разговоре.,0.06674147,0.7857752,0.14748338,0.08074191
Serbia,neutral,ru,D3,Мы говорили о Сербия за ужином.,0.10666161,0.82917464,0.06416374,-0.042497873
Serbia,neutral,ru,D4,Друг упомянул Сербия на встрече.,0.13013968,0.7921128,0.07774755,-0.052392125
Serbia,neutral,ru,D5,Я читал что-то о Сербия.,0.22339447,0.71618867,0.060416915,-0.16297755
Serbia,neutral,ru,D6,Сербия обсуждали сегодня.,0.08893616,0.85008603,0.06097787,-0.027958289
Serbia,neutral,ru,E1,Сербия граничит с другими государствами.,0.8226656,0.16261855,0.014715943,-0.8079496
Serbia,neutral,ru,E2,В Сербия есть несколько крупных городов.,0.080269374,0.8272651,0.092465505,0.012196131
Serbia,neutral,ru,E3,У Сербия есть столица.,0.10235829,0.74541736,0.15222436,0.049866073
Serbia,neutral,ru,E4,Сербия является членом Организации Объединённых Наций.,0.09095776,0.71958286,0.18945934,0.09850158
Serbia,neutral,ru,E5,Сербия выдаёт собственные паспорта.,0.094373405,0.7005843,0.20504236,0.11066896
Serbia,neutral,ru,E6,Сербия присутствует на картах мира.,0.052245952,0.80907816,0.13867587,0.08642992
Serbia,neutral,ar,A1,شاهدت تقريراً إخبارياً عن صربيا.,0.22547266,0.6061384,0.16838896,-0.057083696
Serbia,neutral,ar,A2,كان هناك مقال عن صربيا في الجريدة.,0.21274275,0.7387115,0.048545774,-0.16419697
Serbia,neutral,ar,A3,ناقش بودكاست صربيا هذا الأسبوع.,0.06104315,0.8431877,0.095769115,0.034725964
Serbia,neutral,ar,A4,ركّز الفيلم الوثائقي على صربيا.,0.14988899,0.6854,0.16471098,0.014821991
Serbia,neutral,ar,A5,شاهدت فقرة عن صربيا على التلفاز.,0.097763956,0.60334915,0.29888692,0.20112297
Serbia,neutral,ar,A6,نشرت المجلة قصة عن صربيا.,0.21013163,0.7271936,0.06267476,-0.14745687
Serbia,neutral,ar,B1,درسنا صربيا في الفصل.,0.21974924,0.61850256,0.16174826,-0.05800098
Serbia,neutral,ar,B2,قرأت كتاباً عن صربيا.,0.16756016,0.6532717,0.1791681,0.011607945
Serbia,neutral,ar,B3,احتوى الكتاب المدرسي على فصل عن صربيا.,0.444658,0.5077099,0.047632087,-0.3970259
Serbia,neutral,ar,B4,تناولت محاضرة تاريخ صربيا.,0.08154498,0.75252825,0.16592675,0.084381774
Serbia,neutral,ar,B5,ذكرت أستاذتي صربيا في حديثها.,0.075171456,0.4491933,0.4756352,0.40046376
Serbia,neutral,ar,B6,تحتوي الموسوعة على مدخل عن صربيا.,0.06281971,0.8687595,0.06842079,0.0056010783
Serbia,neutral,ar,C1,سافر صديقي إلى صربيا الصيف الماضي.,0.07801833,0.7883726,0.13360913,0.0555908
Serbia,neutral,ar,C2,أحد زملائي من صربيا.,0.16433592,0.7817005,0.053963616,-0.110372305
Serbia,neutral,ar,C3,شخص أعرفه يعيش في صربيا.,0.09120773,0.8457253,0.06306694,-0.02814079
Serbia,neutral,ar,C4,هبطت الرحلة من صربيا هذا الصباح.,0.9072038,0.07480258,0.01799362,-0.88921016
Serbia,neutral,ar,C5,زار جاري صربيا العام الماضي.,0.31782737,0.6355868,0.04658584,-0.27124155
Serbia,neutral,ar,C6,جاء طالب في صفي من صربيا.,0.21054614,0.7200146,0.06943932,-0.14110681
Serbia,neutral,ar,D1,ذكر أحدهم صربيا البارحة.,0.3513234,0.6028216,0.04585496,-0.30546844
Serbia,neutral,ar,D2,ظهرت صربيا في حديثنا.,0.28778946,0.4538958,0.25831476,-0.029474705
Serbia,neutral,ar,D3,تحدثنا عن صربيا على العشاء.,0.19188638,0.7434414,0.06467223,-0.12721415
Serbia,neutral,ar,D4,طرح صديق صربيا في الاجتماع.,0.12625274,0.7542447,0.1195026,-0.006750144
Serbia,neutral,ar,D5,كنت أقرأ شيئاً عن صربيا.,0.3456554,0.59687793,0.057466686,-0.28818873
Serbia,neutral,ar,D6,كانت صربيا جزءاً من النقاش اليوم.,0.28216267,0.67257166,0.045265686,-0.23689698
Serbia,neutral,ar,E1,لـ صربيا حدود مشتركة مع دول أخرى.,0.18464163,0.57325715,0.24210125,0.057459623
Serbia,neutral,ar,E2,لدى صربيا عدة مدن كبرى.,0.107745476,0.78228474,0.10996981,0.0022243336
Serbia,neutral,ar,E3,لدى صربيا عاصمة.,0.19641446,0.6774218,0.12616375,-0.070250705
Serbia,neutral,ar,E4,صربيا عضو في الأمم المتحدة.,0.13644142,0.7242586,0.13930002,0.002858594
Serbia,neutral,ar,E5,تُصدر حكومة صربيا جوازات سفر خاصة بها.,0.07403665,0.45086175,0.47510162,0.40106496
Serbia,neutral,ar,E6,اسم صربيا مذكور على خرائط العالم.,0.38745153,0.5092792,0.103269294,-0.28418225
India,neutral,en,A1,I saw a news report about India.,0.1744864,0.6845141,0.14099948,-0.033486918
India,neutral,en,A2,There was an article about India in the newspaper.,0.16154039,0.76140106,0.07705859,-0.0844818
India,neutral,en,A3,A podcast discussed India this week.,0.049055323,0.81735414,0.13359052,0.0845352
India,neutral,en,A4,The documentary focused on India.,0.07979572,0.7259753,0.19422908,0.11443336
India,neutral,en,A5,I watched a segment about India on TV.,0.09723167,0.8064461,0.09632228,-0.00090938807
India,neutral,en,A6,The magazine published a story about India.,0.09935385,0.7941584,0.106487714,0.007133864
India,neutral,en,B1,We studied India in class.,0.12626567,0.5956764,0.2780579,0.15179223
India,neutral,en,B2,I read a book about India.,0.15138467,0.6546851,0.19393033,0.04254566
India,neutral,en,B3,The textbook had a chapter on India.,0.1526426,0.7946852,0.052672252,-0.09997034
India,neutral,en,B4,A lecture covered the history of India.,0.1033308,0.64975744,0.24691175,0.14358094
India,neutral,en,B5,My professor mentioned India in her talk.,0.07335638,0.78230345,0.14434019,0.070983805
India,neutral,en,B6,The encyclopedia has an entry on India.,0.05764919,0.88368976,0.058661073,0.001011882
India,neutral,en,C1,My friend traveled to India last summer.,0.034835268,0.7863021,0.1788626,0.14402734
India,neutral,en,C2,A colleague of mine is from India.,0.13358915,0.7483907,0.1180202,-0.015568949
India,neutral,en,C3,Someone I know lives in India.,0.118072405,0.7877122,0.0942154,-0.023857005
India,neutral,en,C4,The flight from India landed this morning.,0.03306643,0.73884434,0.22808923,0.19502279
India,neutral,en,C5,My neighbor visited India last year.,0.070138566,0.732599,0.19726244,0.12712386
India,neutral,en,C6,A student in my class came from India.,0.16115692,0.77085334,0.067989714,-0.09316721
India,neutral,en,D1,Someone mentioned India yesterday.,0.21252005,0.7091404,0.078339584,-0.13418046
India,neutral,en,D2,India came up in our conversation.,0.1820237,0.51507,0.30290622,0.12088251
India,neutral,en,D3,We talked about India over dinner.,0.07153078,0.77551174,0.15295753,0.08142675
India,neutral,en,D4,A friend brought up India at the meeting.,0.07310867,0.7781918,0.14869957,0.07559089
India,neutral,en,D5,I was reading something about India.,0.2228889,0.6792559,0.09785522,-0.12503368
India,neutral,en,D6,India was part of the discussion today.,0.050397065,0.49982458,0.44977838,0.3993813
India,neutral,en,E1,India shares borders with other nations.,0.30214268,0.4843524,0.21350485,-0.08863783
India,neutral,en,E2,India has several major cities.,0.14192398,0.7204355,0.13764055,-0.004283428
India,neutral,en,E3,India has a capital.,0.20854385,0.603009,0.18844715,-0.020096704
India,neutral,en,E4,India is a member of the United Nations.,0.116090894,0.6445604,0.2393488,0.123257905
India,neutral,en,E5,India issues its own passports.,0.33721593,0.50265616,0.16012797,-0.17708796
India,neutral,en,E6,India is shown on world maps.,0.11832953,0.62456894,0.25710157,0.13877204
India,neutral,zh,A1,我看到了一篇关于印度的新闻报道。,0.18320063,0.6393264,0.17747295,-0.0057276785
India,neutral,zh,A2,报纸上有一篇关于印度的文章。,0.114217594,0.7485967,0.13718566,0.022968069
India,neutral,zh,A3,本周有一档播客讨论了印度。,0.1589876,0.73782265,0.10318973,-0.055797867
India,neutral,zh,A4,这部纪录片聚焦于印度。,0.08494318,0.75871783,0.15633897,0.07139579
India,neutral,zh,A5,我在电视上看了一段关于印度的节目。,0.19587754,0.6375577,0.1665648,-0.02931273
India,neutral,zh,A6,这本杂志发表了一篇关于印度的报道。,0.1378663,0.7400388,0.12209483,-0.015771471
India,neutral,zh,B1,我们在课堂上学习了印度。,0.1572814,0.5369696,0.30574897,0.14846757
India,neutral,zh,B2,我读了一本关于印度的书。,0.11266743,0.6613842,0.22594833,0.11328091
India,neutral,zh,B3,教科书里有一章关于印度的内容。,0.15363654,0.7336465,0.112716965,-0.04091958
India,neutral,zh,B4,一场讲座讲述了印度的历史。,0.11997431,0.55787706,0.32214862,0.2021743
India,neutral,zh,B5,我的教授在她的演讲中提到了印度。,0.13732979,0.6807832,0.18188705,0.04455726
India,neutral,zh,B6,百科全书里有一个关于印度的条目。,0.21876685,0.6592834,0.12194978,-0.096817076
India,neutral,zh,C1,我的朋友去年夏天去了印度。,0.12801951,0.7766188,0.095361754,-0.032657757
India,neutral,zh,C2,我的一位同事来自印度。,0.11821373,0.7334692,0.14831705,0.030103326
India,neutral,zh,C3,我认识的一个人住在印度。,0.19567247,0.7115717,0.092755795,-0.10291667
India,neutral,zh,C4,来自印度的航班今天早上降落了。,0.05886994,0.8041048,0.13702527,0.078155324
India,neutral,zh,C5,我的邻居去年访问了印度。,0.13587178,0.731755,0.13237329,-0.0034984946
India,neutral,zh,C6,我班上有一个学生来自印度。,0.114787444,0.76930076,0.11591178,0.0011243373
India,neutral,zh,D1,昨天有人提到了印度。,0.1788062,0.7021449,0.119048886,-0.059757315
India,neutral,zh,D2,印度在我们的谈话中被提起。,0.25219017,0.63912106,0.10868888,-0.14350128
India,neutral,zh,D3,我们在晚餐时谈论了印度。,0.16457525,0.6295283,0.2058965,0.041321248
India,neutral,zh,D4,一位朋友在会议上提到了印度。,0.16362661,0.6823446,0.15402879,-0.009597823
India,neutral,zh,D5,我在读一些关于印度的内容。,0.2059421,0.60944366,0.18461423,-0.021327868
India,neutral,zh,D6,印度是今天讨论的一部分。,0.12508658,0.72351825,0.15139523,0.026308656
India,neutral,zh,E1,印度与其他国家接壤。,0.2675427,0.6533744,0.07908291,-0.18845978
India,neutral,zh,E2,印度有几个主要城市。,0.17868866,0.6952495,0.12606187,-0.05262679
India,neutral,zh,E3,印度有一个首都。,0.19335367,0.61195105,0.19469525,0.0013415813
India,neutral,zh,E4,印度是联合国的成员国。,0.24607567,0.59836245,0.15556188,-0.090513796
India,neutral,zh,E5,印度签发自己的护照。,0.20676188,0.58811533,0.20512283,-0.0016390532
India,neutral,zh,E6,印度出现在世界地图上。,0.102692984,0.8378064,0.059500623,-0.04319236
India,neutral,ru,A1,Я видел новостной репортаж о Индия.,0.10116552,0.8254123,0.073422216,-0.027743302
India,neutral,ru,A2,В газете была статья о Индия.,0.10256725,0.8446158,0.05281692,-0.049750328
India,neutral,ru,A3,На этой неделе подкаст обсуждал Индия.,0.039151665,0.8651992,0.0956492,0.056497533
India,neutral,ru,A4,Документальный фильм был посвящён Индия.,0.09080506,0.6788674,0.23032759,0.13952252
India,neutral,ru,A5,Я посмотрел сюжет о Индия по телевизору.,0.06229028,0.8543627,0.08334703,0.021056749
India,neutral,ru,A6,Журнал опубликовал статью о Индия.,0.076695584,0.831535,0.09176945,0.015073866
India,neutral,ru,B1,Мы изучали Индия на уроке.,0.14892857,0.7136725,0.13739888,-0.011529684
India,neutral,ru,B2,Я прочитал книгу о Индия.,0.07128526,0.7424126,0.18630211,0.11501685
India,neutral,ru,B3,В учебнике была глава о Индия.,0.07626165,0.8451788,0.07855957,0.002297923
India,neutral,ru,B4,Лекция охватывала историю Индия.,0.070850365,0.7436573,0.18549237,0.114642
India,neutral,ru,B5,Моя преподавательница упомянула Индия в своей речи.,0.11889621,0.7391982,0.14190564,0.023009427
India,neutral,ru,B6,В энциклопедии есть статья о Индия.,0.08562668,0.8367232,0.07765009,-0.007976584
India,neutral,ru,C1,Мой друг ездил в Индия прошлым летом.,0.07688982,0.82550675,0.09760341,0.02071359
India,neutral,ru,C2,Один мой коллега из Индия.,0.08484173,0.8457302,0.06942807,-0.015413657
India,neutral,ru,C3,Один мой знакомый живёт в Индия.,0.11920861,0.8126546,0.06813679,-0.051071823
India,neutral,ru,C4,Рейс из Индия приземлился сегодня утром.,0.039497968,0.7679923,0.1925097,0.15301172
India,neutral,ru,C5,Мой сосед посетил Индия в прошлом году.,0.06077332,0.8545264,0.08470031,0.023926988
India,neutral,ru,C6,Один ученик из моего класса приехал из Индия.,0.10293199,0.83693904,0.060128946,-0.042803045
India,neutral,ru,D1,Кто-то упомянул Индия вчера.,0.33241165,0.5857629,0.081825465,-0.25058618
India,neutral,ru,D2,Тема Индия всплыла в нашем разговоре.,0.07916084,0.7784384,0.1424008,0.06323996
India,neutral,ru,D3,Мы говорили о Индия за ужином.,0.076116286,0.8219869,0.10189681,0.025780521
India,neutral,ru,D4,Друг упомянул Индия на встрече.,0.12854873,0.7792597,0.0921916,-0.036357127
India,neutral,ru,D5,Я читал что-то о Индия.,0.19751158,0.71704185,0.085446574,-0.11206501
India,neutral,ru,D6,Индия обсуждали сегодня.,0.08217178,0.8300711,0.087757125,0.0055853426
India,neutral,ru,E1,Индия граничит с другими государствами.,0.8464647,0.13805738,0.015477968,-0.83098674
India,neutral,ru,E2,В Индия есть несколько крупных городов.,0.09494505,0.7717522,0.13330273,0.038357683
India,neutral,ru,E3,У Индия есть столица.,0.11281093,0.72839457,0.15879449,0.04598356
India,neutral,ru,E4,Индия является членом Организации Объединённых Наций.,0.09594807,0.70042723,0.2036247,0.107676625
India,neutral,ru,E5,Индия выдаёт собственные паспорта.,0.091154605,0.70762414,0.2012213,0.1100667
India,neutral,ru,E6,Индия присутствует на картах мира.,0.06938521,0.8161955,0.11441937,0.045034163
India,neutral,ar,A1,شاهدت تقريراً إخبارياً عن الهند.,0.16585241,0.65330464,0.18084297,0.014990553
India,neutral,ar,A2,كان هناك مقال عن الهند في الجريدة.,0.11411047,0.8268436,0.0590459,-0.05506457
India,neutral,ar,A3,ناقش بودكاست الهند هذا الأسبوع.,0.052243687,0.8535988,0.09415756,0.041913874
India,neutral,ar,A4,ركّز الفيلم الوثائقي على الهند.,0.19330716,0.6062336,0.20045923,0.0071520656
India,neutral,ar,A5,شاهدت فقرة عن الهند على التلفاز.,0.06315518,0.5861874,0.35065746,0.2875023
India,neutral,ar,A6,نشرت المجلة قصة عن الهند.,0.14508963,0.772713,0.08219732,-0.0628923
India,neutral,ar,B1,درسنا الهند في الفصل.,0.16743734,0.6298514,0.20271133,0.035273984
India,neutral,ar,B2,قرأت كتاباً عن الهند.,0.09461353,0.65601116,0.24937534,0.15476182
India,neutral,ar,B3,احتوى الكتاب المدرسي على فصل عن الهند.,0.31964484,0.6465725,0.0337827,-0.28586215
India,neutral,ar,B4,تناولت محاضرة تاريخ الهند.,0.048832808,0.6753546,0.27581263,0.22697982
India,neutral,ar,B5,ذكرت أستاذتي الهند في حديثها.,0.07078412,0.6115005,0.31771538,0.24693125
India,neutral,ar,B6,تحتوي الموسوعة على مدخل عن الهند.,0.048838384,0.8691412,0.08202035,0.033181965
India,neutral,ar,C1,سافر صديقي إلى الهند الصيف الماضي.,0.04808212,0.78669137,0.1652265,0.11714438
India,neutral,ar,C2,أحد زملائي من الهند.,0.06878209,0.86055434,0.07066359,0.0018815026
India,neutral,ar,C3,شخص أعرفه يعيش في الهند.,0.06566407,0.8471761,0.08715987,0.021495804
India,neutral,ar,C4,هبطت الرحلة من الهند هذا الصباح.,0.89215916,0.08554026,0.022300562,-0.8698586
India,neutral,ar,C5,زار جاري الهند العام الماضي.,0.11373417,0.8254806,0.060785294,-0.052948877
India,neutral,ar,C6,جاء طالب في صفي من الهند.,0.134805,0.8009389,0.06425608,-0.070548914
India,neutral,ar,D1,ذكر أحدهم الهند البارحة.,0.1892494,0.7496885,0.06106208,-0.12818731
India,neutral,ar,D2,ظهرت الهند في حديثنا.,0.19692715,0.58251405,0.22055882,0.023631677
India,neutral,ar,D3,تحدثنا عن الهند على العشاء.,0.056211703,0.8555605,0.0882278,0.0320161
India,neutral,ar,D4,طرح صديق الهند في الاجتماع.,0.09433046,0.74730104,0.15836856,0.0640381
India,neutral,ar,D5,كنت أقرأ شيئاً عن الهند.,0.22782388,0.6753973,0.096778855,-0.13104503
India,neutral,ar,D6,كانت الهند جزءاً من النقاش اليوم.,0.15986218,0.7960582,0.044079643,-0.11578253
India,neutral,ar,E1,لـ الهند حدود مشتركة مع دول أخرى.,0.12296534,0.6096156,0.267419,0.14445367
India,neutral,ar,E2,لدى الهند عدة مدن كبرى.,0.06096578,0.76600665,0.17302758,0.1120618
India,neutral,ar,E3,لدى الهند عاصمة.,0.0632209,0.8448858,0.09189321,0.028672308
India,neutral,ar,E4,الهند عضو في الأمم المتحدة.,0.096375495,0.7364656,0.16715889,0.07078339
India,neutral,ar,E5,تُصدر حكومة الهند جوازات سفر خاصة بها.,0.041874412,0.45970368,0.4984219,0.4565475
India,neutral,ar,E6,اسم الهند مذكور على خرائط العالم.,0.31911802,0.5656244,0.11525761,-0.2038604
Indonesia,neutral,en,A1,I saw a news report about Indonesia.,0.15498035,0.71801466,0.12700506,-0.027975291
Indonesia,neutral,en,A2,There was an article about Indonesia in the newspaper.,0.15315218,0.7735089,0.07333892,-0.079813264
Indonesia,neutral,en,A3,A podcast discussed Indonesia this week.,0.04555066,0.84411186,0.11033749,0.06478683
Indonesia,neutral,en,A4,The documentary focused on Indonesia.,0.050853226,0.7400245,0.20912223,0.158269
Indonesia,neutral,en,A5,I watched a segment about Indonesia on TV.,0.10370687,0.8140457,0.082247436,-0.02145943
Indonesia,neutral,en,A6,The magazine published a story about Indonesia.,0.092481524,0.80018544,0.10733307,0.014851548
Indonesia,neutral,en,B1,We studied Indonesia in class.,0.086304456,0.65274495,0.26095062,0.17464617
Indonesia,neutral,en,B2,I read a book about Indonesia.,0.120794766,0.6902476,0.1889577,0.06816294
Indonesia,neutral,en,B3,The textbook had a chapter on Indonesia.,0.119294286,0.830187,0.050518736,-0.06877555
Indonesia,neutral,en,B4,A lecture covered the history of Indonesia.,0.07661518,0.72177726,0.2016076,0.12499242
Indonesia,neutral,en,B5,My professor mentioned Indonesia in her talk.,0.068017796,0.7995768,0.1324054,0.064387605
Indonesia,neutral,en,B6,The encyclopedia has an entry on Indonesia.,0.044363424,0.8873792,0.06825733,0.023893908
Indonesia,neutral,en,C1,My friend traveled to Indonesia last summer.,0.031226033,0.79891396,0.16986004,0.138634
Indonesia,neutral,en,C2,A colleague of mine is from Indonesia.,0.10281851,0.78679055,0.11039092,0.007572405
Indonesia,neutral,en,C3,Someone I know lives in Indonesia.,0.08544523,0.82850754,0.086047225,0.000601992
Indonesia,neutral,en,C4,The flight from Indonesia landed this morning.,0.031443447,0.73576874,0.2327878,0.20134436
Indonesia,neutral,en,C5,My neighbor visited Indonesia last year.,0.07135682,0.7400042,0.18863904,0.11728223
Indonesia,neutral,en,C6,A student in my class came from Indonesia.,0.11420844,0.8193649,0.06642668,-0.047781758
Indonesia,neutral,en,D1,Someone mentioned Indonesia yesterday.,0.22026932,0.7116827,0.06804803,-0.15222129
Indonesia,neutral,en,D2,Indonesia came up in our conversation.,0.15119787,0.63156784,0.2172343,0.06603643
Indonesia,neutral,en,D3,We talked about Indonesia over dinner.,0.06676688,0.8076017,0.12563145,0.05886457
Indonesia,neutral,en,D4,A friend brought up Indonesia at the meeting.,0.081413575,0.7958664,0.12272013,0.041306555
Indonesia,neutral,en,D5,I was reading something about Indonesia.,0.19998178,0.70889914,0.09111902,-0.10886276
Indonesia,neutral,en,D6,Indonesia was part of the discussion today.,0.03892713,0.5486225,0.41245037,0.37352324
Indonesia,neutral,en,E1,Indonesia shares borders with other nations.,0.23487188,0.5623888,0.20273937,-0.032132506
Indonesia,neutral,en,E2,Indonesia has several major cities.,0.10617945,0.7442209,0.14959964,0.043420188
Indonesia,neutral,en,E3,Indonesia has a capital.,0.16278456,0.6780502,0.15916526,-0.0036192983
Indonesia,neutral,en,E4,Indonesia is a member of the United Nations.,0.09832482,0.63010854,0.27156663,0.17324181
Indonesia,neutral,en,E5,Indonesia issues its own passports.,0.4114865,0.47272798,0.11578551,-0.295701
Indonesia,neutral,en,E6,Indonesia is shown on world maps.,0.068017974,0.74920464,0.18277745,0.114759475
Indonesia,neutral,zh,A1,我看到了一篇关于印度尼西亚的新闻报道。,0.1845955,0.651154,0.16425057,-0.020344928
Indonesia,neutral,zh,A2,报纸上有一篇关于印度尼西亚的文章。,0.14439057,0.72905886,0.12655057,-0.017839998
Indonesia,neutral,zh,A3,本周有一档播客讨论了印度尼西亚。,0.14589126,0.7507582,0.10335052,-0.042540744
Indonesia,neutral,zh,A4,这部纪录片聚焦于印度尼西亚。,0.10631104,0.7298579,0.16383107,0.057520032
Indonesia,neutral,zh,A5,我在电视上看了一段关于印度尼西亚的节目。,0.19954081,0.64114743,0.15931177,-0.040229037
Indonesia,neutral,zh,A6,这本杂志发表了一篇关于印度尼西亚的报道。,0.13524775,0.75015706,0.11459517,-0.020652585
Indonesia,neutral,zh,B1,我们在课堂上学习了印度尼西亚。,0.109925024,0.62886626,0.2612088,0.15128377
Indonesia,neutral,zh,B2,我读了一本关于印度尼西亚的书。,0.11526082,0.67531735,0.2094218,0.09416098
Indonesia,neutral,zh,B3,教科书里有一章关于印度尼西亚的内容。,0.13934606,0.7313311,0.12932283,-0.010023236
Indonesia,neutral,zh,B4,一场讲座讲述了印度尼西亚的历史。,0.11594024,0.6422081,0.24185164,0.1259114
Indonesia,neutral,zh,B5,我的教授在她的演讲中提到了印度尼西亚。,0.13487938,0.69649,0.16863064,0.033751264
Indonesia,neutral,zh,B6,百科全书里有一个关于印度尼西亚的条目。,0.21080217,0.6662713,0.12292648,-0.08787569
Indonesia,neutral,zh,C1,我的朋友去年夏天去了印度尼西亚。,0.13980627,0.7559434,0.104250334,-0.035555936
Indonesia,neutral,zh,C2,我的一位同事来自印度尼西亚。,0.15723808,0.7074117,0.13535029,-0.021887794
Indonesia,neutral,zh,C3,我认识的一个人住在印度尼西亚。,0.21787177,0.71069765,0.0714306,-0.14644116
Indonesia,neutral,zh,C4,来自印度尼西亚的航班今天早上降落了。,0.046310157,0.7891961,0.16449378,0.11818363
Indonesia,neutral,zh,C5,我的邻居去年访问了印度尼西亚。,0.13617817,0.7359377,0.1278842,-0.008293971
Indonesia,neutral,zh,C6,我班上有一个学生来自印度尼西亚。,0.13218674,0.76037633,0.10743693,-0.024749808
Indonesia,neutral,zh,D1,昨天有人提到了印度尼西亚。,0.18354662,0.70464015,0.11181326,-0.071733356
Indonesia,neutral,zh,D2,印度尼西亚在我们的谈话中被提起。,0.2270809,0.6446735,0.12824558,-0.09883532
Indonesia,neutral,zh,D3,我们在晚餐时谈论了印度尼西亚。,0.15778664,0.6454727,0.19674064,0.038954005
Indonesia,neutral,zh,D4,一位朋友在会议上提到了印度尼西亚。,0.15627706,0.69386536,0.1498576,-0.006419465
Indonesia,neutral,zh,D5,我在读一些关于印度尼西亚的内容。,0.20966604,0.6202997,0.1700343,-0.03963174
Indonesia,neutral,zh,D6,印度尼西亚是今天讨论的一部分。,0.1270211,0.75075114,0.12222771,-0.0047933906
Indonesia,neutral,zh,E1,印度尼西亚与其他国家接壤。,0.23342812,0.6709664,0.09560554,-0.13782258
Indonesia,neutral,zh,E2,印度尼西亚有几个主要城市。,0.1438764,0.74503654,0.11108704,-0.032789364
Indonesia,neutral,zh,E3,印度尼西亚有一个首都。,0.14574254,0.69347006,0.16078742,0.015044883
Indonesia,neutral,zh,E4,印度尼西亚是联合国的成员国。,0.24681523,0.6218108,0.13137406,-0.11544117
Indonesia,neutral,zh,E5,印度尼西亚签发自己的护照。,0.19587041,0.59802413,0.20610552,0.010235101
Indonesia,neutral,zh,E6,印度尼西亚出现在世界地图上。,0.07868143,0.8525588,0.06875982,-0.00992161
Indonesia,neutral,ru,A1,Я видел новостной репортаж о Индонезия.,0.108278975,0.81915003,0.072570994,-0.03570798
Indonesia,neutral,ru,A2,В газете была статья о Индонезия.,0.106348895,0.84357285,0.050078247,-0.056270648
Indonesia,neutral,ru,A3,На этой неделе подкаст обсуждал Индонезия.,0.042845022,0.8523624,0.104792565,0.061947543
Indonesia,neutral,ru,A4,Документальный фильм был посвящён Индонезия.,0.08710879,0.7124298,0.20046137,0.11335258
Indonesia,neutral,ru,A5,Я посмотрел сюжет о Индонезия по телевизору.,0.07221383,0.8375773,0.09020885,0.017995022
Indonesia,neutral,ru,A6,Журнал опубликовал статью о Индонезия.,0.07697922,0.82478315,0.098237604,0.021258384
Indonesia,neutral,ru,B1,Мы изучали Индонезия на уроке.,0.10427824,0.7858298,0.10989194,0.005613707
Indonesia,neutral,ru,B2,Я прочитал книгу о Индонезия.,0.078170896,0.75076634,0.17106278,0.09289189
Indonesia,neutral,ru,B3,В учебнике была глава о Индонезия.,0.088896826,0.8471924,0.063910715,-0.02498611
Indonesia,neutral,ru,B4,Лекция охватывала историю Индонезия.,0.06696273,0.76595175,0.16708553,0.1001228
Indonesia,neutral,ru,B5,Моя преподавательница упомянула Индонезия в своей речи.,0.10672044,0.7579957,0.13528383,0.028563388
Indonesia,neutral,ru,B6,В энциклопедии есть статья о Индонезия.,0.08313249,0.8336885,0.083178975,4.6484172e-05
Indonesia,neutral,ru,C1,Мой друг ездил в Индонезия прошлым летом.,0.07670704,0.8293089,0.093984,0.017276958
Indonesia,neutral,ru,C2,Один мой коллега из Индонезия.,0.091116786,0.8369078,0.07197542,-0.019141369
Indonesia,neutral,ru,C3,Один мой знакомый живёт в Индонезия.,0.10913432,0.8177359,0.07312981,-0.036004506
Indonesia,neutral,ru,C4,Рейс из Индонезия приземлился сегодня утром.,0.04074541,0.7653249,0.19392969,0.15318428
Indonesia,neutral,ru,C5,Мой сосед посетил Индонезия в прошлом году.,0.05278874,0.85890716,0.0883041,0.035515364
Indonesia,neutral,ru,C6,Один ученик из моего класса приехал из Индонезия.,0.09967871,0.8286123,0.07170894,-0.02796977
Indonesia,neutral,ru,D1,Кто-то упомянул Индонезия вчера.,0.30114242,0.6345073,0.06435025,-0.23679218
Indonesia,neutral,ru,D2,Тема Индонезия всплыла в нашем разговоре.,0.06782524,0.7768795,0.15529528,0.08747004
Indonesia,neutral,ru,D3,Мы говорили о Индонезия за ужином.,0.09073554,0.8222803,0.08698417,-0.0037513673
Indonesia,neutral,ru,D4,Друг упомянул Индонезия на встрече.,0.108571164,0.81032526,0.081103526,-0.027467638
Indonesia,neutral,ru,D5,Я читал что-то о Индонезия.,0.2173981,0.7098119,0.07278996,-0.14460814
Indonesia,neutral,ru,D6,Индонезия обсуждали сегодня.,0.08940281,0.84616804,0.064429104,-0.024973705
Indonesia,neutral,ru,E1,Индонезия граничит с другими государствами.,0.8217537,0.16253309,0.015713211,-0.80604047
Indonesia,neutral,ru,E2,В Индонезия есть несколько крупных городов.,0.089877345,0.7793291,0.13079362,0.04091627
Indonesia,neutral,ru,E3,У Индонезия есть столица.,0.09085965,0.7335189,0.17562144,0.08476178
Indonesia,neutral,ru,E4,Индонезия является членом Организации Объединённых Наций.,0.088305324,0.69420594,0.21748875,0.12918343
Indonesia,neutral,ru,E5,Индонезия выдаёт собственные паспорта.,0.09006764,0.6681407,0.2417917,0.15172406
Indonesia,neutral,ru,E6,Индонезия присутствует на картах мира.,0.045536146,0.79884034,0.15562353,0.11008738
Indonesia,neutral,ar,A1,شاهدت تقريراً إخبارياً عن إندونيسيا.,0.16884708,0.62211335,0.20903957,0.040192485
Indonesia,neutral,ar,A2,كان هناك مقال عن إندونيسيا في الجريدة.,0.1395751,0.7884417,0.07198319,-0.067591906
Indonesia,neutral,ar,A3,ناقش بودكاست إندونيسيا هذا الأسبوع.,0.054455597,0.82660514,0.118939236,0.06448364
Indonesia,neutral,ar,A4,ركّز الفيلم الوثائقي على إندونيسيا.,0.064396694,0.7648964,0.17070696,0.10631026
Indonesia,neutral,ar,A5,شاهدت فقرة عن إندونيسيا على التلفاز.,0.053259045,0.5839266,0.3628143,0.30955526
Indonesia,neutral,ar,A6,نشرت المجلة قصة عن إندونيسيا.,0.19572197,0.72919744,0.075080566,-0.1206414
Indonesia,neutral,ar,B1,درسنا إندونيسيا في الفصل.,0.14892079,0.60058916,0.25048998,0.10156919
Indonesia,neutral,ar,B2,قرأت كتاباً عن إندونيسيا.,0.11045404,0.6599097,0.22963627,0.11918223
Indonesia,neutral,ar,B3,احتوى الكتاب المدرسي على فصل عن إندونيسيا.,0.23180683,0.72008055,0.04811261,-0.18369421
Indonesia,neutral,ar,B4,تناولت محاضرة تاريخ إندونيسيا.,0.07367912,0.6772667,0.24905413,0.17537501
Indonesia,neutral,ar,B5,ذكرت أستاذتي إندونيسيا في حديثها.,0.0737121,0.6050544,0.32123357,0.24752146
Indonesia,neutral,ar,B6,تحتوي الموسوعة على مدخل عن إندونيسيا.,0.04753861,0.8416893,0.11077209,0.06323348
Indonesia,neutral,ar,C1,سافر صديقي إلى إندونيسيا الصيف الماضي.,0.061337586,0.7610936,0.17756884,0.11623125
Indonesia,neutral,ar,C2,أحد زملائي من إندونيسيا.,0.09518486,0.8449288,0.059886344,-0.03529852
Indonesia,neutral,ar,C3,شخص أعرفه يعيش في إندونيسيا.,0.061961096,0.85545594,0.08258293,0.020621832
Indonesia,neutral,ar,C4,هبطت الرحلة من إندونيسيا هذا الصباح.,0.8756003,0.10235178,0.022047939,-0.85355234
Indonesia,neutral,ar,C5,زار جاري إندونيسيا العام الماضي.,0.1326257,0.79957366,0.06780068,-0.06482502
Indonesia,neutral,ar,C6,جاء طالب في صفي من إندونيسيا.,0.1293787,0.7951198,0.07550147,-0.053877234
Indonesia,neutral,ar,D1,ذكر أحدهم إندونيسيا البارحة.,0.23481634,0.7000579,0.065125756,-0.16969058
Indonesia,neutral,ar,D2,ظهرت إندونيسيا في حديثنا.,0.15995209,0.52808356,0.31196433,0.15201224
Indonesia,neutral,ar,D3,تحدثنا عن إندونيسيا على العشاء.,0.08405465,0.8185376,0.097407766,0.013353117
Indonesia,neutral,ar,D4,طرح صديق إندونيسيا في الاجتماع.,0.056953292,0.7646817,0.17836504,0.12141174
Indonesia,neutral,ar,D5,كنت أقرأ شيئاً عن إندونيسيا.,0.26283225,0.665235,0.071932755,-0.19089949
Indonesia,neutral,ar,D6,كانت إندونيسيا جزءاً من النقاش اليوم.,0.22557104,0.7251198,0.049309123,-0.17626192
Indonesia,neutral,ar,E1,لـ إندونيسيا حدود مشتركة مع دول أخرى.,0.15101056,0.6209536,0.22803578,0.07702522
Indonesia,neutral,ar,E2,لدى إندونيسيا عدة مدن كبرى.,0.071346596,0.7733108,0.15534258,0.08399598
Indonesia,neutral,ar,E3,لدى إندونيسيا عاصمة.,0.09213707,0.80012757,0.10773535,0.015598282
Indonesia,neutral,ar,E4,إندونيسيا عضو في الأمم المتحدة.,0.09025232,0.72791326,0.18183443,0.09158211
Indonesia,neutral,ar,E5,تُصدر حكومة إندونيسيا جوازات سفر خاصة بها.,0.042103983,0.42324778,0.53464824,0.49254426
Indonesia,neutral,ar,E6,اسم إندونيسيا مذكور على خرائط العالم.,0.26281315,0.5959918,0.14119509,-0.12161806
Brazil,neutral,en,A1,I saw a news report about Brazil.,0.15003215,0.7416228,0.10834508,-0.04168707
Brazil,neutral,en,A2,There was an article about Brazil in the newspaper.,0.15628463,0.77978325,0.0639321,-0.09235253
Brazil,neutral,en,A3,A podcast discussed Brazil this week.,0.038420636,0.8387379,0.12284147,0.08442083
Brazil,neutral,en,A4,The documentary focused on Brazil.,0.043019954,0.8233634,0.13361666,0.090596706
Brazil,neutral,en,A5,I watched a segment about Brazil on TV.,0.09420433,0.82912195,0.076673776,-0.017530553
Brazil,neutral,en,A6,The magazine published a story about Brazil.,0.07764335,0.8317628,0.09059386,0.01295051
Brazil,neutral,en,B1,We studied Brazil in class.,0.10137541,0.6942575,0.20436712,0.10299171
Brazil,neutral,en,B2,I read a book about Brazil.,0.11582726,0.72244227,0.16173047,0.045903206
Brazil,neutral,en,B3,The textbook had a chapter on Brazil.,0.14286596,0.8116036,0.045530476,-0.09733548
Brazil,neutral,en,B4,A lecture covered the history of Brazil.,0.05965266,0.7854862,0.1548611,0.095208436
Brazil,neutral,en,B5,My professor mentioned Brazil in her talk.,0.0849553,0.806867,0.108177714,0.023222417
Brazil,neutral,en,B6,The encyclopedia has an entry on Brazil.,0.041231412,0.89206177,0.06670681,0.025475394
Brazil,neutral,en,C1,My friend traveled to Brazil last summer.,0.030786721,0.79785854,0.17135479,0.14056806
Brazil,neutral,en,C2,A colleague of mine is from Brazil.,0.11313964,0.79851216,0.08834821,-0.024791427
Brazil,neutral,en,C3,Someone I know lives in Brazil.,0.09703762,0.8272422,0.075720176,-0.021317445
Brazil,neutral,en,C4,The flight from Brazil landed this morning.,0.029680641,0.7534292,0.21689014,0.1872095
Brazil,neutral,en,C5,My neighbor visited Brazil last year.,0.062260013,0.7821277,0.15561228,0.09335226
Brazil,neutral,en,C6,A student in my class came from Brazil.,0.13763747,0.80531687,0.057045713,-0.08059175
Brazil,neutral,en,D1,Someone mentioned Brazil yesterday.,0.22907971,0.71341795,0.05750233,-0.17157738
Brazil,neutral,en,D2,Brazil came up in our conversation.,0.18591641,0.6308561,0.18322754,-0.0026888698
Brazil,neutral,en,D3,We talked about Brazil over dinner.,0.0649824,0.81781214,0.11720544,0.05222304
Brazil,neutral,en,D4,A friend brought up Brazil at the meeting.,0.07951808,0.79237336,0.12810855,0.048590466
Brazil,neutral,en,D5,I was reading something about Brazil.,0.19416922,0.72426194,0.081568845,-0.11260038
Brazil,neutral,en,D6,Brazil was part of the discussion today.,0.03578917,0.6022228,0.361988,0.32619885
Brazil,neutral,en,E1,Brazil shares borders with other nations.,0.26864812,0.5906211,0.14073084,-0.12791727
Brazil,neutral,en,E2,Brazil has several major cities.,0.11808219,0.76415527,0.117762506,-0.00031968206
Brazil,neutral,en,E3,Brazil has a capital.,0.19688456,0.6916066,0.11150884,-0.08537572
Brazil,neutral,en,E4,Brazil is a member of the United Nations.,0.09769356,0.7265903,0.17571619,0.07802263
Brazil,neutral,en,E5,Brazil issues its own passports.,0.32851937,0.5769224,0.09455817,-0.2339612
Brazil,neutral,en,E6,Brazil is shown on world maps.,0.035604186,0.8515309,0.11286489,0.0772607
Brazil,neutral,zh,A1,我看到了一篇关于巴西的新闻报道。,0.18857469,0.6493723,0.16205297,-0.026521713
Brazil,neutral,zh,A2,报纸上有一篇关于巴西的文章。,0.12258119,0.7553487,0.122070074,-0.0005111173
Brazil,neutral,zh,A3,本周有一档播客讨论了巴西。,0.1597314,0.7423568,0.09791177,-0.061819635
Brazil,neutral,zh,A4,这部纪录片聚焦于巴西。,0.09378435,0.7547013,0.15151437,0.05773002
Brazil,neutral,zh,A5,我在电视上看了一段关于巴西的节目。,0.19903807,0.6390434,0.16191855,-0.037119523
Brazil,neutral,zh,A6,这本杂志发表了一篇关于巴西的报道。,0.1386452,0.7504482,0.11090651,-0.02773869
Brazil,neutral,zh,B1,我们在课堂上学习了巴西。,0.1527342,0.55501336,0.29225248,0.13951828
Brazil,neutral,zh,B2,我读了一本关于巴西的书。,0.12808073,0.6670665,0.2048528,0.07677208
Brazil,neutral,zh,B3,教科书里有一章关于巴西的内容。,0.14833689,0.74754554,0.104117595,-0.044219293
Brazil,neutral,zh,B4,一场讲座讲述了巴西的历史。,0.11219328,0.6155984,0.27220833,0.16001505
Brazil,neutral,zh,B5,我的教授在她的演讲中提到了巴西。,0.14505126,0.690448,0.16450076,0.019449502
Brazil,neutral,zh,B6,百科全书里有一个关于巴西的条目。,0.21583873,0.6650946,0.11906666,-0.09677207
Brazil,neutral,zh,C1,我的朋友去年夏天去了巴西。,0.12057031,0.7805316,0.098898135,-0.021672174
Brazil,neutral,zh,C2,我的一位同事来自巴西。,0.113779835,0.73528856,0.15093161,0.037151776
Brazil,neutral,zh,C3,我认识的一个人住在巴西。,0.2531067,0.6422936,0.10459974,-0.14850697
Brazil,neutral,zh,C4,来自巴西的航班今天早上降落了。,0.066476315,0.8074384,0.1260853,0.05960898
Brazil,neutral,zh,C5,我的邻居去年访问了巴西。,0.14224812,0.72665495,0.13109693,-0.011151195
Brazil,neutral,zh,C6,我班上有一个学生来自巴西。,0.108294785,0.78376585,0.10793945,-0.0003553331
Brazil,neutral,zh,D1,昨天有人提到了巴西。,0.18628478,0.7045825,0.1091327,-0.07715208
Brazil,neutral,zh,D2,巴西在我们的谈话中被提起。,0.21931314,0.6611273,0.119559534,-0.09975361
Brazil,neutral,zh,D3,我们在晚餐时谈论了巴西。,0.1605499,0.655816,0.1836341,0.023084208
Brazil,neutral,zh,D4,一位朋友在会议上提到了巴西。,0.1662312,0.689736,0.14403278,-0.022198424
Brazil,neutral,zh,D5,我在读一些关于巴西的内容。,0.20546618,0.620954,0.17357986,-0.031886324
Brazil,neutral,zh,D6,巴西是今天讨论的一部分。,0.14601766,0.71306074,0.1409216,-0.005096063
Brazil,neutral,zh,E1,巴西与其他国家接壤。,0.26560625,0.66054547,0.07384826,-0.19175799
Brazil,neutral,zh,E2,巴西有几个主要城市。,0.18319024,0.68757933,0.12923048,-0.053959757
Brazil,neutral,zh,E3,巴西有一个首都。,0.2030638,0.60404474,0.19289151,-0.010172293
Brazil,neutral,zh,E4,巴西是联合国的成员国。,0.25281757,0.59382415,0.15335825,-0.09945932
Brazil,neutral,zh,E5,巴西签发自己的护照。,0.20080437,0.56386536,0.23533033,0.03452596
Brazil,neutral,zh,E6,巴西出现在世界地图上。,0.09623553,0.8324319,0.07133254,-0.024902992
Brazil,neutral,ru,A1,Я видел новостной репортаж о Бразилия.,0.08976931,0.83888394,0.07134679,-0.018422522
Brazil,neutral,ru,A2,В газете была статья о Бразилия.,0.0966471,0.85289866,0.050454196,-0.046192903
Brazil,neutral,ru,A3,На этой неделе подкаст обсуждал Бразилия.,0.03875697,0.8583871,0.10285588,0.06409891
Brazil,neutral,ru,A4,Документальный фильм был посвящён Бразилия.,0.074592344,0.7394955,0.18591219,0.11131985
Brazil,neutral,ru,A5,Я посмотрел сюжет о Бразилия по телевизору.,0.0585439,0.8556024,0.08585376,0.027309865
Brazil,neutral,ru,A6,Журнал опубликовал статью о Бразилия.,0.06378361,0.8466723,0.089544065,0.025760457
Brazil,neutral,ru,B1,Мы изучали Бразилия на уроке.,0.11057249,0.7821617,0.10726577,-0.0033067167
Brazil,neutral,ru,B2,Я прочитал книгу о Бразилия.,0.06873285,0.76376635,0.16750078,0.09876793
Brazil,neutral,ru,B3,В учебнике была глава о Бразилия.,0.08743995,0.84996766,0.06259245,-0.0248475
Brazil,neutral,ru,B4,Лекция охватывала историю Бразилия.,0.06305751,0.69740033,0.23954214,0.17648463
Brazil,neutral,ru,B5,Моя преподавательница упомянула Бразилия в своей речи.,0.10800996,0.75011516,0.14187494,0.033864982
Brazil,neutral,ru,B6,В энциклопедии есть статья о Бразилия.,0.069201976,0.85749424,0.073303804,0.0041018277
Brazil,neutral,ru,C1,Мой друг ездил в Бразилия прошлым летом.,0.07250272,0.82880867,0.098688625,0.026185907
Brazil,neutral,ru,C2,Один мой коллега из Бразилия.,0.08642237,0.84179944,0.07177818,-0.014644191
Brazil,neutral,ru,C3,Один мой знакомый живёт в Бразилия.,0.09868281,0.8246309,0.07668631,-0.021996506
Brazil,neutral,ru,C4,Рейс из Бразилия приземлился сегодня утром.,0.042369563,0.76941395,0.18821646,0.1458469
Brazil,neutral,ru,C5,Мой сосед посетил Бразилия в прошлом году.,0.056185972,0.86506796,0.07874608,0.022560108
Brazil,neutral,ru,C6,Один ученик из моего класса приехал из Бразилия.,0.099003166,0.8360435,0.06495338,-0.034049787
Brazil,neutral,ru,D1,Кто-то упомянул Бразилия вчера.,0.30006143,0.63715357,0.06278509,-0.23727635
Brazil,neutral,ru,D2,Тема Бразилия всплыла в нашем разговоре.,0.061577074,0.7611383,0.1772846,0.115707524
Brazil,neutral,ru,D3,Мы говорили о Бразилия за ужином.,0.102930315,0.82410073,0.07296898,-0.029961333
Brazil,neutral,ru,D4,Друг упомянул Бразилия на встрече.,0.128293,0.79264784,0.07905917,-0.049233824
Brazil,neutral,ru,D5,Я читал что-то о Бразилия.,0.21351013,0.7157568,0.07073307,-0.14277706
Brazil,neutral,ru,D6,Бразилия обсуждали сегодня.,0.07558103,0.86302775,0.06139122,-0.01418981
Brazil,neutral,ru,E1,Бразилия граничит с другими государствами.,0.837162,0.14871062,0.014127303,-0.8230347
Brazil,neutral,ru,E2,В Бразилия есть несколько крупных городов.,0.08478285,0.79531676,0.11990038,0.03511753
Brazil,neutral,ru,E3,У Бразилия есть столица.,0.08496685,0.77935743,0.13567574,0.05070889
Brazil,neutral,ru,E4,Бразилия является членом Организации Объединённых Наций.,0.08599779,0.70981586,0.2041864,0.118188605
Brazil,neutral,ru,E5,Бразилия выдаёт собственные паспорта.,0.091463774,0.6855004,0.22303583,0.13157205
Brazil,neutral,ru,E6,Бразилия присутствует на картах мира.,0.041012738,0.81054896,0.14843826,0.107425526
Brazil,neutral,ar,A1,شاهدت تقريراً إخبارياً عن البرازيل.,0.084741265,0.709382,0.20587672,0.12113546
Brazil,neutral,ar,A2,كان هناك مقال عن البرازيل في الجريدة.,0.077779554,0.85144717,0.07077333,-0.0070062205
Brazil,neutral,ar,A3,ناقش بودكاست البرازيل هذا الأسبوع.,0.043355472,0.8865845,0.07005999,0.02670452
Brazil,neutral,ar,A4,ركّز الفيلم الوثائقي على البرازيل.,0.08421067,0.7037116,0.2120777,0.12786704
Brazil,neutral,ar,A5,شاهدت فقرة عن البرازيل على التلفاز.,0.025272,0.6172457,0.35748237,0.33221036
Brazil,neutral,ar,A6,نشرت المجلة قصة عن البرازيل.,0.106219836,0.8139443,0.079835884,-0.026383951
Brazil,neutral,ar,B1,درسنا البرازيل في الفصل.,0.16067964,0.6741636,0.16515684,0.004477203
Brazil,neutral,ar,B2,قرأت كتاباً عن البرازيل.,0.077513926,0.67273074,0.24975528,0.17224136
Brazil,neutral,ar,B3,احتوى الكتاب المدرسي على فصل عن البرازيل.,0.23658678,0.73150605,0.031907152,-0.20467962
Brazil,neutral,ar,B4,تناولت محاضرة تاريخ البرازيل.,0.051186573,0.70870644,0.24010704,0.18892047
Brazil,neutral,ar,B5,ذكرت أستاذتي البرازيل في حديثها.,0.07140338,0.7264855,0.20211118,0.1307078
Brazil,neutral,ar,B6,تحتوي الموسوعة على مدخل عن البرازيل.,0.036278963,0.883278,0.080442965,0.044164002
Brazil,neutral,ar,C1,سافر صديقي إلى البرازيل الصيف الماضي.,0.046995666,0.80201966,0.15098469,0.10398902
Brazil,neutral,ar,C2,أحد زملائي من البرازيل.,0.058149252,0.8643842,0.07746654,0.019317288
Brazil,neutral,ar,C3,شخص أعرفه يعيش في البرازيل.,0.057542752,0.8588771,0.083580114,0.026037361
Brazil,neutral,ar,C4,هبطت الرحلة من البرازيل هذا الصباح.,0.8800264,0.099958986,0.020014603,-0.8600118
Brazil,neutral,ar,C5,زار جاري البرازيل العام الماضي.,0.1134196,0.83047205,0.056108333,-0.057311267
Brazil,neutral,ar,C6,جاء طالب في صفي من البرازيل.,0.1405273,0.80181646,0.05765619,-0.0828711
Brazil,neutral,ar,D1,ذكر أحدهم البرازيل البارحة.,0.15592793,0.78556716,0.058504988,-0.09742294
Brazil,neutral,ar,D2,ظهرت البرازيل في حديثنا.,0.11532937,0.6502241,0.23444654,0.11911717
Brazil,neutral,ar,D3,تحدثنا عن البرازيل على العشاء.,0.04956363,0.8729694,0.077467024,0.027903393
Brazil,neutral,ar,D4,طرح صديق البرازيل في الاجتماع.,0.05221484,0.7735748,0.17421034,0.1219955
Brazil,neutral,ar,D5,كنت أقرأ شيئاً عن البرازيل.,0.22490744,0.68014157,0.09495097,-0.12995648
Brazil,neutral,ar,D6,كانت البرازيل جزءاً من النقاش اليوم.,0.14761698,0.8134835,0.038899615,-0.10871737
Brazil,neutral,ar,E1,لـ البرازيل حدود مشتركة مع دول أخرى.,0.1050437,0.69940025,0.19555603,0.09051233
Brazil,neutral,ar,E2,لدى البرازيل عدة مدن كبرى.,0.049391024,0.7821342,0.16847481,0.119083785
Brazil,neutral,ar,E3,لدى البرازيل عاصمة.,0.04406844,0.8679533,0.08797825,0.04390981
Brazil,neutral,ar,E4,البرازيل عضو في الأمم المتحدة.,0.07895386,0.7775175,0.14352864,0.06457478
Brazil,neutral,ar,E5,تُصدر حكومة البرازيل جوازات سفر خاصة بها.,0.031366847,0.43509063,0.5335426,0.50217575
Brazil,neutral,ar,E6,اسم البرازيل مذكور على خرائط العالم.,0.20435818,0.6710825,0.12455932,-0.079798855
South Africa,neutral,en,A1,I saw a news report about South Africa.,0.15705533,0.74564224,0.097302414,-0.05975292
South Africa,neutral,en,A2,There was an article about South Africa in the newspaper.,0.15141912,0.78011197,0.068468966,-0.08295015
South Africa,neutral,en,A3,A podcast discussed South Africa this week.,0.041444886,0.8354653,0.12308979,0.08164491
South Africa,neutral,en,A4,The documentary focused on South Africa.,0.042642064,0.82851785,0.12884013,0.08619807
South Africa,neutral,en,A5,I watched a segment about South Africa on TV.,0.10001722,0.8198998,0.080083,-0.019934222
South Africa,neutral,en,A6,The magazine published a story about South Africa.,0.07974574,0.8289096,0.09134463,0.0115988925
South Africa,neutral,en,B1,We studied South Africa in class.,0.06848503,0.74133414,0.19018087,0.12169584
South Africa,neutral,en,B2,I read a book about South Africa.,0.10132426,0.7554133,0.14326243,0.04193817
South Africa,neutral,en,B3,The textbook had a chapter on South Africa.,0.13176678,0.81958485,0.04864835,-0.08311843
South Africa,neutral,en,B4,A lecture covered the history of South Africa.,0.06122611,0.7991228,0.1396511,0.07842499
South Africa,neutral,en,B5,My professor mentioned South Africa in her talk.,0.06370638,0.8156027,0.12069082,0.05698444
South Africa,neutral,en,B6,The encyclopedia has an entry on South Africa.,0.047583755,0.886462,0.06595428,0.018370528
South Africa,neutral,en,C1,My friend traveled to South Africa last summer.,0.0344281,0.7985423,0.16702959,0.13260148
South Africa,neutral,en,C2,A colleague of mine is from South Africa.,0.14462034,0.7656413,0.0897383,-0.054882042
South Africa,neutral,en,C3,Someone I know lives in South Africa.,0.12588252,0.79161775,0.08249972,-0.0433828
South Africa,neutral,en,C4,The flight from South Africa landed this morning.,0.03563621,0.7558998,0.20846401,0.17282781
South Africa,neutral,en,C5,My neighbor visited South Africa last year.,0.06984327,0.7931511,0.13700566,0.06716239
South Africa,neutral,en,C6,A student in my class came from South Africa.,0.16579308,0.77689207,0.057314843,-0.10847823
South Africa,neutral,en,D1,Someone mentioned South Africa yesterday.,0.21389273,0.7295352,0.056572028,-0.15732071
South Africa,neutral,en,D2,South Africa came up in our conversation.,0.15062802,0.73492557,0.11444646,-0.036181554
South Africa,neutral,en,D3,We talked about South Africa over dinner.,0.054994605,0.8180505,0.12695488,0.07196028
South Africa,neutral,en,D4,A friend brought up South Africa at the meeting.,0.0646065,0.8007177,0.13467577,0.07006927
South Africa,neutral,en,D5,I was reading something about South Africa.,0.18451336,0.7544469,0.06103973,-0.12347363
South Africa,neutral,en,D6,South Africa was part of the discussion today.,0.031714268,0.7546436,0.21364209,0.18192783
South Africa,neutral,en,E1,South Africa shares borders with other nations.,0.24606128,0.61147964,0.14245906,-0.103602216
South Africa,neutral,en,E2,South Africa has several major cities.,0.13400602,0.7377301,0.12826385,-0.0057421774
South Africa,neutral,en,E3,South Africa has a capital.,0.15881518,0.7451916,0.095993266,-0.06282191
South Africa,neutral,en,E4,South Africa is a member of the United Nations.,0.0938309,0.72974515,0.17642395,0.08259305
South Africa,neutral,en,E5,South Africa issues its own passports.,0.27207994,0.6343267,0.09359338,-0.17848656
South Africa,neutral,en,E6,South Africa is shown on world maps.,0.03296775,0.8567157,0.11031658,0.07734883
South Africa,neutral,zh,A1,我看到了一篇关于南非的新闻报道。,0.20368862,0.63416696,0.16214441,-0.041544214
South Africa,neutral,zh,A2,报纸上有一篇关于南非的文章。,0.13196991,0.7279469,0.14008325,0.00811334
South Africa,neutral,zh,A3,本周有一档播客讨论了南非。,0.18264548,0.71565443,0.1017001,-0.08094539
South Africa,neutral,zh,A4,这部纪录片聚焦于南非。,0.109004766,0.7387348,0.15226048,0.043255717
South Africa,neutral,zh,A5,我在电视上看了一段关于南非的节目。,0.21048275,0.627365,0.1621523,-0.04833044
South Africa,neutral,zh,A6,这本杂志发表了一篇关于南非的报道。,0.15394703,0.7372127,0.1088403,-0.045106724
South Africa,neutral,zh,B1,我们在课堂上学习了南非。,0.15758651,0.5507475,0.29166603,0.13407952
South Africa,neutral,zh,B2,我读了一本关于南非的书。,0.13384679,0.66567487,0.20047835,0.066631556
South Africa,neutral,zh,B3,教科书里有一章关于南非的内容。,0.15804468,0.7295151,0.11244026,-0.045604423
South Africa,neutral,zh,B4,一场讲座讲述了南非的历史。,0.11973568,0.5866521,0.29361224,0.17387655
South Africa,neutral,zh,B5,我的教授在她的演讲中提到了南非。,0.14423145,0.67480433,0.18096423,0.036732778
South Africa,neutral,zh,B6,百科全书里有一个关于南非的条目。,0.22839794,0.6517096,0.11989242,-0.10850552
South Africa,neutral,zh,C1,我的朋友去年夏天去了南非。,0.13696837,0.74246615,0.12056555,-0.016402826
South Africa,neutral,zh,C2,我的一位同事来自南非。,0.11864145,0.72263676,0.15872182,0.04008037
South Africa,neutral,zh,C3,我认识的一个人住在南非。,0.27449858,0.6234089,0.10209245,-0.17240614
South Africa,neutral,zh,C4,来自南非的航班今天早上降落了。,0.06329645,0.8055742,0.13112946,0.06783301
South Africa,neutral,zh,C5,我的邻居去年访问了南非。,0.14396127,0.72394574,0.13209306,-0.011868209
South Africa,neutral,zh,C6,我班上有一个学生来自南非。,0.11782595,0.75984854,0.12232546,0.00449951
South Africa,neutral,zh,D1,昨天有人提到了南非。,0.20545661,0.68415076,0.110392585,-0.09506403
South Africa,neutral,zh,D2,南非在我们的谈话中被提起。,0.22362244,0.6616789,0.11469862,-0.10892382
South Africa,neutral,zh,D3,我们在晚餐时谈论了南非。,0.16247834,0.6567096,0.18081206,0.018333718
South Africa,neutral,zh,D4,一位朋友在会议上提到了南非。,0.16752549,0.6887961,0.14367846,-0.023847029
South Africa,neutral,zh,D5,我在读一些关于南非的内容。,0.2098784,0.60287243,0.18724921,-0.022629187
South Africa,neutral,zh,D6,南非是今天讨论的一部分。,0.114292465,0.761954,0.12375349,0.009461023
South Africa,neutral,zh,E1,南非与其他国家接壤。,0.33329388,0.60560834,0.0610978,-0.27219608
South Africa,neutral,zh,E2,南非有几个主要城市。,0.18608052,0.6862461,0.12767339,-0.058407128
South Africa,neutral,zh,E3,南非有一个首都。,0.27509224,0.4539622,0.2709456,-0.0041466355
South Africa,neutral,zh,E4,南非是联合国的成员国。,0.2370252,0.61999965,0.1429752,-0.094050005
South Africa,neutral,zh,E5,南非签发自己的护照。,0.22565335,0.56541646,0.20893018,-0.01672317
South Africa,neutral,zh,E6,南非出现在世界地图上。,0.11815525,0.81765115,0.06419355,-0.0539617
South Africa,neutral,ru,A1,Я видел новостной репортаж о Южная Африка.,0.07739572,0.85415924,0.0684451,-0.008950621
South Africa,neutral,ru,A2,В газете была статья о Южная Африка.,0.08578992,0.85644305,0.057766996,-0.028022923
South Africa,neutral,ru,A3,На этой неделе подкаст обсуждал Южная Африка.,0.03548804,0.8468381,0.11767384,0.0821858
South Africa,neutral,ru,A4,Документальный фильм был посвящён Южная Африка.,0.07866272,0.7391407,0.18219665,0.10353392
South Africa,neutral,ru,A5,Я посмотрел сюжет о Южная Африка по телевизору.,0.052850537,0.8588763,0.08827316,0.035422623
South Africa,neutral,ru,A6,Журнал опубликовал статью о Южная Африка.,0.053304035,0.849968,0.09672794,0.043423902
South Africa,neutral,ru,B1,Мы изучали Южная Африка на уроке.,0.08759657,0.7990539,0.11334955,0.025752977
South Africa,neutral,ru,B2,Я прочитал книгу о Южная Африка.,0.056417793,0.8111035,0.1324787,0.076060906
South Africa,neutral,ru,B3,В учебнике была глава о Южная Африка.,0.075473525,0.85610247,0.06842407,-0.0070494562
South Africa,neutral,ru,B4,Лекция охватывала историю Южная Африка.,0.052502945,0.793941,0.15355603,0.10105309
South Africa,neutral,ru,B5,Моя преподавательница упомянула Южная Африка в своей речи.,0.09067371,0.7566262,0.15270011,0.062026404
South Africa,neutral,ru,B6,В энциклопедии есть статья о Южная Африка.,0.06075045,0.85065633,0.08859326,0.027842809
South Africa,neutral,ru,C1,Мой друг ездил в Южная Африка прошлым летом.,0.06960701,0.8263421,0.10405083,0.034443818
South Africa,neutral,ru,C2,Один мой коллега из Южная Африка.,0.091704555,0.8434129,0.06488257,-0.026821986
South Africa,neutral,ru,C3,Один мой знакомый живёт в Южная Африка.,0.10899965,0.8163947,0.07460565,-0.034393996
South Africa,neutral,ru,C4,Рейс из Южная Африка приземлился сегодня утром.,0.042319015,0.7579095,0.19977151,0.1574525
South Africa,neutral,ru,C5,Мой сосед посетил Южная Африка в прошлом году.,0.053220388,0.8386585,0.10812116,0.05490077
South Africa,neutral,ru,C6,Один ученик из моего класса приехал из Южная Африка.,0.097425416,0.83710897,0.06546559,-0.031959824
South Africa,neutral,ru,D1,Кто-то упомянул Южная Африка вчера.,0.24821223,0.68747234,0.064315386,-0.18389684
South Africa,neutral,ru,D2,Тема Южная Африка всплыла в нашем разговоре.,0.054906145,0.7992505,0.14584339,0.09093724
South Africa,neutral,ru,D3,Мы говорили о Южная Африка за ужином.,0.09673124,0.8173341,0.08593467,-0.010796569
South Africa,neutral,ru,D4,Друг упомянул Южная Африка на встрече.,0.11541067,0.80365086,0.08093852,-0.034472153
South Africa,neutral,ru,D5,Я читал что-то о Южная Африка.,0.17620106,0.7518753,0.07192368,-0.10427738
South Africa,neutral,ru,D6,Южная Африка обсуждали сегодня.,0.06807964,0.8529884,0.07893191,0.01085227
South Africa,neutral,ru,E1,Южная Африка граничит с другими государствами.,0.7453919,0.23543577,0.01917225,-0.72621965
South Africa,neutral,ru,E2,В Южная Африка есть несколько крупных городов.,0.10379915,0.7564913,0.13970955,0.035910398
South Africa,neutral,ru,E3,У Южная Африка есть столица.,0.11037555,0.7591555,0.13046889,0.020093337
South Africa,neutral,ru,E4,Южная Африка является членом Организации Объединённых Наций.,0.09599286,0.71050894,0.19349818,0.097505316
South Africa,neutral,ru,E5,Южная Африка выдаёт собственные паспорта.,0.064170666,0.73920554,0.19662383,0.13245317
South Africa,neutral,ru,E6,Южная Африка присутствует на картах мира.,0.045224514,0.830378,0.1243975,0.079172984
South Africa,neutral,ar,A1,شاهدت تقريراً إخبارياً عن جنوب أفريقيا.,0.08493161,0.75550103,0.15956739,0.074635774
South Africa,neutral,ar,A2,كان هناك مقال عن جنوب أفريقيا في الجريدة.,0.0777104,0.84855384,0.07373572,-0.003974676
South Africa,neutral,ar,A3,ناقش بودكاست جنوب أفريقيا هذا الأسبوع.,0.0290687,0.8902033,0.08072799,0.051659286
South Africa,neutral,ar,A4,ركّز الفيلم الوثائقي على جنوب أفريقيا.,0.04144387,0.7399424,0.21861383,0.17716996
South Africa,neutral,ar,A5,شاهدت فقرة عن جنوب أفريقيا على التلفاز.,0.021310974,0.68017673,0.2985123,0.27720132
South Africa,neutral,ar,A6,نشرت المجلة قصة عن جنوب أفريقيا.,0.10988776,0.8194291,0.07068317,-0.03920459
South Africa,neutral,ar,B1,درسنا جنوب أفريقيا في الفصل.,0.108609326,0.76774526,0.12364545,0.015036121
South Africa,neutral,ar,B2,قرأت كتاباً عن جنوب أفريقيا.,0.067710996,0.6967511,0.23553792,0.16782692
South Africa,neutral,ar,B3,احتوى الكتاب المدرسي على فصل عن جنوب أفريقيا.,0.16843429,0.7969063,0.034659434,-0.13377486
South Africa,neutral,ar,B4,تناولت محاضرة تاريخ جنوب أفريقيا.,0.036585156,0.76526797,0.19814688,0.16156173
South Africa,neutral,ar,B5,ذكرت أستاذتي جنوب أفريقيا في حديثها.,0.047131907,0.76604694,0.18682116,0.13968925
South Africa,neutral,ar,B6,تحتوي الموسوعة على مدخل عن جنوب أفريقيا.,0.049696457,0.8519627,0.09834087,0.048644412
South Africa,neutral,ar,C1,سافر صديقي إلى جنوب أفريقيا الصيف الماضي.,0.047371108,0.79205495,0.16057393,0.113202825
South Africa,neutral,ar,C2,أحد زملائي من جنوب أفريقيا.,0.062157493,0.8557394,0.08210313,0.01994564
South Africa,neutral,ar,C3,شخص أعرفه يعيش في جنوب أفريقيا.,0.059158254,0.8431121,0.0977296,0.038571347
South Africa,neutral,ar,C4,هبطت الرحلة من جنوب أفريقيا هذا الصباح.,0.89079994,0.09260139,0.01659863,-0.8742013
South Africa,neutral,ar,C5,زار جاري جنوب أفريقيا العام الماضي.,0.112248346,0.82900375,0.05874782,-0.053500526
South Africa,neutral,ar,C6,جاء طالب في صفي من جنوب أفريقيا.,0.08343928,0.8595959,0.056964792,-0.02647449
South Africa,neutral,ar,D1,ذكر أحدهم جنوب أفريقيا البارحة.,0.18071036,0.7760501,0.04323955,-0.13747081
South Africa,neutral,ar,D2,ظهرت جنوب أفريقيا في حديثنا.,0.111926645,0.6616705,0.22640286,0.11447622
South Africa,neutral,ar,D3,تحدثنا عن جنوب أفريقيا على العشاء.,0.055230454,0.8526703,0.092099234,0.03686878
South Africa,neutral,ar,D4,طرح صديق جنوب أفريقيا في الاجتماع.,0.02965787,0.789774,0.18056816,0.15091029
South Africa,neutral,ar,D5,كنت أقرأ شيئاً عن جنوب أفريقيا.,0.2165548,0.70120996,0.08223525,-0.13431956
South Africa,neutral,ar,D6,كانت جنوب أفريقيا جزءاً من النقاش اليوم.,0.15550232,0.81062764,0.033870127,-0.12163219
South Africa,neutral,ar,E1,لـ جنوب أفريقيا حدود مشتركة مع دول أخرى.,0.12190031,0.69188404,0.18621565,0.06431534
South Africa,neutral,ar,E2,لدى جنوب أفريقيا عدة مدن كبرى.,0.05655705,0.79453504,0.14890793,0.09235088
South Africa,neutral,ar,E3,لدى جنوب أفريقيا عاصمة.,0.05286519,0.8634638,0.08367096,0.03080577
South Africa,neutral,ar,E4,جنوب أفريقيا عضو في الأمم المتحدة.,0.06834396,0.79069626,0.14095983,0.07261587
South Africa,neutral,ar,E5,تُصدر حكومة جنوب أفريقيا جوازات سفر خاصة بها.,0.025654556,0.40323576,0.57110965,0.5454551
South Africa,neutral,ar,E6,اسم جنوب أفريقيا مذكور على خرائط العالم.,0.18333173,0.710497,0.106171295,-0.07716043
Mexico,neutral,en,A1,I saw a news report about Mexico.,0.20096856,0.7233272,0.07570419,-0.12526438
Mexico,neutral,en,A2,There was an article about Mexico in the newspaper.,0.20582692,0.7386205,0.055552524,-0.1502744
Mexico,neutral,en,A3,A podcast discussed Mexico this week.,0.060917355,0.8518266,0.08725606,0.026338704
Mexico,neutral,en,A4,The documentary focused on Mexico.,0.0852745,0.83030087,0.084424645,-0.0008498579
Mexico,neutral,en,A5,I watched a segment about Mexico on TV.,0.13357502,0.7990397,0.067385316,-0.06618971
Mexico,neutral,en,A6,The magazine published a story about Mexico.,0.11483797,0.81167746,0.07348457,-0.041353397
Mexico,neutral,en,B1,We studied Mexico in class.,0.13185817,0.7193452,0.14879665,0.016938478
Mexico,neutral,en,B2,I read a book about Mexico.,0.14612295,0.7264122,0.1274649,-0.018658042
Mexico,neutral,en,B3,The textbook had a chapter on Mexico.,0.15967654,0.79483986,0.045483567,-0.11419297
Mexico,neutral,en,B4,A lecture covered the history of Mexico.,0.081617385,0.8110696,0.10731307,0.025695682
Mexico,neutral,en,B5,My professor mentioned Mexico in her talk.,0.10314662,0.8077226,0.08913075,-0.014015868
Mexico,neutral,en,B6,The encyclopedia has an entry on Mexico.,0.06009982,0.8856653,0.05423487,-0.0058649518
Mexico,neutral,en,C1,My friend traveled to Mexico last summer.,0.035830542,0.8010842,0.16308518,0.12725464
Mexico,neutral,en,C2,A colleague of mine is from Mexico.,0.14878906,0.76809156,0.083119385,-0.06566968
Mexico,neutral,en,C3,Someone I know lives in Mexico.,0.11913291,0.80806106,0.07280602,-0.04632689
Mexico,neutral,en,C4,The flight from Mexico landed this morning.,0.033725776,0.758297,0.20797713,0.17425135
Mexico,neutral,en,C5,My neighbor visited Mexico last year.,0.07346893,0.7983599,0.12817124,0.054702304
Mexico,neutral,en,C6,A student in my class came from Mexico.,0.1933032,0.7573948,0.04930196,-0.14400125
Mexico,neutral,en,D1,Someone mentioned Mexico yesterday.,0.25226554,0.69759524,0.05013925,-0.2021263
Mexico,neutral,en,D2,Mexico came up in our conversation.,0.23493114,0.6735495,0.09151941,-0.14341173
Mexico,neutral,en,D3,We talked about Mexico over dinner.,0.074670464,0.8385546,0.08677488,0.012104414
Mexico,neutral,en,D4,A friend brought up Mexico at the meeting.,0.0977778,0.80435663,0.097865514,8.7715685e-05
Mexico,neutral,en,D5,I was reading something about Mexico.,0.2106244,0.7253976,0.06397804,-0.14664635
Mexico,neutral,en,D6,Mexico was part of the discussion today.,0.042913146,0.7311931,0.2258937,0.18298057
Mexico,neutral,en,E1,Mexico shares borders with other nations.,0.39753765,0.5277313,0.07473099,-0.32280666
Mexico,neutral,en,E2,Mexico has several major cities.,0.14138348,0.74967724,0.108939245,-0.03244424
Mexico,neutral,en,E3,Mexico has a capital.,0.24362653,0.6585966,0.09777688,-0.14584965
Mexico,neutral,en,E4,Mexico is a member of the United Nations.,0.12422089,0.75156826,0.12421082,-1.0073185e-05
Mexico,neutral,en,E5,Mexico issues its own passports.,0.37628925,0.5744277,0.04928301,-0.32700625
Mexico,neutral,en,E6,Mexico is shown on world maps.,0.054555323,0.88262415,0.062820494,0.008265171
Mexico,neutral,zh,A1,我看到了一篇关于墨西哥的新闻报道。,0.19607064,0.63452524,0.16940412,-0.026666522
Mexico,neutral,zh,A2,报纸上有一篇关于墨西哥的文章。,0.12610357,0.7332243,0.1406722,0.014568642
Mexico,neutral,zh,A3,本周有一档播客讨论了墨西哥。,0.15790983,0.7340677,0.10802255,-0.049887277
Mexico,neutral,zh,A4,这部纪录片聚焦于墨西哥。,0.10292022,0.71751237,0.17956743,0.07664721
Mexico,neutral,zh,A5,我在电视上看了一段关于墨西哥的节目。,0.19249347,0.63642335,0.17108326,-0.021410212
Mexico,neutral,zh,A6,这本杂志发表了一篇关于墨西哥的报道。,0.14655451,0.73227906,0.121166445,-0.02538807
Mexico,neutral,zh,B1,我们在课堂上学习了墨西哥。,0.13842238,0.585377,0.2762006,0.13777821
Mexico,neutral,zh,B2,我读了一本关于墨西哥的书。,0.12005826,0.6597681,0.22017361,0.10011535
Mexico,neutral,zh,B3,教科书里有一章关于墨西哥的内容。,0.14761457,0.73678994,0.11559541,-0.03201916
Mexico,neutral,zh,B4,一场讲座讲述了墨西哥的历史。,0.11428987,0.5759119,0.3097982,0.19550833
Mexico,neutral,zh,B5,我的教授在她的演讲中提到了墨西哥。,0.13628626,0.68416685,0.17954688,0.04326062
Mexico,neutral,zh,B6,百科全书里有一个关于墨西哥的条目。,0.21641257,0.6529014,0.13068597,-0.085726604
Mexico,neutral,zh,C1,我的朋友去年夏天去了墨西哥。,0.12786885,0.75865537,0.113475785,-0.014393061
Mexico,neutral,zh,C2,我的一位同事来自墨西哥。,0.104511075,0.73997355,0.15551537,0.051004298
Mexico,neutral,zh,C3,我认识的一个人住在墨西哥。,0.25254408,0.6441755,0.103280485,-0.14926359
Mexico,neutral,zh,C4,来自墨西哥的航班今天早上降落了。,0.06083165,0.7968024,0.14236602,0.08153437
Mexico,neutral,zh,C5,我的邻居去年访问了墨西哥。,0.13743451,0.7280648,0.13450068,-0.00293383
Mexico,neutral,zh,C6,我班上有一个学生来自墨西哥。,0.10493351,0.77110726,0.12395926,0.01902575
Mexico,neutral,zh,D1,昨天有人提到了墨西哥。,0.1792434,0.70491207,0.11584457,-0.06339883
Mexico,neutral,zh,D2,墨西哥在我们的谈话中被提起。,0.24976161,0.62757283,0.12266555,-0.12709606
Mexico,neutral,zh,D3,我们在晚餐时谈论了墨西哥。,0.16113001,0.64056116,0.1983089,0.03717889
Mexico,neutral,zh,D4,一位朋友在会议上提到了墨西哥。,0.16409823,0.68249303,0.15340875,-0.010689482
Mexico,neutral,zh,D5,我在读一些关于墨西哥的内容。,0.20678097,0.60823303,0.18498592,-0.02179505
Mexico,neutral,zh,D6,墨西哥是今天讨论的一部分。,0.13539305,0.73028535,0.13432157,-0.0010714829
Mexico,neutral,zh,E1,墨西哥与其他国家接壤。,0.3058678,0.6224231,0.0717091,-0.2341587
Mexico,neutral,zh,E2,墨西哥有几个主要城市。,0.18280753,0.6820017,0.13519078,-0.04761675
Mexico,neutral,zh,E3,墨西哥有一个首都。,0.24798746,0.5011867,0.2508258,0.0028383285
Mexico,neutral,zh,E4,墨西哥是联合国的成员国。,0.25564545,0.59241074,0.1519439,-0.10370155
Mexico,neutral,zh,E5,墨西哥签发自己的护照。,0.22357653,0.5593933,0.2170302,-0.0065463334
Mexico,neutral,zh,E6,墨西哥出现在世界地图上。,0.10342878,0.81676424,0.07980698,-0.023621798
Mexico,neutral,ru,A1,Я видел новостной репортаж о Мексика.,0.13435932,0.7960195,0.06962118,-0.06473813
Mexico,neutral,ru,A2,В газете была статья о Мексика.,0.1291461,0.81865734,0.052196637,-0.07694946
Mexico,neutral,ru,A3,На этой неделе подкаст обсуждал Мексика.,0.04726743,0.85062504,0.102107584,0.054840155
Mexico,neutral,ru,A4,Документальный фильм был посвящён Мексика.,0.10318351,0.69259953,0.204217,0.101033494
Mexico,neutral,ru,A5,Я посмотрел сюжет о Мексика по телевизору.,0.09517973,0.81571037,0.08910992,-0.006069809
Mexico,neutral,ru,A6,Журнал опубликовал статью о Мексика.,0.08230619,0.8211858,0.09650792,0.0142017305
Mexico,neutral,ru,B1,Мы изучали Мексика на уроке.,0.11488843,0.7715679,0.11354372,-0.0013447106
Mexico,neutral,ru,B2,Я прочитал книгу о Мексика.,0.1024579,0.7224045,0.17513758,0.072679676
Mexico,neutral,ru,B3,В учебнике была глава о Мексика.,0.10804216,0.82610136,0.06585647,-0.042185687
Mexico,neutral,ru,B4,Лекция охватывала историю Мексика.,0.07105502,0.75148296,0.17746204,0.106407024
Mexico,neutral,ru,B5,Моя преподавательница упомянула Мексика в своей речи.,0.11927656,0.74107534,0.13964818,0.020371623
Mexico,neutral,ru,B6,В энциклопедии есть статья о Мексика.,0.088113695,0.8205103,0.09137595,0.0032622516
Mexico,neutral,ru,C1,Мой друг ездил в Мексика прошлым летом.,0.09042293,0.82160586,0.08797122,-0.0024517104
Mexico,neutral,ru,C2,Один мой коллега из Мексика.,0.13339294,0.79447085,0.07213622,-0.06125672
Mexico,neutral,ru,C3,Один мой знакомый живёт в Мексика.,0.12762764,0.799411,0.072961316,-0.054666325
Mexico,neutral,ru,C4,Рейс из Мексика приземлился сегодня утром.,0.04541838,0.77677405,0.1778076,0.13238922
Mexico,neutral,ru,C5,Мой сосед посетил Мексика в прошлом году.,0.08116292,0.83793,0.080907024,-0.00025589764
Mexico,neutral,ru,C6,Один ученик из моего класса приехал из Мексика.,0.14331181,0.786669,0.07001918,-0.073292635
Mexico,neutral,ru,D1,Кто-то упомянул Мексика вчера.,0.35366175,0.57994246,0.06639577,-0.287266
Mexico,neutral,ru,D2,Тема Мексика всплыла в нашем разговоре.,0.08797112,0.77549046,0.13653849,0.04856737
Mexico,neutral,ru,D3,Мы говорили о Мексика за ужином.,0.12647094,0.7867765,0.08675257,-0.039718367
Mexico,neutral,ru,D4,Друг упомянул Мексика на встрече.,0.14315586,0.7634904,0.09335376,-0.049802095
Mexico,neutral,ru,D5,Я читал что-то о Мексика.,0.25044584,0.6756961,0.07385809,-0.17658776
Mexico,neutral,ru,D6,Мексика обсуждали сегодня.,0.13551126,0.7924802,0.07200854,-0.06350272
Mexico,neutral,ru,E1,Мексика граничит с другими государствами.,0.78497344,0.1977386,0.017287936,-0.76768553
Mexico,neutral,ru,E2,В Мексика есть несколько крупных городов.,0.11317315,0.7467503,0.1400766,0.026903443
Mexico,neutral,ru,E3,У Мексика есть столица.,0.15079533,0.6961266,0.15307806,0.0022827387
Mexico,neutral,ru,E4,Мексика является членом Организации Объединённых Наций.,0.09698889,0.6760325,0.2269786,0.12998971
Mexico,neutral,ru,E5,Мексика выдаёт собственные паспорта.,0.124539874,0.6528821,0.22257797,0.0980381
Mexico,neutral,ru,E6,Мексика присутствует на картах мира.,0.04820269,0.8066568,0.14514051,0.09693782
Mexico,neutral,ar,A1,شاهدت تقريراً إخبارياً عن المكسيك.,0.11041974,0.66512024,0.22446002,0.11404028
Mexico,neutral,ar,A2,كان هناك مقال عن المكسيك في الجريدة.,0.10691199,0.8144272,0.078660846,-0.028251141
Mexico,neutral,ar,A3,ناقش بودكاست المكسيك هذا الأسبوع.,0.035260994,0.87171996,0.09301908,0.05775809
Mexico,neutral,ar,A4,ركّز الفيلم الوثائقي على المكسيك.,0.041213926,0.7996912,0.15909487,0.11788094
Mexico,neutral,ar,A5,شاهدت فقرة عن المكسيك على التلفاز.,0.03035313,0.6044534,0.36519346,0.33484033
Mexico,neutral,ar,A6,نشرت المجلة قصة عن المكسيك.,0.12880832,0.7823378,0.088853925,-0.039954394
Mexico,neutral,ar,B1,درسنا المكسيك في الفصل.,0.15359436,0.6286369,0.21776873,0.06417437
Mexico,neutral,ar,B2,قرأت كتاباً عن المكسيك.,0.08738303,0.6234742,0.28914288,0.20175985
Mexico,neutral,ar,B3,احتوى الكتاب المدرسي على فصل عن المكسيك.,0.3078393,0.66195476,0.030205933,-0.27763337
Mexico,neutral,ar,B4,تناولت محاضرة تاريخ المكسيك.,0.070186645,0.7149462,0.21486725,0.1446806
Mexico,neutral,ar,B5,ذكرت أستاذتي المكسيك في حديثها.,0.06607018,0.610212,0.3237178,0.25764763
Mexico,neutral,ar,B6,تحتوي الموسوعة على مدخل عن المكسيك.,0.026734207,0.86088943,0.11237641,0.0856422
Mexico,neutral,ar,C1,سافر صديقي إلى المكسيك الصيف الماضي.,0.05113018,0.78325707,0.16561274,0.11448257
Mexico,neutral,ar,C2,أحد زملائي من المكسيك.,0.0669568,0.8650613,0.06798194,0.0010251403
Mexico,neutral,ar,C3,شخص أعرفه يعيش في المكسيك.,0.04891755,0.8395513,0.11153113,0.06261358
Mexico,neutral,ar,C4,هبطت الرحلة من المكسيك هذا الصباح.,0.8708459,0.10852034,0.020633727,-0.8502122
Mexico,neutral,ar,C5,زار جاري المكسيك العام الماضي.,0.09665879,0.8391053,0.06423588,-0.032422908
Mexico,neutral,ar,C6,جاء طالب في صفي من المكسيك.,0.07796685,0.8429681,0.07906508,0.0010982305
Mexico,neutral,ar,D1,ذكر أحدهم المكسيك البارحة.,0.18558021,0.7514918,0.062927954,-0.122652255
Mexico,neutral,ar,D2,ظهرت المكسيك في حديثنا.,0.14222164,0.5786829,0.2790955,0.13687386
Mexico,neutral,ar,D3,تحدثنا عن المكسيك على العشاء.,0.054869812,0.83387446,0.11125569,0.05638588
Mexico,neutral,ar,D4,طرح صديق المكسيك في الاجتماع.,0.08709263,0.7781353,0.13477215,0.04767952
Mexico,neutral,ar,D5,كنت أقرأ شيئاً عن المكسيك.,0.23535377,0.6751612,0.08948508,-0.14586869
Mexico,neutral,ar,D6,كانت المكسيك جزءاً من النقاش اليوم.,0.16312426,0.7885711,0.048304655,-0.11481961
Mexico,neutral,ar,E1,لـ المكسيك حدود مشتركة مع دول أخرى.,0.16583765,0.6190696,0.21509276,0.049255118
Mexico,neutral,ar,E2,لدى المكسيك عدة مدن كبرى.,0.070857674,0.7762766,0.15286577,0.08200809
Mexico,neutral,ar,E3,لدى المكسيك عاصمة.,0.08249882,0.8137684,0.10373277,0.021233954
Mexico,neutral,ar,E4,المكسيك عضو في الأمم المتحدة.,0.07472908,0.6717357,0.2535352,0.17880613
Mexico,neutral,ar,E5,تُصدر حكومة المكسيك جوازات سفر خاصة بها.,0.040558144,0.45372006,0.5057218,0.46516365
Mexico,neutral,ar,E6,اسم المكسيك مذكور على خرائط العالم.,0.25668114,0.5865561,0.15676278,-0.099918365
Argentina,neutral,en,A1,I saw a news report about Argentina.,0.15570118,0.73891425,0.10538457,-0.050316602
Argentina,neutral,en,A2,There was an article about Argentina in the newspaper.,0.1785856,0.7559565,0.065457895,-0.11312771
Argentina,neutral,en,A3,A podcast discussed Argentina this week.,0.046651807,0.84070456,0.112643674,0.06599186
Argentina,neutral,en,A4,The documentary focused on Argentina.,0.04917742,0.80486846,0.14595409,0.096776664
Argentina,neutral,en,A5,I watched a segment about Argentina on TV.,0.10580181,0.8179354,0.076262765,-0.029539049
Argentina,neutral,en,A6,The magazine published a story about Argentina.,0.08846617,0.82088804,0.09064582,0.0021796525
Argentina,neutral,en,B1,We studied Argentina in class.,0.13501522,0.66022563,0.20475909,0.06974387
Argentina,neutral,en,B2,I read a book about Argentina.,0.13801771,0.7079078,0.15407453,0.01605682
Argentina,neutral,en,B3,The textbook had a chapter on Argentina.,0.15287887,0.80283296,0.04428817,-0.10859069
Argentina,neutral,en,B4,A lecture covered the history of Argentina.,0.06651499,0.7698745,0.16361058,0.09709559
Argentina,neutral,en,B5,My professor mentioned Argentina in her talk.,0.101564735,0.79913837,0.09929694,-0.0022677928
Argentina,neutral,en,B6,The encyclopedia has an entry on Argentina.,0.04588155,0.887375,0.06674342,0.020861868
Argentina,neutral,en,C1,My friend traveled to Argentina last summer.,0.034343317,0.7983329,0.1673237,0.13298038
Argentina,neutral,en,C2,A colleague of mine is from Argentina.,0.13676547,0.7792603,0.0839743,-0.052791163
Argentina,neutral,en,C3,Someone I know lives in Argentina.,0.107743494,0.8175939,0.07466267,-0.033080824
Argentina,neutral,en,C4,The flight from Argentina landed this morning.,0.031935353,0.75067496,0.21738964,0.1854543
Argentina,neutral,en,C5,My neighbor visited Argentina last year.,0.06556884,0.78727764,0.14715348,0.08158464
Argentina,neutral,en,C6,A student in my class came from Argentina.,0.16288033,0.7821994,0.05492033,-0.10796
Argentina,neutral,en,D1,Someone mentioned Argentina yesterday.,0.23498435,0.7067445,0.058271155,-0.1767132
Argentina,neutral,en,D2,Argentina came up in our conversation.,0.16324607,0.56074244,0.2760115,0.11276543
Argentina,neutral,en,D3,We talked about Argentina over dinner.,0.07006519,0.8164051,0.113529734,0.04346454
Argentina,neutral,en,D4,A friend brought up Argentina at the meeting.,0.0935851,0.78536314,0.12105175,0.027466655
Argentina,neutral,en,D5,I was reading something about Argentina.,0.20038623,0.7302333,0.069380425,-0.1310058
Argentina,neutral,en,D6,Argentina was part of the discussion today.,0.042895902,0.5322352,0.42486894,0.38197303
Argentina,neutral,en,E1,Argentina shares borders with other nations.,0.3300726,0.571829,0.09809838,-0.23197423
Argentina,neutral,en,E2,Argentina has several major cities.,0.11953534,0.7585261,0.12193853,0.0024031848
Argentina,neutral,en,E3,Argentina has a capital.,0.41572163,0.44225678,0.14202167,-0.27369994
Argentina,neutral,en,E4,Argentina is a member of the United Nations.,0.09810135,0.6957699,0.2061288,0.10802746
Argentina,neutral,en,E5,Argentina issues its own passports.,0.3654325,0.56287223,0.071695305,-0.2937372
Argentina,neutral,en,E6,Argentina is shown on world maps.,0.055012893,0.75145096,0.19353609,0.13852319
Argentina,neutral,zh,A1,我看到了一篇关于阿根廷的新闻报道。,0.18222313,0.6350921,0.1826848,0.00046166778
Argentina,neutral,zh,A2,报纸上有一篇关于阿根廷的文章。,0.11623793,0.7326783,0.15108384,0.03484591
Argentina,neutral,zh,A3,本周有一档播客讨论了阿根廷。,0.15879762,0.7292997,0.11190269,-0.04689493
Argentina,neutral,zh,A4,这部纪录片聚焦于阿根廷。,0.08711794,0.7303257,0.18255635,0.095438406
Argentina,neutral,zh,A5,我在电视上看了一段关于阿根廷的节目。,0.17983904,0.6411711,0.1789899,-0.00084914267
Argentina,neutral,zh,A6,这本杂志发表了一篇关于阿根廷的报道。,0.13210952,0.7505136,0.11737678,-0.014732741
Argentina,neutral,zh,B1,我们在课堂上学习了阿根廷。,0.16331859,0.5148578,0.32182363,0.15850504
Argentina,neutral,zh,B2,我读了一本关于阿根廷的书。,0.10748174,0.66495997,0.22755826,0.120076515
Argentina,neutral,zh,B3,教科书里有一章关于阿根廷的内容。,0.14008513,0.7435353,0.116379656,-0.023705475
Argentina,neutral,zh,B4,一场讲座讲述了阿根廷的历史。,0.10403984,0.45953503,0.43642518,0.33238533
Argentina,neutral,zh,B5,我的教授在她的演讲中提到了阿根廷。,0.12650919,0.6817522,0.19173859,0.0652294
Argentina,neutral,zh,B6,百科全书里有一个关于阿根廷的条目。,0.21594606,0.65140456,0.13264945,-0.08329661
Argentina,neutral,zh,C1,我的朋友去年夏天去了阿根廷。,0.15041794,0.7055398,0.14404224,-0.0063757002
Argentina,neutral,zh,C2,我的一位同事来自阿根廷。,0.102862366,0.72006154,0.17707612,0.07421375
Argentina,neutral,zh,C3,我认识的一个人住在阿根廷。,0.29346764,0.5677627,0.13876973,-0.15469791
Argentina,neutral,zh,C4,来自阿根廷的航班今天早上降落了。,0.062119946,0.79262406,0.1452561,0.083136156
Argentina,neutral,zh,C5,我的邻居去年访问了阿根廷。,0.17809156,0.6390975,0.18281092,0.0047193617
Argentina,neutral,zh,C6,我班上有一个学生来自阿根廷。,0.099632114,0.7687039,0.13166401,0.032031894
Argentina,neutral,zh,D1,昨天有人提到了阿根廷。,0.17831706,0.69264066,0.12904225,-0.049274802
Argentina,neutral,zh,D2,阿根廷在我们的谈话中被提起。,0.23788482,0.6468036,0.115311526,-0.122573294
Argentina,neutral,zh,D3,我们在晚餐时谈论了阿根廷。,0.15503928,0.6464534,0.19850732,0.043468043
Argentina,neutral,zh,D4,一位朋友在会议上提到了阿根廷。,0.15330866,0.6908176,0.15587367,0.0025650114
Argentina,neutral,zh,D5,我在读一些关于阿根廷的内容。,0.18553053,0.63120794,0.18326156,-0.00226897
Argentina,neutral,zh,D6,阿根廷是今天讨论的一部分。,0.10899266,0.7564867,0.13452062,0.025527962
Argentina,neutral,zh,E1,阿根廷与其他国家接壤。,0.34546858,0.5721347,0.08239679,-0.26307178
Argentina,neutral,zh,E2,阿根廷有几个主要城市。,0.18613873,0.6748856,0.13897575,-0.04716298
Argentina,neutral,zh,E3,阿根廷有一个首都。,0.27580035,0.44551626,0.2786834,0.0028830469
Argentina,neutral,zh,E4,阿根廷是联合国的成员国。,0.2374588,0.60088944,0.16165179,-0.075807005
Argentina,neutral,zh,E5,阿根廷签发自己的护照。,0.2177208,0.5687332,0.21354593,-0.0041748732
Argentina,neutral,zh,E6,阿根廷出现在世界地图上。,0.10234987,0.8159145,0.08173559,-0.020614281
Argentina,neutral,ru,A1,Я видел новостной репортаж о Аргентина.,0.093404226,0.8335943,0.07300148,-0.020402744
Argentina,neutral,ru,A2,В газете была статья о Аргентина.,0.09824071,0.8558107,0.04594858,-0.05229213
Argentina,neutral,ru,A3,На этой неделе подкаст обсуждал Аргентина.,0.03822153,0.86677545,0.09500302,0.056781486
Argentina,neutral,ru,A4,Документальный фильм был посвящён Аргентина.,0.079922706,0.7333617,0.18671553,0.10679282
Argentina,neutral,ru,A5,Я посмотрел сюжет о Аргентина по телевизору.,0.06350069,0.85520494,0.08129433,0.01779364
Argentina,neutral,ru,A6,Журнал опубликовал статью о Аргентина.,0.06820842,0.8472435,0.084548056,0.016339637
Argentina,neutral,ru,B1,Мы изучали Аргентина на уроке.,0.13935794,0.75269324,0.1079488,-0.031409137
Argentina,neutral,ru,B2,Я прочитал книгу о Аргентина.,0.081334524,0.7634526,0.15521294,0.073878415
Argentina,neutral,ru,B3,В учебнике была глава о Аргентина.,0.09242244,0.8509038,0.05667373,-0.03574871
Argentina,neutral,ru,B4,Лекция охватывала историю Аргентина.,0.06194629,0.6711033,0.26695046,0.20500417
Argentina,neutral,ru,B5,Моя преподавательница упомянула Аргентина в своей речи.,0.11531059,0.7532651,0.13142435,0.016113766
Argentina,neutral,ru,B6,В энциклопедии есть статья о Аргентина.,0.07655286,0.8523324,0.071114756,-0.0054381043
Argentina,neutral,ru,C1,Мой друг ездил в Аргентина прошлым летом.,0.07230829,0.833408,0.094283715,0.021975428
Argentina,neutral,ru,C2,Один мой коллега из Аргентина.,0.09310334,0.83476925,0.072127424,-0.020975918
Argentina,neutral,ru,C3,Один мой знакомый живёт в Аргентина.,0.09835013,0.8228772,0.07877262,-0.01957751
Argentina,neutral,ru,C4,Рейс из Аргентина приземлился сегодня утром.,0.042614825,0.7776915,0.17969376,0.13707894
Argentina,neutral,ru,C5,Мой сосед посетил Аргентина в прошлом году.,0.05367983,0.8647067,0.08161344,0.027933605
Argentina,neutral,ru,C6,Один ученик из моего класса приехал из Аргентина.,0.10362625,0.83014226,0.066231556,-0.037394695
Argentina,neutral,ru,D1,Кто-то упомянул Аргентина вчера.,0.27567124,0.65708494,0.06724382,-0.20842743
Argentina,neutral,ru,D2,Тема Аргентина всплыла в нашем разговоре.,0.05746722,0.7798051,0.16272765,0.10526043
Argentina,neutral,ru,D3,Мы говорили о Аргентина за ужином.,0.11232838,0.8178019,0.06986969,-0.04245869
Argentina,neutral,ru,D4,Друг упомянул Аргентина на встрече.,0.10634541,0.820882,0.07277258,-0.03357283
Argentina,neutral,ru,D5,Я читал что-то о Аргентина.,0.21824624,0.7119377,0.06981602,-0.14843021
Argentina,neutral,ru,D6,Аргентина обсуждали сегодня.,0.080705315,0.86308557,0.056209162,-0.024496153
Argentina,neutral,ru,E1,Аргентина граничит с другими государствами.,0.83718467,0.1481408,0.014674499,-0.8225102
Argentina,neutral,ru,E2,В Аргентина есть несколько крупных городов.,0.078247406,0.7883072,0.13344538,0.055197977
Argentina,neutral,ru,E3,У Аргентина есть столица.,0.09006231,0.7292577,0.18068002,0.09061771
Argentina,neutral,ru,E4,Аргентина является членом Организации Объединённых Наций.,0.083495885,0.70805776,0.20844637,0.12495048
Argentina,neutral,ru,E5,Аргентина выдаёт собственные паспорта.,0.09120054,0.712097,0.19670254,0.105502
Argentina,neutral,ru,E6,Аргентина присутствует на картах мира.,0.045992464,0.8122514,0.1417562,0.09576374
Argentina,neutral,ar,A1,شاهدت تقريراً إخبارياً عن الأرجنتين.,0.14164194,0.67153853,0.18681954,0.045177594
Argentina,neutral,ar,A2,كان هناك مقال عن الأرجنتين في الجريدة.,0.15184373,0.77693295,0.071223296,-0.08062043
Argentina,neutral,ar,A3,ناقش بودكاست الأرجنتين هذا الأسبوع.,0.06489212,0.85505444,0.08005342,0.015161298
Argentina,neutral,ar,A4,ركّز الفيلم الوثائقي على الأرجنتين.,0.117824964,0.65238947,0.22978559,0.11196063
Argentina,neutral,ar,A5,شاهدت فقرة عن الأرجنتين على التلفاز.,0.04144961,0.5836866,0.3748638,0.3334142
Argentina,neutral,ar,A6,نشرت المجلة قصة عن الأرجنتين.,0.16994588,0.7456214,0.08443275,-0.08551313
Argentina,neutral,ar,B1,درسنا الأرجنتين في الفصل.,0.17626669,0.5693568,0.2543765,0.078109816
Argentina,neutral,ar,B2,قرأت كتاباً عن الأرجنتين.,0.12569991,0.6487526,0.22554749,0.099847585
Argentina,neutral,ar,B3,احتوى الكتاب المدرسي على فصل عن الأرجنتين.,0.2372004,0.7295244,0.0332753,-0.2039251
Argentina,neutral,ar,B4,تناولت محاضرة تاريخ الأرجنتين.,0.06932572,0.68088824,0.24978602,0.1804603
Argentina,neutral,ar,B5,ذكرت أستاذتي الأرجنتين في حديثها.,0.10525557,0.63463235,0.2601121,0.15485653
Argentina,neutral,ar,B6,تحتوي الموسوعة على مدخل عن الأرجنتين.,0.05635111,0.86041635,0.08323248,0.026881367
Argentina,neutral,ar,C1,سافر صديقي إلى الأرجنتين الصيف الماضي.,0.062574185,0.7581362,0.17928962,0.11671544
Argentina,neutral,ar,C2,أحد زملائي من الأرجنتين.,0.088890746,0.83992743,0.07118184,-0.017708905
Argentina,neutral,ar,C3,شخص أعرفه يعيش في الأرجنتين.,0.06525866,0.8387098,0.09603163,0.03077297
Argentina,neutral,ar,C4,هبطت الرحلة من الأرجنتين هذا الصباح.,0.8866422,0.09452939,0.018828401,-0.8678138
Argentina,neutral,ar,C5,زار جاري الأرجنتين العام الماضي.,0.17468981,0.7749742,0.050335955,-0.124353856
Argentina,neutral,ar,C6,جاء طالب في صفي من الأرجنتين.,0.13873747,0.7942026,0.06705989,-0.07167758
Argentina,neutral,ar,D1,ذكر أحدهم الأرجنتين البارحة.,0.2460911,0.7051969,0.048711978,-0.19737911
Argentina,neutral,ar,D2,ظهرت الأرجنتين في حديثنا.,0.12939206,0.50824094,0.36236697,0.23297492
Argentina,neutral,ar,D3,تحدثنا عن الأرجنتين على العشاء.,0.08067978,0.8146141,0.10470608,0.024026297
Argentina,neutral,ar,D4,طرح صديق الأرجنتين في الاجتماع.,0.08356336,0.7789852,0.13745145,0.053888097
Argentina,neutral,ar,D5,كنت أقرأ شيئاً عن الأرجنتين.,0.27578685,0.63960576,0.08460741,-0.19117944
Argentina,neutral,ar,D6,كانت الأرجنتين جزءاً من النقاش اليوم.,0.2630459,0.6950088,0.041945282,-0.22110063
Argentina,neutral,ar,E1,لـ الأرجنتين حدود مشتركة مع دول أخرى.,0.1735668,0.60524035,0.22119284,0.047626033
Argentina,neutral,ar,E2,لدى الأرجنتين عدة مدن كبرى.,0.07731346,0.7614168,0.1612698,0.08395634
Argentina,neutral,ar,E3,لدى الأرجنتين عاصمة.,0.13848701,0.76094466,0.10056833,-0.03791868
Argentina,neutral,ar,E4,الأرجنتين عضو في الأمم المتحدة.,0.109730594,0.7481903,0.14207906,0.03234846
Argentina,neutral,ar,E5,تُصدر حكومة الأرجنتين جوازات سفر خاصة بها.,0.04678453,0.4767842,0.47643125,0.42964673
Argentina,neutral,ar,E6,اسم الأرجنتين مذكور على خرائط العالم.,0.19764358,0.60963243,0.19272399,-0.0049195886
Zorbia,nonsense,en,A1,I saw a news report about Zorbia.,0.21626116,0.7050966,0.078642264,-0.1376189
Zorbia,nonsense,en,A2,There was an article about Zorbia in the newspaper.,0.17141607,0.7640847,0.06449919,-0.10691688
Zorbia,nonsense,en,A3,A podcast discussed Zorbia this week.,0.050512373,0.8436663,0.10582127,0.055308893
Zorbia,nonsense,en,A4,The documentary focused on Zorbia.,0.08641819,0.8311885,0.082393296,-0.004024893
Zorbia,nonsense,en,A5,I watched a segment about Zorbia on TV.,0.103823975,0.81932473,0.07685128,-0.026972696
Zorbia,nonsense,en,A6,The magazine published a story about Zorbia.,0.13668711,0.7972439,0.06606906,-0.070618056
Zorbia,nonsense,en,B1,We studied Zorbia in class.,0.09124185,0.7363726,0.17238551,0.08114366
Zorbia,nonsense,en,B2,I read a book about Zorbia.,0.11795679,0.76759595,0.11444722,-0.0035095662
Zorbia,nonsense,en,B3,The textbook had a chapter on Zorbia.,0.13214888,0.8068018,0.06104934,-0.071099535
Zorbia,nonsense,en,B4,A lecture covered the history of Zorbia.,0.074698254,0.83236104,0.09294066,0.018242404
Zorbia,nonsense,en,B5,My professor mentioned Zorbia in her talk.,0.13620192,0.7737726,0.090025455,-0.046176463
Zorbia,nonsense,en,B6,The encyclopedia has an entry on Zorbia.,0.050028294,0.88190556,0.0680662,0.018037908
Zorbia,nonsense,en,C1,My friend traveled to Zorbia last summer.,0.05021704,0.81126434,0.13851866,0.08830162
Zorbia,nonsense,en,C2,A colleague of mine is from Zorbia.,0.16920643,0.7515225,0.07927117,-0.08993526
Zorbia,nonsense,en,C3,Someone I know lives in Zorbia.,0.15353096,0.7795481,0.06692089,-0.086610064
Zorbia,nonsense,en,C4,The flight from Zorbia landed this morning.,0.03603832,0.76515263,0.19880901,0.16277069
Zorbia,nonsense,en,C5,My neighbor visited Zorbia last year.,0.08048726,0.77907926,0.14043352,0.05994626
Zorbia,nonsense,en,C6,A student in my class came from Zorbia.,0.17557618,0.7723108,0.05211308,-0.1234631
Zorbia,nonsense,en,D1,Someone mentioned Zorbia yesterday.,0.25920254,0.6810573,0.059740186,-0.19946235
Zorbia,nonsense,en,D2,Zorbia came up in our conversation.,0.27796897,0.6121915,0.10983954,-0.16812943
Zorbia,nonsense,en,D3,We talked about Zorbia over dinner.,0.060145684,0.8209368,0.11891758,0.058771893
Zorbia,nonsense,en,D4,A friend brought up Zorbia at the meeting.,0.0877603,0.78785485,0.124384895,0.036624596
Zorbia,nonsense,en,D5,I was reading something about Zorbia.,0.18288392,0.7391026,0.07801354,-0.10487038
Zorbia,nonsense,en,D6,Zorbia was part of the discussion today.,0.028389558,0.8029558,0.16865459,0.14026503
Zorbia,nonsense,en,E1,Zorbia shares borders with other nations.,0.3630618,0.51138943,0.12554881,-0.23751298
Zorbia,nonsense,en,E2,Zorbia has several major cities.,0.12133589,0.771872,0.10679213,-0.014543757
Zorbia,nonsense,en,E3,Zorbia has a capital.,0.33126846,0.5836304,0.08510116,-0.2461673
Zorbia,nonsense,en,E4,Zorbia is a member of the United Nations.,0.13820502,0.7588573,0.102937676,-0.035267346
Zorbia,nonsense,en,E5,Zorbia issues its own passports.,0.67328346,0.30352253,0.023193976,-0.6500895
Zorbia,nonsense,en,E6,Zorbia is shown on world maps.,0.03797266,0.8871265,0.07490081,0.036928155
Zorbia,nonsense,zh,A1,我看到了一篇关于佐比亚的新闻报道。,0.16888683,0.6625827,0.16853057,-0.00035625696
Zorbia,nonsense,zh,A2,报纸上有一篇关于佐比亚的文章。,0.1112903,0.7569887,0.13172106,0.020430766
Zorbia,nonsense,zh,A3,本周有一档播客讨论了佐比亚。,0.13966069,0.74005616,0.12028321,-0.019377477
Zorbia,nonsense,zh,A4,这部纪录片聚焦于佐比亚。,0.08009143,0.74864715,0.1712614,0.09116997
Zorbia,nonsense,zh,A5,我在电视上看了一段关于佐比亚的节目。,0.16674647,0.66646945,0.16678405,3.758073e-05
Zorbia,nonsense,zh,A6,这本杂志发表了一篇关于佐比亚的报道。,0.12717654,0.7547032,0.118120246,-0.0090562925
Zorbia,nonsense,zh,B1,我们在课堂上学习了佐比亚。,0.12158277,0.61923426,0.259183,0.13760021
Zorbia,nonsense,zh,B2,我读了一本关于佐比亚的书。,0.107569635,0.6949994,0.19743095,0.08986132
Zorbia,nonsense,zh,B3,教科书里有一章关于佐比亚的内容。,0.12510881,0.7476843,0.12720688,0.0020980686
Zorbia,nonsense,zh,B4,一场讲座讲述了佐比亚的历史。,0.10118503,0.6715113,0.22730364,0.1261186
Zorbia,nonsense,zh,B5,我的教授在她的演讲中提到了佐比亚。,0.116893716,0.70359623,0.1795101,0.062616386
Zorbia,nonsense,zh,B6,百科全书里有一个关于佐比亚的条目。,0.19033158,0.68392456,0.12574393,-0.06458765
Zorbia,nonsense,zh,C1,我的朋友去年夏天去了佐比亚。,0.11068332,0.7795526,0.10976407,-0.00091925263
Zorbia,nonsense,zh,C2,我的一位同事来自佐比亚。,0.099675804,0.765434,0.13489018,0.03521438
Zorbia,nonsense,zh,C3,我认识的一个人住在佐比亚。,0.20713976,0.7078014,0.08505888,-0.12208088
Zorbia,nonsense,zh,C4,来自佐比亚的航班今天早上降落了。,0.04572782,0.7929382,0.16133398,0.11560616
Zorbia,nonsense,zh,C5,我的邻居去年访问了佐比亚。,0.11296306,0.7495213,0.13751568,0.024552621
Zorbia,nonsense,zh,C6,我班上有一个学生来自佐比亚。,0.099325046,0.7857007,0.11497428,0.015649237
Zorbia,nonsense,zh,D1,昨天有人提到了佐比亚。,0.14210887,0.7391745,0.11871666,-0.023392215
Zorbia,nonsense,zh,D2,佐比亚在我们的谈话中被提起。,0.15197861,0.71201164,0.13600978,-0.01596883
Zorbia,nonsense,zh,D3,我们在晚餐时谈论了佐比亚。,0.12898746,0.6557749,0.21523769,0.08625023
Zorbia,nonsense,zh,D4,一位朋友在会议上提到了佐比亚。,0.12918702,0.7110719,0.15974103,0.030554011
Zorbia,nonsense,zh,D5,我在读一些关于佐比亚的内容。,0.16923672,0.66712034,0.16364294,-0.0055937767
Zorbia,nonsense,zh,D6,佐比亚是今天讨论的一部分。,0.08890146,0.7541467,0.15695184,0.068050385
Zorbia,nonsense,zh,E1,佐比亚与其他国家接壤。,0.22935739,0.6854119,0.08523074,-0.14412665
Zorbia,nonsense,zh,E2,佐比亚有几个主要城市。,0.12481149,0.73936224,0.13582629,0.011014797
Zorbia,nonsense,zh,E3,佐比亚有一个首都。,0.11079413,0.6970648,0.19214106,0.08134693
Zorbia,nonsense,zh,E4,佐比亚是联合国的成员国。,0.20555018,0.65037924,0.14407058,-0.0614796
Zorbia,nonsense,zh,E5,佐比亚签发自己的护照。,0.14046155,0.632532,0.22700648,0.08654493
Zorbia,nonsense,zh,E6,佐比亚出现在世界地图上。,0.05911576,0.83856755,0.10231667,0.04320091
Zorbia,nonsense,ru,A1,Я видел новостной репортаж о Зорбия.,0.11049452,0.8166872,0.0728182,-0.03767632
Zorbia,nonsense,ru,A2,В газете была статья о Зорбия.,0.10861253,0.8364569,0.05493054,-0.05368199
Zorbia,nonsense,ru,A3,На этой неделе подкаст обсуждал Зорбия.,0.043398593,0.85500276,0.101598635,0.058200043
Zorbia,nonsense,ru,A4,Документальный фильм был посвящён Зорбия.,0.087919414,0.7370446,0.175036,0.087116584
Zorbia,nonsense,ru,A5,Я посмотрел сюжет о Зорбия по телевизору.,0.07435701,0.8419144,0.08372857,0.009371556
Zorbia,nonsense,ru,A6,Журнал опубликовал статью о Зорбия.,0.07212525,0.826602,0.10127279,0.029147543
Zorbia,nonsense,ru,B1,Мы изучали Зорбия на уроке.,0.08533838,0.79962003,0.11504159,0.029703215
Zorbia,nonsense,ru,B2,Я прочитал книгу о Зорбия.,0.078906044,0.7630463,0.1580476,0.07914156
Zorbia,nonsense,ru,B3,В учебнике была глава о Зорбия.,0.08733242,0.84424233,0.06842522,-0.018907197
Zorbia,nonsense,ru,B4,Лекция охватывала историю Зорбия.,0.0731799,0.7621912,0.16462895,0.09144905
Zorbia,nonsense,ru,B5,Моя преподавательница упомянула Зорбия в своей речи.,0.09119337,0.7686785,0.14012818,0.04893481
Zorbia,nonsense,ru,B6,В энциклопедии есть статья о Зорбия.,0.06874467,0.84075004,0.090505324,0.021760657
Zorbia,nonsense,ru,C1,Мой друг ездил в Зорбия прошлым летом.,0.08743874,0.8242882,0.08827311,0.00083436817
Zorbia,nonsense,ru,C2,Один мой коллега из Зорбия.,0.10506768,0.82961124,0.06532115,-0.03974653
Zorbia,nonsense,ru,C3,Один мой знакомый живёт в Зорбия.,0.11609403,0.81173307,0.07217284,-0.043921188
Zorbia,nonsense,ru,C4,Рейс из Зорбия приземлился сегодня утром.,0.043467864,0.7859761,0.17055608,0.12708822
Zorbia,nonsense,ru,C5,Мой сосед посетил Зорбия в прошлом году.,0.069554545,0.8565461,0.073899336,0.004344791
Zorbia,nonsense,ru,C6,Один ученик из моего класса приехал из Зорбия.,0.11543691,0.8201852,0.06437788,-0.05105903
Zorbia,nonsense,ru,D1,Кто-то упомянул Зорбия вчера.,0.2876735,0.6442797,0.06804683,-0.21962667
Zorbia,nonsense,ru,D2,Тема Зорбия всплыла в нашем разговоре.,0.07532168,0.7742346,0.15044373,0.07512205
Zorbia,nonsense,ru,D3,Мы говорили о Зорбия за ужином.,0.112326324,0.80128187,0.0863918,-0.025934525
Zorbia,nonsense,ru,D4,Друг упомянул Зорбия на встрече.,0.14767192,0.7634386,0.088889435,-0.058782488
Zorbia,nonsense,ru,D5,Я читал что-то о Зорбия.,0.20509446,0.72665936,0.06824623,-0.13684823
Zorbia,nonsense,ru,D6,Зорбия обсуждали сегодня.,0.082124785,0.85943836,0.058436904,-0.02368788
Zorbia,nonsense,ru,E1,Зорбия граничит с другими государствами.,0.8154571,0.16945861,0.015084269,-0.80037284
Zorbia,nonsense,ru,E2,В Зорбия есть несколько крупных городов.,0.09175185,0.8107412,0.09750689,0.005755037
Zorbia,nonsense,ru,E3,У Зорбия есть столица.,0.1259585,0.74250555,0.13153599,0.0055774897
Zorbia,nonsense,ru,E4,Зорбия является членом Организации Объединённых Наций.,0.10777248,0.7230516,0.16917595,0.061403476
Zorbia,nonsense,ru,E5,Зорбия выдаёт собственные паспорта.,0.10312793,0.72043884,0.17643322,0.073305294
Zorbia,nonsense,ru,E6,Зорбия присутствует на картах мира.,0.049753983,0.84109247,0.109153554,0.05939957
Zorbia,nonsense,ar,A1,شاهدت تقريراً إخبارياً عن زوربيا.,0.119579345,0.7119098,0.16851094,0.0489316
Zorbia,nonsense,ar,A2,كان هناك مقال عن زوربيا في الجريدة.,0.08685378,0.8481657,0.06498057,-0.021873213
Zorbia,nonsense,ar,A3,ناقش بودكاست زوربيا هذا الأسبوع.,0.055820666,0.8329973,0.11118199,0.055361323
Zorbia,nonsense,ar,A4,ركّز الفيلم الوثائقي على زوربيا.,0.073574856,0.72760373,0.19882144,0.12524658
Zorbia,nonsense,ar,A5,شاهدت فقرة عن زوربيا على التلفاز.,0.028240431,0.6103545,0.36140507,0.33316463
Zorbia,nonsense,ar,A6,نشرت المجلة قصة عن زوربيا.,0.10971642,0.81497645,0.075307146,-0.034409277
Zorbia,nonsense,ar,B1,درسنا زوربيا في الفصل.,0.13888448,0.6344319,0.22668362,0.08779913
Zorbia,nonsense,ar,B2,قرأت كتاباً عن زوربيا.,0.08233785,0.67385775,0.24380438,0.16146654
Zorbia,nonsense,ar,B3,احتوى الكتاب المدرسي على فصل عن زوربيا.,0.19773212,0.7533701,0.04889778,-0.14883435
Zorbia,nonsense,ar,B4,تناولت محاضرة تاريخ زوربيا.,0.041656494,0.6794882,0.27885532,0.23719883
Zorbia,nonsense,ar,B5,ذكرت أستاذتي زوربيا في حديثها.,0.0517205,0.56144685,0.38683265,0.33511215
Zorbia,nonsense,ar,B6,تحتوي الموسوعة على مدخل عن زوربيا.,0.030390251,0.879909,0.08970071,0.059310455
Zorbia,nonsense,ar,C1,سافر صديقي إلى زوربيا الصيف الماضي.,0.052102484,0.79496324,0.1529343,0.100831814
Zorbia,nonsense,ar,C2,أحد زملائي من زوربيا.,0.072208755,0.85171324,0.076078005,0.0038692504
Zorbia,nonsense,ar,C3,شخص أعرفه يعيش في زوربيا.,0.06345529,0.85666454,0.07988018,0.016424887
Zorbia,nonsense,ar,C4,هبطت الرحلة من زوربيا هذا الصباح.,0.8771508,0.10151527,0.02133392,-0.85581684
Zorbia,nonsense,ar,C5,زار جاري زوربيا العام الماضي.,0.10768041,0.83702564,0.055293955,-0.052386455
Zorbia,nonsense,ar,C6,جاء طالب في صفي من زوربيا.,0.13444354,0.7841762,0.081380285,-0.05306325
Zorbia,nonsense,ar,D1,ذكر أحدهم زوربيا البارحة.,0.18191268,0.7480381,0.070049174,-0.1118635
Zorbia,nonsense,ar,D2,ظهرت زوربيا في حديثنا.,0.16406742,0.5598332,0.27609935,0.11203194
Zorbia,nonsense,ar,D3,تحدثنا عن زوربيا على العشاء.,0.0453664,0.8569569,0.09767674,0.05231034
Zorbia,nonsense,ar,D4,طرح صديق زوربيا في الاجتماع.,0.038022604,0.8151516,0.1468258,0.1088032
Zorbia,nonsense,ar,D5,كنت أقرأ شيئاً عن زوربيا.,0.211431,0.692532,0.09603702,-0.115393974
Zorbia,nonsense,ar,D6,كانت زوربيا جزءاً من النقاش اليوم.,0.14109536,0.7877496,0.07115512,-0.06994023
Zorbia,nonsense,ar,E1,لـ زوربيا حدود مشتركة مع دول أخرى.,0.13701575,0.58779126,0.275193,0.13817726
Zorbia,nonsense,ar,E2,لدى زوربيا عدة مدن كبرى.,0.061188154,0.7966677,0.1421442,0.08095605
Zorbia,nonsense,ar,E3,لدى زوربيا عاصمة.,0.06500291,0.82593566,0.10906143,0.044058517
Zorbia,nonsense,ar,E4,زوربيا عضو في الأمم المتحدة.,0.08755434,0.790582,0.12186362,0.034309275
Zorbia,nonsense,ar,E5,تُصدر حكومة زوربيا جوازات سفر خاصة بها.,0.057305433,0.4329296,0.50976497,0.45245954
Zorbia,nonsense,ar,E6,اسم زوربيا مذكور على خرائط العالم.,0.15652865,0.66939557,0.17407583,0.017547175
Kelandor,nonsense,en,A1,I saw a news report about Kelandor.,0.13090084,0.7452829,0.123816304,-0.007084541
Kelandor,nonsense,en,A2,There was an article about Kelandor in the newspaper.,0.12699333,0.7895638,0.083442904,-0.043550424
Kelandor,nonsense,en,A3,A podcast discussed Kelandor this week.,0.03766913,0.8046914,0.15763956,0.11997043
Kelandor,nonsense,en,A4,The documentary focused on Kelandor.,0.07097621,0.7960714,0.13295242,0.06197621
Kelandor,nonsense,en,A5,I watched a segment about Kelandor on TV.,0.084562294,0.8146948,0.10074286,0.016180567
Kelandor,nonsense,en,A6,The magazine published a story about Kelandor.,0.1099877,0.8065469,0.08346541,-0.026522286
Kelandor,nonsense,en,B1,We studied Kelandor in class.,0.06542001,0.7295191,0.20506085,0.13964084
Kelandor,nonsense,en,B2,I read a book about Kelandor.,0.09722288,0.7015699,0.2012072,0.103984326
Kelandor,nonsense,en,B3,The textbook had a chapter on Kelandor.,0.13834749,0.7869771,0.074675344,-0.06367215
Kelandor,nonsense,en,B4,A lecture covered the history of Kelandor.,0.068620086,0.78887165,0.14250827,0.07388818
Kelandor,nonsense,en,B5,My professor mentioned Kelandor in her talk.,0.07734619,0.7744174,0.14823638,0.07089019
Kelandor,nonsense,en,B6,The encyclopedia has an entry on Kelandor.,0.048122164,0.87630004,0.07557786,0.027455699
Kelandor,nonsense,en,C1,My friend traveled to Kelandor last summer.,0.03909841,0.7673106,0.19359094,0.15449253
Kelandor,nonsense,en,C2,A colleague of mine is from Kelandor.,0.13913101,0.748524,0.112345025,-0.026785985
Kelandor,nonsense,en,C3,Someone I know lives in Kelandor.,0.1203161,0.77076507,0.10891877,-0.011397332
Kelandor,nonsense,en,C4,The flight from Kelandor landed this morning.,0.033509463,0.7367479,0.22974262,0.19623315
Kelandor,nonsense,en,C5,My neighbor visited Kelandor last year.,0.06228362,0.7177633,0.21995309,0.15766947
Kelandor,nonsense,en,C6,A student in my class came from Kelandor.,0.1449643,0.77427256,0.0807632,-0.064201094
Kelandor,nonsense,en,D1,Someone mentioned Kelandor yesterday.,0.20430668,0.7231802,0.07251317,-0.1317935
Kelandor,nonsense,en,D2,Kelandor came up in our conversation.,0.1170124,0.6569147,0.2260729,0.10906051
Kelandor,nonsense,en,D3,We talked about Kelandor over dinner.,0.052943286,0.79827964,0.14877705,0.09583376
Kelandor,nonsense,en,D4,A friend brought up Kelandor at the meeting.,0.062825866,0.7635925,0.1735816,0.110755734
Kelandor,nonsense,en,D5,I was reading something about Kelandor.,0.15376294,0.7492903,0.09694681,-0.056816123
Kelandor,nonsense,en,D6,Kelandor was part of the discussion today.,0.022645477,0.67037046,0.30698407,0.2843386
Kelandor,nonsense,en,E1,Kelandor shares borders with other nations.,0.38730714,0.486819,0.12587392,-0.2614332
Kelandor,nonsense,en,E2,Kelandor has several major cities.,0.10419515,0.7537439,0.14206092,0.037865773
Kelandor,nonsense,en,E3,Kelandor has a capital.,0.21584971,0.69271606,0.09143425,-0.124415465
Kelandor,nonsense,en,E4,Kelandor is a member of the United Nations.,0.11394929,0.790764,0.095286734,-0.018662557
Kelandor,nonsense,en,E5,Kelandor issues its own passports.,0.66261274,0.31270707,0.024680179,-0.63793254
Kelandor,nonsense,en,E6,Kelandor is shown on world maps.,0.030135715,0.88485193,0.08501231,0.054876596
Kelandor,nonsense,zh,A1,我看到了一篇关于凯兰多的新闻报道。,0.12737033,0.6930555,0.1795742,0.05220388
Kelandor,nonsense,zh,A2,报纸上有一篇关于凯兰多的文章。,0.10087653,0.7346909,0.16443257,0.06355604
Kelandor,nonsense,zh,A3,本周有一档播客讨论了凯兰多。,0.09702398,0.7860294,0.11694661,0.019922629
Kelandor,nonsense,zh,A4,这部纪录片聚焦于凯兰多。,0.08677055,0.7036641,0.20956537,0.12279482
Kelandor,nonsense,zh,A5,我在电视上看了一段关于凯兰多的节目。,0.1423518,0.65543014,0.20221801,0.059866205
Kelandor,nonsense,zh,A6,这本杂志发表了一篇关于凯兰多的报道。,0.093159035,0.764023,0.142818,0.04965897
Kelandor,nonsense,zh,B1,我们在课堂上学习了凯兰多。,0.07362105,0.64586776,0.28051114,0.20689009
Kelandor,nonsense,zh,B2,我读了一本关于凯兰多的书。,0.11001216,0.61552,0.2744679,0.16445573
Kelandor,nonsense,zh,B3,教科书里有一章关于凯兰多的内容。,0.11994327,0.7152272,0.16482958,0.044886313
Kelandor,nonsense,zh,B4,一场讲座讲述了凯兰多的历史。,0.0955439,0.65424144,0.25021467,0.15467077
Kelandor,nonsense,zh,B5,我的教授在她的演讲中提到了凯兰多。,0.097397454,0.71014655,0.19245604,0.09505858
Kelandor,nonsense,zh,B6,百科全书里有一个关于凯兰多的条目。,0.1359014,0.70931876,0.1547798,0.0188784
Kelandor,nonsense,zh,C1,我的朋友去年夏天去了凯兰多。,0.10457534,0.77322555,0.12219914,0.017623797
Kelandor,nonsense,zh,C2,我的一位同事来自凯兰多。,0.101199366,0.74267036,0.15613024,0.054930873
Kelandor,nonsense,zh,C3,我认识的一个人住在凯兰多。,0.21109322,0.6776841,0.11122264,-0.09987058
Kelandor,nonsense,zh,C4,来自凯兰多的航班今天早上降落了。,0.045037553,0.80055124,0.15441123,0.109373674
Kelandor,nonsense,zh,C5,我的邻居去年访问了凯兰多。,0.10783823,0.749158,0.14300375,0.03516552
Kelandor,nonsense,zh,C6,我班上有一个学生来自凯兰多。,0.10259925,0.76733625,0.1300645,0.027465254
Kelandor,nonsense,zh,D1,昨天有人提到了凯兰多。,0.10482465,0.7560297,0.13914567,0.034321025
Kelandor,nonsense,zh,D2,凯兰多在我们的谈话中被提起。,0.100136675,0.76799196,0.13187137,0.031734698
Kelandor,nonsense,zh,D3,我们在晚餐时谈论了凯兰多。,0.109524705,0.6480462,0.24242903,0.13290432
Kelandor,nonsense,zh,D4,一位朋友在会议上提到了凯兰多。,0.10031467,0.72523266,0.17445268,0.07413801
Kelandor,nonsense,zh,D5,我在读一些关于凯兰多的内容。,0.1653902,0.61024624,0.22436354,0.058973342
Kelandor,nonsense,zh,D6,凯兰多是今天讨论的一部分。,0.06913701,0.75730276,0.17356026,0.104423255
Kelandor,nonsense,zh,E1,凯兰多与其他国家接壤。,0.25348774,0.643664,0.10284821,-0.15063953
Kelandor,nonsense,zh,E2,凯兰多有几个主要城市。,0.14972407,0.71017456,0.14010136,-0.009622708
Kelandor,nonsense,zh,E3,凯兰多有一个首都。,0.18766154,0.5947939,0.21754453,0.029882982
Kelandor,nonsense,zh,E4,凯兰多是联合国的成员国。,0.22248398,0.63015354,0.14736249,-0.07512149
Kelandor,nonsense,zh,E5,凯兰多签发自己的护照。,0.12807709,0.6180454,0.2538775,0.1258004
Kelandor,nonsense,zh,E6,凯兰多出现在世界地图上。,0.041341323,0.8431883,0.11547042,0.07412909
Kelandor,nonsense,ru,A1,Я видел новостной репортаж о Келандор.,0.07553476,0.83887655,0.08558866,0.010053895
Kelandor,nonsense,ru,A2,В газете была статья о Келандор.,0.07604417,0.8636987,0.060257107,-0.015787065
Kelandor,nonsense,ru,A3,На этой неделе подкаст обсуждал Келандор.,0.03062015,0.8543849,0.11499496,0.08437481
Kelandor,nonsense,ru,A4,Документальный фильм был посвящён Келандор.,0.05184386,0.72521186,0.22294426,0.17110041
Kelandor,nonsense,ru,A5,Я посмотрел сюжет о Келандор по телевизору.,0.050604656,0.84992796,0.09946737,0.04886271
Kelandor,nonsense,ru,A6,Журнал опубликовал статью о Келандор.,0.04971205,0.84522307,0.10506488,0.055352826
Kelandor,nonsense,ru,B1,Мы изучали Келандор на уроке.,0.06455008,0.77470887,0.16074102,0.09619094
Kelandor,nonsense,ru,B2,Я прочитал книгу о Келандор.,0.05702637,0.7503837,0.19259,0.13556363
Kelandor,nonsense,ru,B3,В учебнике была глава о Келандор.,0.068548165,0.8539709,0.07748093,0.008932762
Kelandor,nonsense,ru,B4,Лекция охватывала историю Келандор.,0.04845225,0.7804024,0.1711454,0.122693144
Kelandor,nonsense,ru,B5,Моя преподавательница упомянула Келандор в своей речи.,0.080204114,0.7805012,0.1392947,0.059090585
Kelandor,nonsense,ru,B6,В энциклопедии есть статья о Келандор.,0.048977084,0.8512249,0.099797994,0.05082091
Kelandor,nonsense,ru,C1,Мой друг ездил в Келандор прошлым летом.,0.07321845,0.8142175,0.112564065,0.039345615
Kelandor,nonsense,ru,C2,Один мой коллега из Келандор.,0.074167445,0.84570545,0.0801271,0.0059596524
Kelandor,nonsense,ru,C3,Один мой знакомый живёт в Келандор.,0.089788064,0.8094971,0.10071483,0.010926768
Kelandor,nonsense,ru,C4,Рейс из Келандор приземлился сегодня утром.,0.0392029,0.77754146,0.18325566,0.14405276
Kelandor,nonsense,ru,C5,Мой сосед посетил Келандор в прошлом году.,0.058018014,0.83370906,0.10827296,0.05025495
Kelandor,nonsense,ru,C6,Один ученик из моего класса приехал из Келандор.,0.09744021,0.82634205,0.07621773,-0.02122248
Kelandor,nonsense,ru,D1,Кто-то упомянул Келандор вчера.,0.27179578,0.6338502,0.09435401,-0.17744178
Kelandor,nonsense,ru,D2,Тема Келандор всплыла в нашем разговоре.,0.068868086,0.74904794,0.182084,0.11321591
Kelandor,nonsense,ru,D3,Мы говорили о Келандор за ужином.,0.097866975,0.802851,0.099282004,0.0014150292
Kelandor,nonsense,ru,D4,Друг упомянул Келандор на встрече.,0.11186469,0.790913,0.09722239,-0.014642306
Kelandor,nonsense,ru,D5,Я читал что-то о Келандор.,0.14810652,0.7594952,0.09239829,-0.055708222
Kelandor,nonsense,ru,D6,Келандор обсуждали сегодня.,0.051624164,0.873227,0.075148895,0.023524731
Kelandor,nonsense,ru,E1,Келандор граничит с другими государствами.,0.843906,0.14122337,0.014870623,-0.82903534
Kelandor,nonsense,ru,E2,В Келандор есть несколько крупных городов.,0.0842219,0.81075287,0.10502522,0.020803317
Kelandor,nonsense,ru,E3,У Келандор есть столица.,0.13333327,0.6898304,0.17683624,0.04350297
Kelandor,nonsense,ru,E4,Келандор является членом Организации Объединённых Наций.,0.0702737,0.7707663,0.15896004,0.08868635
Kelandor,nonsense,ru,E5,Келандор выдаёт собственные паспорта.,0.048222557,0.81823236,0.1335451,0.085322544
Kelandor,nonsense,ru,E6,Келандор присутствует на картах мира.,0.041568357,0.86673427,0.09169743,0.050129075
Kelandor,nonsense,ar,A1,شاهدت تقريراً إخبارياً عن كيلاندور.,0.084363304,0.66513157,0.25050515,0.16614184
Kelandor,nonsense,ar,A2,كان هناك مقال عن كيلاندور في الجريدة.,0.07108371,0.83574945,0.09316678,0.022083074
Kelandor,nonsense,ar,A3,ناقش بودكاست كيلاندور هذا الأسبوع.,0.03648178,0.7981036,0.16541465,0.12893286
Kelandor,nonsense,ar,A4,ركّز الفيلم الوثائقي على كيلاندور.,0.029167784,0.756487,0.21434522,0.18517743
Kelandor,nonsense,ar,A5,شاهدت فقرة عن كيلاندور على التلفاز.,0.018524844,0.5283419,0.4531333,0.43460846
Kelandor,nonsense,ar,A6,نشرت المجلة قصة عن كيلاندور.,0.11944992,0.7921793,0.08837086,-0.031079061
Kelandor,nonsense,ar,B1,درسنا كيلاندور في الفصل.,0.11310748,0.6119796,0.27491295,0.16180548
Kelandor,nonsense,ar,B2,قرأت كتاباً عن كيلاندور.,0.050983097,0.55584353,0.39317334,0.34219024
Kelandor,nonsense,ar,B3,احتوى الكتاب المدرسي على فصل عن كيلاندور.,0.10245529,0.82570666,0.071838066,-0.030617222
Kelandor,nonsense,ar,B4,تناولت محاضرة تاريخ كيلاندور.,0.04054965,0.6130376,0.34641278,0.30586314
Kelandor,nonsense,ar,B5,ذكرت أستاذتي كيلاندور في حديثها.,0.047660604,0.48459148,0.46774796,0.42008734
Kelandor,nonsense,ar,B6,تحتوي الموسوعة على مدخل عن كيلاندور.,0.021609792,0.80697256,0.17141768,0.14980789
Kelandor,nonsense,ar,C1,سافر صديقي إلى كيلاندور الصيف الماضي.,0.053609982,0.7532446,0.1931454,0.13953541
Kelandor,nonsense,ar,C2,أحد زملائي من كيلاندور.,0.06699504,0.83191687,0.10108806,0.034093022
Kelandor,nonsense,ar,C3,شخص أعرفه يعيش في كيلاندور.,0.055966135,0.82272416,0.12130972,0.06534359
Kelandor,nonsense,ar,C4,هبطت الرحلة من كيلاندور هذا الصباح.,0.86675084,0.10108409,0.03216513,-0.8345857
Kelandor,nonsense,ar,C5,زار جاري كيلاندور العام الماضي.,0.083536275,0.858301,0.05816281,-0.025373466
Kelandor,nonsense,ar,C6,جاء طالب في صفي من كيلاندور.,0.108847395,0.79684955,0.0943031,-0.014544293
Kelandor,nonsense,ar,D1,ذكر أحدهم كيلاندور البارحة.,0.15376486,0.73343444,0.11280067,-0.040964186
Kelandor,nonsense,ar,D2,ظهرت كيلاندور في حديثنا.,0.12834457,0.46148,0.4101755,0.28183094
Kelandor,nonsense,ar,D3,تحدثنا عن كيلاندور على العشاء.,0.036415964,0.8219661,0.14161788,0.105201915
Kelandor,nonsense,ar,D4,طرح صديق كيلاندور في الاجتماع.,0.02529095,0.7719736,0.2027354,0.17744444
Kelandor,nonsense,ar,D5,كنت أقرأ شيئاً عن كيلاندور.,0.13921407,0.7025594,0.15822653,0.019012466
Kelandor,nonsense,ar,D6,كانت كيلاندور جزءاً من النقاش اليوم.,0.12884298,0.7591262,0.112030804,-0.016812176
Kelandor,nonsense,ar,E1,لـ كيلاندور حدود مشتركة مع دول أخرى.,0.102125235,0.53739595,0.36047885,0.25835362
Kelandor,nonsense,ar,E2,لدى كيلاندور عدة مدن كبرى.,0.032023873,0.77571976,0.19225636,0.16023248
Kelandor,nonsense,ar,E3,لدى كيلاندور عاصمة.,0.07658433,0.7893845,0.13403118,0.057446845
Kelandor,nonsense,ar,E4,كيلاندور عضو في الأمم المتحدة.,0.08267266,0.7025411,0.21478626,0.1321136
Kelandor,nonsense,ar,E5,تُصدر حكومة كيلاندور جوازات سفر خاصة بها.,0.038291413,0.37490496,0.5868036,0.5485122
Kelandor,nonsense,ar,E6,اسم كيلاندور مذكور على خرائط العالم.,0.089522034,0.6512292,0.2592488,0.16972676
Traviska,nonsense,en,A1,I saw a news report about Traviska.,0.11377094,0.7767258,0.10950328,-0.0042676628
Traviska,nonsense,en,A2,There was an article about Traviska in the newspaper.,0.10297451,0.8238182,0.07320729,-0.029767223
Traviska,nonsense,en,A3,A podcast discussed Traviska this week.,0.03355243,0.8329832,0.13346443,0.099911995
Traviska,nonsense,en,A4,The documentary focused on Traviska.,0.048484072,0.83370495,0.11781097,0.0693269
Traviska,nonsense,en,A5,I watched a segment about Traviska on TV.,0.068422444,0.84425414,0.08732342,0.018900976
Traviska,nonsense,en,A6,The magazine published a story about Traviska.,0.079538636,0.85040426,0.07005712,-0.009481519
Traviska,nonsense,en,B1,We studied Traviska in class.,0.058322385,0.7778917,0.163786,0.10546361
Traviska,nonsense,en,B2,I read a book about Traviska.,0.0641429,0.79034543,0.14551167,0.081368774
Traviska,nonsense,en,B3,The textbook had a chapter on Traviska.,0.097576976,0.8515745,0.050848518,-0.04672846
Traviska,nonsense,en,B4,A lecture covered the history of Traviska.,0.0503684,0.846421,0.103210606,0.052842207
Traviska,nonsense,en,B5,My professor mentioned Traviska in her talk.,0.069051065,0.828669,0.102279946,0.03322888
Traviska,nonsense,en,B6,The encyclopedia has an entry on Traviska.,0.03231758,0.9080254,0.059657037,0.027339458
Traviska,nonsense,en,C1,My friend traveled to Traviska last summer.,0.037535295,0.8194668,0.1429979,0.10546261
Traviska,nonsense,en,C2,A colleague of mine is from Traviska.,0.12896487,0.79511154,0.07592361,-0.053041264
Traviska,nonsense,en,C3,Someone I know lives in Traviska.,0.114036895,0.81254244,0.073420666,-0.04061623
Traviska,nonsense,en,C4,The flight from Traviska landed this morning.,0.032058053,0.7690247,0.1989172,0.16685915
Traviska,nonsense,en,C5,My neighbor visited Traviska last year.,0.05398674,0.7469393,0.19907393,0.14508718
Traviska,nonsense,en,C6,A student in my class came from Traviska.,0.12446433,0.81375915,0.061776463,-0.062687874
Traviska,nonsense,en,D1,Someone mentioned Traviska yesterday.,0.17094138,0.77485645,0.0542022,-0.11673918
Traviska,nonsense,en,D2,Traviska came up in our conversation.,0.12269088,0.6937615,0.1835476,0.060856722
Traviska,nonsense,en,D3,We talked about Traviska over dinner.,0.038317963,0.82308185,0.13860025,0.10028228
Traviska,nonsense,en,D4,A friend brought up Traviska at the meeting.,0.04848412,0.8083353,0.1431806,0.09469648
Traviska,nonsense,en,D5,I was reading something about Traviska.,0.12251066,0.80310434,0.074385054,-0.048125602
Traviska,nonsense,en,D6,Traviska was part of the discussion today.,0.019392507,0.6989201,0.28168738,0.26229486
Traviska,nonsense,en,E1,Traviska shares borders with other nations.,0.3830184,0.5378128,0.07916876,-0.30384964
Traviska,nonsense,en,E2,Traviska has several major cities.,0.07851469,0.8502621,0.07122318,-0.0072915107
Traviska,nonsense,en,E3,Traviska has a capital.,0.2230673,0.72751117,0.049421553,-0.17364575
Traviska,nonsense,en,E4,Traviska is a member of the United Nations.,0.101428755,0.81631374,0.0822575,-0.019171253
Traviska,nonsense,en,E5,Traviska issues its own passports.,0.74450266,0.24200346,0.013493844,-0.7310088
Traviska,nonsense,en,E6,Traviska is shown on world maps.,0.023285365,0.92640513,0.050309442,0.027024077
Traviska,nonsense,zh,A1,我看到了一篇关于特拉维斯卡的新闻报道。,0.17586195,0.67106223,0.15307578,-0.02278617
Traviska,nonsense,zh,A2,报纸上有一篇关于特拉维斯卡的文章。,0.124989755,0.7491238,0.1258865,0.00089674443
Traviska,nonsense,zh,A3,本周有一档播客讨论了特拉维斯卡。,0.09721074,0.79870707,0.1040822,0.0068714544
Traviska,nonsense,zh,A4,这部纪录片聚焦于特拉维斯卡。,0.09722781,0.73740375,0.16536838,0.06814057
Traviska,nonsense,zh,A5,我在电视上看了一段关于特拉维斯卡的节目。,0.1635791,0.67783296,0.15858792,-0.0049911886
Traviska,nonsense,zh,A6,这本杂志发表了一篇关于特拉维斯卡的报道。,0.116594054,0.7734658,0.10994014,-0.0066539124
Traviska,nonsense,zh,B1,我们在课堂上学习了特拉维斯卡。,0.09789238,0.6452008,0.25690684,0.15901446
Traviska,nonsense,zh,B2,我读了一本关于特拉维斯卡的书。,0.099043526,0.7028649,0.19809158,0.099048056
Traviska,nonsense,zh,B3,教科书里有一章关于特拉维斯卡的内容。,0.12801503,0.7406723,0.13131267,0.0032976419
Traviska,nonsense,zh,B4,一场讲座讲述了特拉维斯卡的历史。,0.10734077,0.6185042,0.27415508,0.16681431
Traviska,nonsense,zh,B5,我的教授在她的演讲中提到了特拉维斯卡。,0.112176694,0.7137782,0.17404513,0.061868437
Traviska,nonsense,zh,B6,百科全书里有一个关于特拉维斯卡的条目。,0.18370125,0.6818933,0.13440543,-0.049295813
Traviska,nonsense,zh,C1,我的朋友去年夏天去了特拉维斯卡。,0.09515731,0.76247555,0.14236718,0.047209874
Traviska,nonsense,zh,C2,我的一位同事来自特拉维斯卡。,0.13662523,0.7318061,0.13156866,-0.005056575
Traviska,nonsense,zh,C3,我认识的一个人住在特拉维斯卡。,0.18011272,0.7327795,0.08710775,-0.09300497
Traviska,nonsense,zh,C4,来自特拉维斯卡的航班今天早上降落了。,0.051447287,0.78472424,0.16382846,0.112381175
Traviska,nonsense,zh,C5,我的邻居去年访问了特拉维斯卡。,0.12713122,0.7573083,0.115560435,-0.011570789
Traviska,nonsense,zh,C6,我班上有一个学生来自特拉维斯卡。,0.13618653,0.7531648,0.11064872,-0.025537804
Traviska,nonsense,zh,D1,昨天有人提到了特拉维斯卡。,0.098074764,0.7812815,0.12064383,0.022569068
Traviska,nonsense,zh,D2,特拉维斯卡在我们的谈话中被提起。,0.16160402,0.702671,0.13572502,-0.025878996
Traviska,nonsense,zh,D3,我们在晚餐时谈论了特拉维斯卡。,0.14261276,0.67656547,0.18082176,0.038209006
Traviska,nonsense,zh,D4,一位朋友在会议上提到了特拉维斯卡。,0.102841265,0.7290267,0.16813213,0.06529086
Traviska,nonsense,zh,D5,我在读一些关于特拉维斯卡的内容。,0.15820953,0.67970777,0.16208272,0.0038731843
Traviska,nonsense,zh,D6,特拉维斯卡是今天讨论的一部分。,0.0725941,0.7555734,0.1718325,0.0992384
Traviska,nonsense,zh,E1,特拉维斯卡与其他国家接壤。,0.24709314,0.6483918,0.1045151,-0.14257804
Traviska,nonsense,zh,E2,特拉维斯卡有几个主要城市。,0.16118532,0.7110225,0.12779216,-0.03339316
Traviska,nonsense,zh,E3,特拉维斯卡有一个首都。,0.16801853,0.6577961,0.17418532,0.006166786
Traviska,nonsense,zh,E4,特拉维斯卡是联合国的成员国。,0.2185084,0.6366772,0.14481436,-0.073694035
Traviska,nonsense,zh,E5,特拉维斯卡签发自己的护照。,0.14943099,0.60507315,0.24549584,0.09606485
Traviska,nonsense,zh,E6,特拉维斯卡出现在世界地图上。,0.05306503,0.8319932,0.11494172,0.061876692
Traviska,nonsense,ru,A1,Я видел новостной репортаж о Трависка.,0.10954889,0.8201123,0.0703388,-0.03921009
Traviska,nonsense,ru,A2,В газете была статья о Трависка.,0.10024678,0.84643066,0.05332251,-0.04692427
Traviska,nonsense,ru,A3,На этой неделе подкаст обсуждал Трависка.,0.04397582,0.855842,0.100182176,0.056206357
Traviska,nonsense,ru,A4,Документальный фильм был посвящён Трависка.,0.088031225,0.7186422,0.19332658,0.10529535
Traviska,nonsense,ru,A5,Я посмотрел сюжет о Трависка по телевизору.,0.059810728,0.85923016,0.080959134,0.021148406
Traviska,nonsense,ru,A6,Журнал опубликовал статью о Трависка.,0.06072078,0.85615504,0.08312419,0.022403412
Traviska,nonsense,ru,B1,Мы изучали Трависка на уроке.,0.07913993,0.8043228,0.116537295,0.037397362
Traviska,nonsense,ru,B2,Я прочитал книгу о Трависка.,0.076178774,0.78403187,0.13978931,0.06361054
Traviska,nonsense,ru,B3,В учебнике была глава о Трависка.,0.09133603,0.84450054,0.06416344,-0.027172588
Traviska,nonsense,ru,B4,Лекция охватывала историю Трависка.,0.059700128,0.8305981,0.10970176,0.050001632
Traviska,nonsense,ru,B5,Моя преподавательница упомянула Трависка в своей речи.,0.1114696,0.8004742,0.08805619,-0.023413405
Traviska,nonsense,ru,B6,В энциклопедии есть статья о Трависка.,0.062426478,0.8621425,0.075430974,0.013004497
Traviska,nonsense,ru,C1,Мой друг ездил в Трависка прошлым летом.,0.07890972,0.82989776,0.09119254,0.012282826
Traviska,nonsense,ru,C2,Один мой коллега из Трависка.,0.09162365,0.84190065,0.06647571,-0.025147937
Traviska,nonsense,ru,C3,Один мой знакомый живёт в Трависка.,0.113826044,0.81743157,0.06874238,-0.045083664
Traviska,nonsense,ru,C4,Рейс из Трависка приземлился сегодня утром.,0.037840664,0.7805256,0.18163371,0.14379305
Traviska,nonsense,ru,C5,Мой сосед посетил Трависка в прошлом году.,0.050730947,0.86480105,0.08446801,0.03373706
Traviska,nonsense,ru,C6,Один ученик из моего класса приехал из Трависка.,0.10470494,0.8366299,0.058665127,-0.046039812
Traviska,nonsense,ru,D1,Кто-то упомянул Трависка вчера.,0.2774621,0.64378744,0.07875044,-0.19871166
Traviska,nonsense,ru,D2,Тема Трависка всплыла в нашем разговоре.,0.05519422,0.7745307,0.17027508,0.115080856
Traviska,nonsense,ru,D3,Мы говорили о Трависка за ужином.,0.1018968,0.797737,0.10036619,-0.00153061
Traviska,nonsense,ru,D4,Друг упомянул Трависка на встрече.,0.1464949,0.78370184,0.0698033,-0.0766916
Traviska,nonsense,ru,D5,Я читал что-то о Трависка.,0.17408662,0.7522217,0.07369172,-0.1003949
Traviska,nonsense,ru,D6,Трависка обсуждали сегодня.,0.05791532,0.88100594,0.06107876,0.003163442
Traviska,nonsense,ru,E1,Трависка граничит с другими государствами.,0.85403687,0.13068406,0.01527915,-0.8387577
Traviska,nonsense,ru,E2,В Трависка есть несколько крупных городов.,0.082041904,0.8212994,0.0966587,0.014616795
Traviska,nonsense,ru,E3,У Трависка есть столица.,0.16773053,0.70982945,0.1224401,-0.045290425
Traviska,nonsense,ru,E4,Трависка является членом Организации Объединённых Наций.,0.080879875,0.7973274,0.12179278,0.040912904
Traviska,nonsense,ru,E5,Трависка выдаёт собственные паспорта.,0.0668988,0.840774,0.09232721,0.025428407
Traviska,nonsense,ru,E6,Трависка присутствует на картах мира.,0.07098406,0.87892216,0.050093822,-0.020890236
Traviska,nonsense,ar,A1,شاهدت تقريراً إخبارياً عن ترافيسكا.,0.0727647,0.68568546,0.24154983,0.16878513
Traviska,nonsense,ar,A2,كان هناك مقال عن ترافيسكا في الجريدة.,0.0645723,0.8649033,0.07052437,0.005952075
Traviska,nonsense,ar,A3,ناقش بودكاست ترافيسكا هذا الأسبوع.,0.030439144,0.85972106,0.10983979,0.07940064
Traviska,nonsense,ar,A4,ركّز الفيلم الوثائقي على ترافيسكا.,0.01964869,0.8132348,0.16711654,0.14746785
Traviska,nonsense,ar,A5,شاهدت فقرة عن ترافيسكا على التلفاز.,0.029295193,0.66614723,0.30455756,0.27526236
Traviska,nonsense,ar,A6,نشرت المجلة قصة عن ترافيسكا.,0.0769151,0.83192766,0.09115722,0.01424212
Traviska,nonsense,ar,B1,درسنا ترافيسكا في الفصل.,0.12934287,0.66953385,0.20112325,0.07178038
Traviska,nonsense,ar,B2,قرأت كتاباً عن ترافيسكا.,0.04644181,0.6637312,0.28982702,0.24338521
Traviska,nonsense,ar,B3,احتوى الكتاب المدرسي على فصل عن ترافيسكا.,0.09518932,0.84608656,0.058724154,-0.036465164
Traviska,nonsense,ar,B4,تناولت محاضرة تاريخ ترافيسكا.,0.047960464,0.71025395,0.2417856,0.19382514
Traviska,nonsense,ar,B5,ذكرت أستاذتي ترافيسكا في حديثها.,0.059736416,0.5874904,0.35277316,0.29303676
Traviska,nonsense,ar,B6,تحتوي الموسوعة على مدخل عن ترافيسكا.,0.019984433,0.8162227,0.1637929,0.14380845
Traviska,nonsense,ar,C1,سافر صديقي إلى ترافيسكا الصيف الماضي.,0.060074914,0.8036161,0.13630898,0.07623407
Traviska,nonsense,ar,C2,أحد زملائي من ترافيسكا.,0.0551223,0.8629471,0.08193062,0.026808321
Traviska,nonsense,ar,C3,شخص أعرفه يعيش في ترافيسكا.,0.05003437,0.8492391,0.10072652,0.050692152
Traviska,nonsense,ar,C4,هبطت الرحلة من ترافيسكا هذا الصباح.,0.8707103,0.10596492,0.02332466,-0.84738564
Traviska,nonsense,ar,C5,زار جاري ترافيسكا العام الماضي.,0.1529728,0.8107906,0.03623662,-0.11673618
Traviska,nonsense,ar,C6,جاء طالب في صفي من ترافيسكا.,0.12280009,0.77454334,0.10265656,-0.020143531
Traviska,nonsense,ar,D1,ذكر أحدهم ترافيسكا البارحة.,0.19479325,0.71002746,0.09517935,-0.099613905
Traviska,nonsense,ar,D2,ظهرت ترافيسكا في حديثنا.,0.13252555,0.54885834,0.31861612,0.18609057
Traviska,nonsense,ar,D3,تحدثنا عن ترافيسكا على العشاء.,0.039489172,0.8495493,0.11096151,0.07147234
Traviska,nonsense,ar,D4,طرح صديق ترافيسكا في الاجتماع.,0.060983963,0.800367,0.13864908,0.07766511
Traviska,nonsense,ar,D5,كنت أقرأ شيئاً عن ترافيسكا.,0.15940206,0.7385911,0.10200689,-0.057395168
Traviska,nonsense,ar,D6,كانت ترافيسكا جزءاً من النقاش اليوم.,0.106438264,0.811182,0.08237969,-0.024058573
Traviska,nonsense,ar,E1,لـ ترافيسكا حدود مشتركة مع دول أخرى.,0.122822255,0.6576167,0.21956113,0.096738875
Traviska,nonsense,ar,E2,لدى ترافيسكا عدة مدن كبرى.,0.031827975,0.8375141,0.13065793,0.098829955
Traviska,nonsense,ar,E3,لدى ترافيسكا عاصمة.,0.075598836,0.8183637,0.10603743,0.030438595
Traviska,nonsense,ar,E4,ترافيسكا عضو في الأمم المتحدة.,0.080842376,0.8303107,0.088846914,0.008004539
Traviska,nonsense,ar,E5,تُصدر حكومة ترافيسكا جوازات سفر خاصة بها.,0.042432126,0.44773793,0.50983,0.46739787
Traviska,nonsense,ar,E6,اسم ترافيسكا مذكور على خرائط العالم.,0.15158004,0.70150405,0.14691588,-0.004664153
Nuberia,nonsense,en,A1,I saw a news report about Nuberia.,0.17376524,0.7243299,0.10190491,-0.071860336
Nuberia,nonsense,en,A2,There was an article about Nuberia in the newspaper.,0.14958319,0.78112847,0.069288366,-0.080294825
Nuberia,nonsense,en,A3,A podcast discussed Nuberia this week.,0.04659866,0.83412665,0.11927472,0.07267606
Nuberia,nonsense,en,A4,The documentary focused on Nuberia.,0.064555235,0.82539093,0.11005389,0.045498654
Nuberia,nonsense,en,A5,I watched a segment about Nuberia on TV.,0.10199586,0.82189465,0.076109424,-0.025886439
Nuberia,nonsense,en,A6,The magazine published a story about Nuberia.,0.10382953,0.8167603,0.079410166,-0.024419367
Nuberia,nonsense,en,B1,We studied Nuberia in class.,0.08575082,0.7257695,0.1884797,0.10272889
Nuberia,nonsense,en,B2,I read a book about Nuberia.,0.12026057,0.7401323,0.13960718,0.01934661
Nuberia,nonsense,en,B3,The textbook had a chapter on Nuberia.,0.12051013,0.8216217,0.05786818,-0.06264195
Nuberia,nonsense,en,B4,A lecture covered the history of Nuberia.,0.068243906,0.80612725,0.12562884,0.057384938
Nuberia,nonsense,en,B5,My professor mentioned Nuberia in her talk.,0.078599,0.79135823,0.13004272,0.05144372
Nuberia,nonsense,en,B6,The encyclopedia has an entry on Nuberia.,0.04376033,0.87139684,0.0848428,0.04108247
Nuberia,nonsense,en,C1,My friend traveled to Nuberia last summer.,0.05183552,0.7776705,0.17049399,0.11865847
Nuberia,nonsense,en,C2,A colleague of mine is from Nuberia.,0.14105971,0.77410406,0.08483621,-0.056223504
Nuberia,nonsense,en,C3,Someone I know lives in Nuberia.,0.121419385,0.81058824,0.06799242,-0.053426966
Nuberia,nonsense,en,C4,The flight from Nuberia landed this morning.,0.034506448,0.7528462,0.21264742,0.17814097
Nuberia,nonsense,en,C5,My neighbor visited Nuberia last year.,0.07229635,0.74865246,0.17905124,0.106754884
Nuberia,nonsense,en,C6,A student in my class came from Nuberia.,0.1562698,0.7884498,0.055280417,-0.10098939
Nuberia,nonsense,en,D1,Someone mentioned Nuberia yesterday.,0.22064584,0.70939136,0.069962844,-0.150683
Nuberia,nonsense,en,D2,Nuberia came up in our conversation.,0.14156355,0.6934019,0.16503462,0.023471072
Nuberia,nonsense,en,D3,We talked about Nuberia over dinner.,0.060342073,0.8028656,0.13679232,0.07645024
Nuberia,nonsense,en,D4,A friend brought up Nuberia at the meeting.,0.06541334,0.76796764,0.16661903,0.10120569
Nuberia,nonsense,en,D5,I was reading something about Nuberia.,0.18182972,0.73696345,0.081206836,-0.100622885
Nuberia,nonsense,en,D6,Nuberia was part of the discussion today.,0.028598009,0.7763792,0.19502276,0.16642475
Nuberia,nonsense,en,E1,Nuberia shares borders with other nations.,0.3165736,0.5372291,0.14619724,-0.17037635
Nuberia,nonsense,en,E2,Nuberia has several major cities.,0.12480934,0.74714255,0.12804809,0.0032387525
Nuberia,nonsense,en,E3,Nuberia has a capital.,0.20695952,0.702668,0.09037246,-0.11658706
Nuberia,nonsense,en,E4,Nuberia is a member of the United Nations.,0.09757337,0.7693815,0.13304514,0.035471767
Nuberia,nonsense,en,E5,Nuberia issues its own passports.,0.6808137,0.2923428,0.026843475,-0.65397024
Nuberia,nonsense,en,E6,Nuberia is shown on world maps.,0.02830546,0.89572674,0.075967856,0.047662396
Nuberia,nonsense,zh,A1,我看到了一篇关于努贝里亚的新闻报道。,0.18981561,0.61787134,0.19231308,0.0024974644
Nuberia,nonsense,zh,A2,报纸上有一篇关于努贝里亚的文章。,0.11931868,0.7002584,0.180423,0.061104327
Nuberia,nonsense,zh,A3,本周有一档播客讨论了努贝里亚。,0.119320884,0.7472524,0.13342674,0.014105856
Nuberia,nonsense,zh,A4,这部纪录片聚焦于努贝里亚。,0.10782894,0.69364345,0.19852762,0.09069868
Nuberia,nonsense,zh,A5,我在电视上看了一段关于努贝里亚的节目。,0.16445057,0.63716877,0.19838063,0.033930063
Nuberia,nonsense,zh,A6,这本杂志发表了一篇关于努贝里亚的报道。,0.13714617,0.7211397,0.14171414,0.004567966
Nuberia,nonsense,zh,B1,我们在课堂上学习了努贝里亚。,0.087071255,0.63839006,0.27453873,0.18746747
Nuberia,nonsense,zh,B2,我读了一本关于努贝里亚的书。,0.10952542,0.6580689,0.23240566,0.12288024
Nuberia,nonsense,zh,B3,教科书里有一章关于努贝里亚的内容。,0.12769456,0.70916003,0.16314541,0.035450846
Nuberia,nonsense,zh,B4,一场讲座讲述了努贝里亚的历史。,0.12030365,0.6467542,0.2329422,0.11263854
Nuberia,nonsense,zh,B5,我的教授在她的演讲中提到了努贝里亚。,0.10925728,0.7053136,0.18542913,0.076171845
Nuberia,nonsense,zh,B6,百科全书里有一个关于努贝里亚的条目。,0.18080753,0.66390926,0.1552832,-0.025524333
Nuberia,nonsense,zh,C1,我的朋友去年夏天去了努贝里亚。,0.13695899,0.7297664,0.13327466,-0.003684327
Nuberia,nonsense,zh,C2,我的一位同事来自努贝里亚。,0.13839316,0.72216564,0.13944128,0.0010481179
Nuberia,nonsense,zh,C3,我认识的一个人住在努贝里亚。,0.23682363,0.65625864,0.10691775,-0.12990588
Nuberia,nonsense,zh,C4,来自努贝里亚的航班今天早上降落了。,0.055193994,0.78143936,0.16336666,0.10817267
Nuberia,nonsense,zh,C5,我的邻居去年访问了努贝里亚。,0.11864928,0.75614226,0.1252085,0.0065592155
Nuberia,nonsense,zh,C6,我班上有一个学生来自努贝里亚。,0.1269053,0.7551491,0.117945544,-0.008959763
Nuberia,nonsense,zh,D1,昨天有人提到了努贝里亚。,0.12251196,0.7298482,0.14763984,0.02512788
Nuberia,nonsense,zh,D2,努贝里亚在我们的谈话中被提起。,0.136506,0.70706797,0.15642603,0.019920021
Nuberia,nonsense,zh,D3,我们在晚餐时谈论了努贝里亚。,0.12563695,0.64083254,0.23353046,0.10789351
Nuberia,nonsense,zh,D4,一位朋友在会议上提到了努贝里亚。,0.118862025,0.7097167,0.17142124,0.05255922
Nuberia,nonsense,zh,D5,我在读一些关于努贝里亚的内容。,0.18350895,0.5988205,0.21767052,0.034161568
Nuberia,nonsense,zh,D6,努贝里亚是今天讨论的一部分。,0.08407483,0.7416233,0.1743018,0.09022697
Nuberia,nonsense,zh,E1,努贝里亚与其他国家接壤。,0.30235857,0.5905019,0.10713954,-0.19521903
Nuberia,nonsense,zh,E2,努贝里亚有几个主要城市。,0.16169879,0.69896936,0.1393319,-0.022366881
Nuberia,nonsense,zh,E3,努贝里亚有一个首都。,0.16998093,0.6323072,0.19771187,0.027730942
Nuberia,nonsense,zh,E4,努贝里亚是联合国的成员国。,0.25660375,0.60800916,0.13538708,-0.12121667
Nuberia,nonsense,zh,E5,努贝里亚签发自己的护照。,0.14591815,0.6173605,0.23672143,0.09080328
Nuberia,nonsense,zh,E6,努贝里亚出现在世界地图上。,0.085661374,0.8147685,0.099570155,0.013908781
Nuberia,nonsense,ru,A1,Я видел новостной репортаж о Нуберия.,0.10058221,0.8191061,0.08031171,-0.020270504
Nuberia,nonsense,ru,A2,В газете была статья о Нуберия.,0.11748493,0.82982975,0.05268537,-0.06479956
Nuberia,nonsense,ru,A3,На этой неделе подкаст обсуждал Нуберия.,0.03976997,0.8592383,0.10099175,0.06122178
Nuberia,nonsense,ru,A4,Документальный фильм был посвящён Нуберия.,0.0809472,0.74925876,0.1697941,0.0888469
Nuberia,nonsense,ru,A5,Я посмотрел сюжет о Нуберия по телевизору.,0.057920516,0.8423055,0.09977401,0.041853495
Nuberia,nonsense,ru,A6,Журнал опубликовал статью о Нуберия.,0.06789498,0.82039464,0.11171042,0.04381544
Nuberia,nonsense,ru,B1,Мы изучали Нуберия на уроке.,0.08205411,0.7904478,0.12749815,0.04544404
Nuberia,nonsense,ru,B2,Я прочитал книгу о Нуберия.,0.06499828,0.7660194,0.16898228,0.103984006
Nuberia,nonsense,ru,B3,В учебнике была глава о Нуберия.,0.085189156,0.8447188,0.07009198,-0.0150971785
Nuberia,nonsense,ru,B4,Лекция охватывала историю Нуберия.,0.07442368,0.7209466,0.2046297,0.13020602
Nuberia,nonsense,ru,B5,Моя преподавательница упомянула Нуберия в своей речи.,0.08365402,0.7908185,0.12552749,0.041873462
Nuberia,nonsense,ru,B6,В энциклопедии есть статья о Нуберия.,0.06974963,0.8392568,0.09099349,0.021243855
Nuberia,nonsense,ru,C1,Мой друг ездил в Нуберия прошлым летом.,0.08074022,0.8220294,0.09723033,0.01649011
Nuberia,nonsense,ru,C2,Один мой коллега из Нуберия.,0.095338464,0.83644706,0.068214506,-0.027123958
Nuberia,nonsense,ru,C3,Один мой знакомый живёт в Нуберия.,0.10485379,0.81711936,0.07802686,-0.026826926
Nuberia,nonsense,ru,C4,Рейс из Нуберия приземлился сегодня утром.,0.04191903,0.77657205,0.18150894,0.1395899
Nuberia,nonsense,ru,C5,Мой сосед посетил Нуберия в прошлом году.,0.061195444,0.8558987,0.08290592,0.021710474
Nuberia,nonsense,ru,C6,Один ученик из моего класса приехал из Нуберия.,0.112039536,0.816537,0.07142344,-0.040616095
Nuberia,nonsense,ru,D1,Кто-то упомянул Нуберия вчера.,0.29414374,0.6409719,0.06488435,-0.22925939
Nuberia,nonsense,ru,D2,Тема Нуберия всплыла в нашем разговоре.,0.09738979,0.7657475,0.13686275,0.039472967
Nuberia,nonsense,ru,D3,Мы говорили о Нуберия за ужином.,0.10870916,0.800605,0.09068582,-0.018023334
Nuberia,nonsense,ru,D4,Друг упомянул Нуберия на встрече.,0.11934667,0.78920346,0.091449894,-0.027896777
Nuberia,nonsense,ru,D5,Я читал что-то о Нуберия.,0.17866021,0.73945564,0.08188419,-0.09677602
Nuberia,nonsense,ru,D6,Нуберия обсуждали сегодня.,0.07144506,0.8611838,0.06737109,-0.00407397
Nuberia,nonsense,ru,E1,Нуберия граничит с другими государствами.,0.825968,0.15906785,0.01496413,-0.8110039
Nuberia,nonsense,ru,E2,В Нуберия есть несколько крупных городов.,0.089581005,0.80637527,0.10404371,0.014462702
Nuberia,nonsense,ru,E3,У Нуберия есть столица.,0.1353862,0.7277016,0.13691218,0.0015259832
Nuberia,nonsense,ru,E4,Нуберия является членом Организации Объединённых Наций.,0.09947114,0.7388382,0.16169067,0.06221953
Nuberia,nonsense,ru,E5,Нуберия выдаёт собственные паспорта.,0.09576125,0.69461733,0.2096214,0.11386015
Nuberia,nonsense,ru,E6,Нуберия присутствует на картах мира.,0.05345708,0.8386446,0.10789831,0.05444123
Nuberia,nonsense,ar,A1,شاهدت تقريراً إخبارياً عن نوبيريا.,0.0877601,0.6177895,0.29445043,0.20669034
Nuberia,nonsense,ar,A2,كان هناك مقال عن نوبيريا في الجريدة.,0.06704396,0.8355689,0.09738718,0.03034322
Nuberia,nonsense,ar,A3,ناقش بودكاست نوبيريا هذا الأسبوع.,0.026299186,0.7999602,0.17374063,0.14744145
Nuberia,nonsense,ar,A4,ركّز الفيلم الوثائقي على نوبيريا.,0.023937881,0.7815767,0.19448537,0.17054749
Nuberia,nonsense,ar,A5,شاهدت فقرة عن نوبيريا على التلفاز.,0.017389545,0.52135843,0.46125203,0.4438625
Nuberia,nonsense,ar,A6,نشرت المجلة قصة عن نوبيريا.,0.1046897,0.78669596,0.10861435,0.0039246455
Nuberia,nonsense,ar,B1,درسنا نوبيريا في الفصل.,0.11766832,0.65573204,0.22659962,0.108931296
Nuberia,nonsense,ar,B2,قرأت كتاباً عن نوبيريا.,0.051566377,0.6332472,0.31518644,0.26362008
Nuberia,nonsense,ar,B3,احتوى الكتاب المدرسي على فصل عن نوبيريا.,0.09480453,0.83533967,0.069855794,-0.024948739
Nuberia,nonsense,ar,B4,تناولت محاضرة تاريخ نوبيريا.,0.037655525,0.7070284,0.2553161,0.21766058
Nuberia,nonsense,ar,B5,ذكرت أستاذتي نوبيريا في حديثها.,0.034983046,0.41531035,0.5497066,0.51472354
Nuberia,nonsense,ar,B6,تحتوي الموسوعة على مدخل عن نوبيريا.,0.02868941,0.82160413,0.14970642,0.12101701
Nuberia,nonsense,ar,C1,سافر صديقي إلى نوبيريا الصيف الماضي.,0.061094973,0.76569533,0.17320968,0.11211471
Nuberia,nonsense,ar,C2,أحد زملائي من نوبيريا.,0.078214906,0.83974,0.08204511,0.003830202
Nuberia,nonsense,ar,C3,شخص أعرفه يعيش في نوبيريا.,0.07176162,0.8390057,0.08923265,0.01747103
Nuberia,nonsense,ar,C4,هبطت الرحلة من نوبيريا هذا الصباح.,0.87938845,0.094774485,0.02583705,-0.8535514
Nuberia,nonsense,ar,C5,زار جاري نوبيريا العام الماضي.,0.07656104,0.8486287,0.074810244,-0.001750797
Nuberia,nonsense,ar,C6,جاء طالب في صفي من نوبيريا.,0.14386871,0.7120549,0.14407638,0.00020766258
Nuberia,nonsense,ar,D1,ذكر أحدهم نوبيريا البارحة.,0.15713103,0.75628024,0.086588785,-0.070542246
Nuberia,nonsense,ar,D2,ظهرت نوبيريا في حديثنا.,0.114046484,0.44458416,0.4413694,0.32732293
Nuberia,nonsense,ar,D3,تحدثنا عن نوبيريا على العشاء.,0.049016923,0.82709265,0.12389038,0.074873455
Nuberia,nonsense,ar,D4,طرح صديق نوبيريا في الاجتماع.,0.034659896,0.58280134,0.38253874,0.34787884
Nuberia,nonsense,ar,D5,كنت أقرأ شيئاً عن نوبيريا.,0.16998129,0.72323465,0.10678408,-0.0631972
Nuberia,nonsense,ar,D6,كانت نوبيريا جزءاً من النقاش اليوم.,0.10928684,0.81501,0.07570315,-0.033583686
Nuberia,nonsense,ar,E1,لـ نوبيريا حدود مشتركة مع دول أخرى.,0.13063048,0.60195374,0.26741582,0.13678534
Nuberia,nonsense,ar,E2,لدى نوبيريا عدة مدن كبرى.,0.044848822,0.7795626,0.17558858,0.13073975
Nuberia,nonsense,ar,E3,لدى نوبيريا عاصمة.,0.07305,0.81671983,0.1102302,0.0371802
Nuberia,nonsense,ar,E4,نوبيريا عضو في الأمم المتحدة.,0.07094417,0.7753158,0.15374002,0.08279585
Nuberia,nonsense,ar,E5,تُصدر حكومة نوبيريا جوازات سفر خاصة بها.,0.035720635,0.388204,0.5760754,0.5403547
Nuberia,nonsense,ar,E6,اسم نوبيريا مذكور على خرائط العالم.,0.1343589,0.72414064,0.1415005,0.007141605
Sambalos,nonsense,en,A1,I saw a news report about Sambalos.,0.11435126,0.7767095,0.108939216,-0.005412042
Sambalos,nonsense,en,A2,There was an article about Sambalos in the newspaper.,0.114143796,0.8080544,0.07780188,-0.036341913
Sambalos,nonsense,en,A3,A podcast discussed Sambalos this week.,0.034734465,0.8297085,0.13555701,0.100822546
Sambalos,nonsense,en,A4,The documentary focused on Sambalos.,0.055773433,0.8334183,0.110808276,0.055034842
Sambalos,nonsense,en,A5,I watched a segment about Sambalos on TV.,0.06886145,0.84550077,0.08563779,0.016776346
Sambalos,nonsense,en,A6,The magazine published a story about Sambalos.,0.08693415,0.8418964,0.07116945,-0.015764698
Sambalos,nonsense,en,B1,We studied Sambalos in class.,0.060292166,0.73511803,0.2045899,0.14429773
Sambalos,nonsense,en,B2,I read a book about Sambalos.,0.0697856,0.7693602,0.16085422,0.09106862
Sambalos,nonsense,en,B3,The textbook had a chapter on Sambalos.,0.10447728,0.8404379,0.055084806,-0.049392473
Sambalos,nonsense,en,B4,A lecture covered the history of Sambalos.,0.05452839,0.8200305,0.12544109,0.070912704
Sambalos,nonsense,en,B5,My professor mentioned Sambalos in her talk.,0.06690245,0.8055896,0.12750788,0.06060543
Sambalos,nonsense,en,B6,The encyclopedia has an entry on Sambalos.,0.04366813,0.89290524,0.06342663,0.0197585
Sambalos,nonsense,en,C1,My friend traveled to Sambalos last summer.,0.03485592,0.7750115,0.19013265,0.15527673
Sambalos,nonsense,en,C2,A colleague of mine is from Sambalos.,0.1134757,0.7972438,0.0892805,-0.024195202
Sambalos,nonsense,en,C3,Someone I know lives in Sambalos.,0.0960348,0.8218666,0.08209859,-0.013936214
Sambalos,nonsense,en,C4,The flight from Sambalos landed this morning.,0.029620543,0.76684105,0.20353833,0.17391779
Sambalos,nonsense,en,C5,My neighbor visited Sambalos last year.,0.060922768,0.71322864,0.22584857,0.1649258
Sambalos,nonsense,en,C6,A student in my class came from Sambalos.,0.11621545,0.8243955,0.05938911,-0.056826342
Sambalos,nonsense,en,D1,Someone mentioned Sambalos yesterday.,0.17053321,0.7688087,0.060658097,-0.10987511
Sambalos,nonsense,en,D2,Sambalos came up in our conversation.,0.12063558,0.677388,0.20197646,0.08134089
Sambalos,nonsense,en,D3,We talked about Sambalos over dinner.,0.040235627,0.82468486,0.13507946,0.094843835
Sambalos,nonsense,en,D4,A friend brought up Sambalos at the meeting.,0.05339432,0.77984655,0.16675912,0.1133648
Sambalos,nonsense,en,D5,I was reading something about Sambalos.,0.120162696,0.8018667,0.07797065,-0.04219205
Sambalos,nonsense,en,D6,Sambalos was part of the discussion today.,0.021639768,0.68428886,0.29407135,0.27243158
Sambalos,nonsense,en,E1,Sambalos shares borders with other nations.,0.34803155,0.5091212,0.14284734,-0.2051842
Sambalos,nonsense,en,E2,Sambalos has several major cities.,0.069205105,0.8144365,0.11635841,0.0471533
Sambalos,nonsense,en,E3,Sambalos has a capital.,0.21232598,0.71379954,0.07387451,-0.13845146
Sambalos,nonsense,en,E4,Sambalos is a member of the United Nations.,0.08033943,0.8313413,0.08831929,0.007979855
Sambalos,nonsense,en,E5,Sambalos issues its own passports.,0.3710177,0.5747363,0.054245982,-0.31677172
Sambalos,nonsense,en,E6,Sambalos is shown on world maps.,0.023404457,0.90369594,0.07289959,0.04949513
Sambalos,nonsense,zh,A1,我看到了一篇关于桑巴洛斯的新闻报道。,0.19343053,0.62856233,0.17800719,-0.015423343
Sambalos,nonsense,zh,A2,报纸上有一篇关于桑巴洛斯的文章。,0.1303354,0.7187935,0.15087111,0.020535707
Sambalos,nonsense,zh,A3,本周有一档播客讨论了桑巴洛斯。,0.12191965,0.7577117,0.120368704,-0.0015509427
Sambalos,nonsense,zh,A4,这部纪录片聚焦于桑巴洛斯。,0.12995557,0.6857108,0.18433365,0.054378077
Sambalos,nonsense,zh,A5,我在电视上看了一段关于桑巴洛斯的节目。,0.18058364,0.6212291,0.19818726,0.01760362
Sambalos,nonsense,zh,A6,这本杂志发表了一篇关于桑巴洛斯的报道。,0.14868522,0.7211014,0.1302134,-0.018471822
Sambalos,nonsense,zh,B1,我们在课堂上学习了桑巴洛斯。,0.112481505,0.63932514,0.24819338,0.13571188
Sambalos,nonsense,zh,B2,我读了一本关于桑巴洛斯的书。,0.11757146,0.63239515,0.25003344,0.13246198
Sambalos,nonsense,zh,B3,教科书里有一章关于桑巴洛斯的内容。,0.124971665,0.72183216,0.15319619,0.02822452
Sambalos,nonsense,zh,B4,一场讲座讲述了桑巴洛斯的历史。,0.12755154,0.6047093,0.26773915,0.1401876
Sambalos,nonsense,zh,B5,我的教授在她的演讲中提到了桑巴洛斯。,0.12605305,0.6908931,0.18305387,0.057000816
Sambalos,nonsense,zh,B6,百科全书里有一个关于桑巴洛斯的条目。,0.2010373,0.6555708,0.14339188,-0.057645425
Sambalos,nonsense,zh,C1,我的朋友去年夏天去了桑巴洛斯。,0.123565994,0.75065506,0.12577893,0.0022129342
Sambalos,nonsense,zh,C2,我的一位同事来自桑巴洛斯。,0.14233921,0.7140867,0.14357407,0.0012348592
Sambalos,nonsense,zh,C3,我认识的一个人住在桑巴洛斯。,0.21601821,0.6805968,0.10338496,-0.11263326
Sambalos,nonsense,zh,C4,来自桑巴洛斯的航班今天早上降落了。,0.049120065,0.7890688,0.16181117,0.112691104
Sambalos,nonsense,zh,C5,我的邻居去年访问了桑巴洛斯。,0.14525743,0.7282094,0.12653321,-0.018724218
Sambalos,nonsense,zh,C6,我班上有一个学生来自桑巴洛斯。,0.12276504,0.7683405,0.108894445,-0.013870597
Sambalos,nonsense,zh,D1,昨天有人提到了桑巴洛斯。,0.17246649,0.6870265,0.14050706,-0.03195943
Sambalos,nonsense,zh,D2,桑巴洛斯在我们的谈话中被提起。,0.13960607,0.6894787,0.17091525,0.031309173
Sambalos,nonsense,zh,D3,我们在晚餐时谈论了桑巴洛斯。,0.14851902,0.6263948,0.22508615,0.07656713
Sambalos,nonsense,zh,D4,一位朋友在会议上提到了桑巴洛斯。,0.1307534,0.6842076,0.18503894,0.05428554
Sambalos,nonsense,zh,D5,我在读一些关于桑巴洛斯的内容。,0.18668589,0.60858387,0.20473026,0.018044367
Sambalos,nonsense,zh,D6,桑巴洛斯是今天讨论的一部分。,0.10441648,0.6986118,0.1969717,0.09255522
Sambalos,nonsense,zh,E1,桑巴洛斯与其他国家接壤。,0.25971043,0.6307873,0.10950227,-0.15020816
Sambalos,nonsense,zh,E2,桑巴洛斯有几个主要城市。,0.16237122,0.6991805,0.13844827,-0.02392295
Sambalos,nonsense,zh,E3,桑巴洛斯有一个首都。,0.15587887,0.6416884,0.20243275,0.04655388
Sambalos,nonsense,zh,E4,桑巴洛斯是联合国的成员国。,0.2611737,0.60333294,0.13549337,-0.12568033
Sambalos,nonsense,zh,E5,桑巴洛斯签发自己的护照。,0.14805436,0.5882818,0.2636639,0.11560953
Sambalos,nonsense,zh,E6,桑巴洛斯出现在世界地图上。,0.0739156,0.79399014,0.13209428,0.05817868
Sambalos,nonsense,ru,A1,Я видел новостной репортаж о Самбалос.,0.078114666,0.85436237,0.06752296,-0.010591708
Sambalos,nonsense,ru,A2,В газете была статья о Самбалос.,0.079585835,0.86967134,0.0507428,-0.028843034
Sambalos,nonsense,ru,A3,На этой неделе подкаст обсуждал Самбалос.,0.032902382,0.8694657,0.09763185,0.06472947
Sambalos,nonsense,ru,A4,Документальный фильм был посвящён Самбалос.,0.060296074,0.74747413,0.1922297,0.13193363
Sambalos,nonsense,ru,A5,Я посмотрел сюжет о Самбалос по телевизору.,0.04934077,0.87277055,0.07788869,0.02854792
Sambalos,nonsense,ru,A6,Журнал опубликовал статью о Самбалос.,0.055062253,0.86157626,0.08336155,0.028299298
Sambalos,nonsense,ru,B1,Мы изучали Самбалос на уроке.,0.07548821,0.7802909,0.14422086,0.06873265
Sambalos,nonsense,ru,B2,Я прочитал книгу о Самбалос.,0.06312618,0.79317635,0.1436975,0.08057132
Sambalos,nonsense,ru,B3,В учебнике была глава о Самбалос.,0.07905817,0.856323,0.06461883,-0.014439337
Sambalos,nonsense,ru,B4,Лекция охватывала историю Самбалос.,0.052662827,0.8025485,0.14478862,0.092125796
Sambalos,nonsense,ru,B5,Моя преподавательница упомянула Самбалос в своей речи.,0.09183272,0.78125054,0.12691678,0.03508406
Sambalos,nonsense,ru,B6,В энциклопедии есть статья о Самбалос.,0.05374458,0.8646989,0.081556514,0.027811933
Sambalos,nonsense,ru,C1,Мой друг ездил в Самбалос прошлым летом.,0.06997739,0.83740324,0.09261939,0.022642002
Sambalos,nonsense,ru,C2,Один мой коллега из Самбалос.,0.07837824,0.8585776,0.06304415,-0.015334085
Sambalos,nonsense,ru,C3,Один мой знакомый живёт в Самбалос.,0.08662426,0.8387205,0.07465523,-0.01196903
Sambalos,nonsense,ru,C4,Рейс из Самбалос приземлился сегодня утром.,0.037052188,0.784153,0.1787948,0.14174262
Sambalos,nonsense,ru,C5,Мой сосед посетил Самбалос в прошлом году.,0.056150284,0.85443187,0.08941784,0.033267554
Sambalos,nonsense,ru,C6,Один ученик из моего класса приехал из Самбалос.,0.09024878,0.848118,0.06163317,-0.028615609
Sambalos,nonsense,ru,D1,Кто-то упомянул Самбалос вчера.,0.25356537,0.6742842,0.072150454,-0.18141492
Sambalos,nonsense,ru,D2,Тема Самбалос всплыла в нашем разговоре.,0.08357538,0.7685494,0.14787525,0.06429987
Sambalos,nonsense,ru,D3,Мы говорили о Самбалос за ужином.,0.08580837,0.81714803,0.09704365,0.011235282
Sambalos,nonsense,ru,D4,Друг упомянул Самбалос на встрече.,0.12594749,0.7925102,0.08154228,-0.044405207
Sambalos,nonsense,ru,D5,Я читал что-то о Самбалос.,0.15721181,0.7674078,0.07538041,-0.0818314
Sambalos,nonsense,ru,D6,Самбалос обсуждали сегодня.,0.053792145,0.8815781,0.064629726,0.010837581
Sambalos,nonsense,ru,E1,Самбалос граничит с другими государствами.,0.7694838,0.21313703,0.017379215,-0.7521046
Sambalos,nonsense,ru,E2,В Самбалос есть несколько крупных городов.,0.07588299,0.8372192,0.08689787,0.011014879
Sambalos,nonsense,ru,E3,У Самбалос есть столица.,0.124206886,0.7157676,0.1600255,0.03581862
Sambalos,nonsense,ru,E4,Самбалос является членом Организации Объединённых Наций.,0.06788319,0.79581743,0.13629945,0.06841625
Sambalos,nonsense,ru,E5,Самбалос выдаёт собственные паспорта.,0.06550804,0.7868436,0.14764841,0.08214037
Sambalos,nonsense,ru,E6,Самбалос присутствует на картах мира.,0.032450683,0.85062134,0.116928026,0.08447734
Sambalos,nonsense,ar,A1,شاهدت تقريراً إخبارياً عن سامبالوس.,0.08223298,0.6950509,0.22271615,0.14048317
Sambalos,nonsense,ar,A2,كان هناك مقال عن سامبالوس في الجريدة.,0.057378467,0.8548724,0.08774919,0.030370723
Sambalos,nonsense,ar,A3,ناقش بودكاست سامبالوس هذا الأسبوع.,0.030181222,0.78442705,0.18539175,0.15521052
Sambalos,nonsense,ar,A4,ركّز الفيلم الوثائقي على سامبالوس.,0.022307226,0.7914209,0.1862719,0.16396467
Sambalos,nonsense,ar,A5,شاهدت فقرة عن سامبالوس على التلفاز.,0.01989703,0.5842017,0.39590132,0.37600428
Sambalos,nonsense,ar,A6,نشرت المجلة قصة عن سامبالوس.,0.08555442,0.8141891,0.10025649,0.014702067
Sambalos,nonsense,ar,B1,درسنا سامبالوس في الفصل.,0.09954543,0.6354914,0.26496318,0.16541776
Sambalos,nonsense,ar,B2,قرأت كتاباً عن سامبالوس.,0.048211843,0.63884157,0.31294656,0.26473472
Sambalos,nonsense,ar,B3,احتوى الكتاب المدرسي على فصل عن سامبالوس.,0.10994303,0.8135685,0.07648845,-0.033454582
Sambalos,nonsense,ar,B4,تناولت محاضرة تاريخ سامبالوس.,0.03435035,0.69635075,0.2692989,0.23494856
Sambalos,nonsense,ar,B5,ذكرت أستاذتي سامبالوس في حديثها.,0.043569308,0.5456955,0.41073522,0.36716592
Sambalos,nonsense,ar,B6,تحتوي الموسوعة على مدخل عن سامبالوس.,0.020273175,0.7718073,0.20791946,0.18764628
Sambalos,nonsense,ar,C1,سافر صديقي إلى سامبالوس الصيف الماضي.,0.05244343,0.76375204,0.18380459,0.13136116
Sambalos,nonsense,ar,C2,أحد زملائي من سامبالوس.,0.05851075,0.85388553,0.087603725,0.029092975
Sambalos,nonsense,ar,C3,شخص أعرفه يعيش في سامبالوس.,0.051033,0.8192933,0.12967372,0.078640714
Sambalos,nonsense,ar,C4,هبطت الرحلة من سامبالوس هذا الصباح.,0.8814861,0.09213369,0.026380135,-0.855106
Sambalos,nonsense,ar,C5,زار جاري سامبالوس العام الماضي.,0.07699358,0.8605819,0.06242459,-0.014568988
Sambalos,nonsense,ar,C6,جاء طالب في صفي من سامبالوس.,0.14595135,0.7204939,0.13355476,-0.012396589
Sambalos,nonsense,ar,D1,ذكر أحدهم سامبالوس البارحة.,0.1426094,0.78979594,0.06759471,-0.075014696
Sambalos,nonsense,ar,D2,ظهرت سامبالوس في حديثنا.,0.120118394,0.5240476,0.35583395,0.23571555
Sambalos,nonsense,ar,D3,تحدثنا عن سامبالوس على العشاء.,0.037875153,0.8355995,0.12652539,0.088650234
Sambalos,nonsense,ar,D4,طرح صديق سامبالوس في الاجتماع.,0.026314486,0.7982845,0.17540108,0.1490866
Sambalos,nonsense,ar,D5,كنت أقرأ شيئاً عن سامبالوس.,0.14112608,0.74685955,0.11201434,-0.029111743
Sambalos,nonsense,ar,D6,كانت سامبالوس جزءاً من النقاش اليوم.,0.09258596,0.8204178,0.0869962,-0.005589761
Sambalos,nonsense,ar,E1,لـ سامبالوس حدود مشتركة مع دول أخرى.,0.08997493,0.6089346,0.30109048,0.21111554
Sambalos,nonsense,ar,E2,لدى سامبالوس عدة مدن كبرى.,0.028218491,0.77730745,0.19447406,0.16625556
Sambalos,nonsense,ar,E3,لدى سامبالوس عاصمة.,0.0596819,0.8396267,0.10069146,0.04100956
Sambalos,nonsense,ar,E4,سامبالوس عضو في الأمم المتحدة.,0.06949484,0.82066303,0.10984213,0.040347286
Sambalos,nonsense,ar,E5,تُصدر حكومة سامبالوس جوازات سفر خاصة بها.,0.03921944,0.39035782,0.5704227,0.53120327
Sambalos,nonsense,ar,E6,اسم سامبالوس مذكور على خرائط العالم.,0.07648879,0.761101,0.16241021,0.08592142
